{
"type": "FeatureCollection",
"name": "red_viaria_osm",
"xy_coordinate_resolution": 1e-06,
"features": [
{ "type": "Feature", "properties": { "osm_id": 7697974, "highway": "secondary", "surface": "asphalt", "name": "Via Molassana", "paved": true }, "geometry": { "type": "LineString", "coordinates": [ [ 8.975719, 44.452211 ], [ 8.975462, 44.452095 ], [ 8.975403, 44.452057 ] ] } },
{ "type": "Feature", "properties": { "osm_id": 8067132, "highway": "primary", "surface": "asphalt", "name": "Via Gelasio Adamoli", "paved": true }, "geometry": { "type": "LineString", "coordinates": [ [ 8.972225, 44.448111 ], [ 8.97288, 44.448668 ], [ 8.973687, 44.449329 ], [ 8.974839, 44.450207 ], [ 8.975984, 44.451046 ], [ 8.976716, 44.451504 ], [ 8.977326, 44.451815 ], [ 8.978102, 44.452163 ], [ 8.978672, 44.452371 ], [ 8.97927, 44.45257 ], [ 8.979607, 44.45266 ] ] } },
{ "type": "Feature", "properties": { "osm_id": 9218637, "highway": "trunk", "surface": "asphalt", "name": "Strada statale 225 della Fontanabuona", "paved": true }, "geometry": { "type": "LineString", "coordinates": [ [ 9.115908, 44.434514 ], [ 9.092771, 44.442103 ] ] } },
{ "type": "Feature", "properties": { "osm_id": 9218646, "highway": "trunk", "surface": "asphalt", "name": "Strada statale 225 della Fontanabuona", "paved": true }, "geometry": { "type": "LineString", "coordinates": [ [ 9.092518, 44.442179 ], [ 9.092149, 44.442353 ], [ 9.091914, 44.442471 ], [ 9.091823, 44.442542 ] ] } },
{ "type": "Feature", "properties": { "osm_id": 9220214, "highway": "primary", "surface": "", "name": "Strada statale 225 della Fontanabuona", "paved": true }, "geometry": { "type": "LineString", "coordinates": [ [ 9.216102, 44.417522 ], [ 9.215614, 44.417608 ] ] } },
{ "type": "Feature", "properties": { "osm_id": 9220279, "highway": "primary", "surface": "asphalt", "name": "Strada statale 225 della Fontanabuona", "paved": true }, "geometry": { "type": "LineString", "coordinates": [ [ 9.214398, 44.417842 ], [ 9.213757, 44.41797 ], [ 9.213544, 44.418021 ], [ 9.213385, 44.418077 ], [ 9.213036, 44.418225 ], [ 9.211389, 44.418996 ] ] } },
{ "type": "Feature", "properties": { "osm_id": 9944551, "highway": "secondary", "surface": "asphalt", "name": "Via di Creto", "paved": true }, "geometry": { "type": "LineString", "coordinates": [ [ 9.011812, 44.460851 ], [ 9.012584, 44.460561 ], [ 9.012713, 44.460507 ], [ 9.012751, 44.460476 ], [ 9.01278, 44.46043 ], [ 9.012792, 44.460378 ], [ 9.01278, 44.460323 ], [ 9.012746, 44.460277 ], [ 9.012717, 44.460258 ], [ 9.012642, 44.460222 ], [ 9.012239, 44.460063 ], [ 9.012105, 44.46 ], [ 9.012023, 44.459946 ], [ 9.011438, 44.459427 ], [ 9.01131, 44.459324 ], [ 9.011199, 44.459261 ], [ 9.011089, 44.459223 ], [ 9.011003, 44.459199 ], [ 9.010908, 44.459158 ], [ 9.01084, 44.459115 ], [ 9.010759, 44.459043 ], [ 9.010684, 44.458953 ], [ 9.010551, 44.458746 ], [ 9.01051, 44.458692 ], [ 9.010468, 44.458647 ], [ 9.010395, 44.4586 ], [ 9.009832, 44.45827 ], [ 9.009778, 44.458238 ], [ 9.009729, 44.458197 ], [ 9.00969, 44.458128 ], [ 9.009665, 44.457983 ], [ 9.009628, 44.457861 ], [ 9.009564, 44.457741 ], [ 9.009346, 44.457446 ], [ 9.009194, 44.457275 ], [ 9.009082, 44.45719 ], [ 9.00897, 44.457132 ], [ 9.008291, 44.456896 ], [ 9.00821, 44.456853 ], [ 9.007915, 44.456662 ], [ 9.00784, 44.456626 ], [ 9.007747, 44.456602 ], [ 9.007678, 44.456591 ], [ 9.007608, 44.456589 ], [ 9.007553, 44.456593 ], [ 9.007494, 44.456606 ], [ 9.00744, 44.456626 ], [ 9.007249, 44.456733 ], [ 9.007207, 44.456748 ], [ 9.007151, 44.456756 ], [ 9.007096, 44.456756 ], [ 9.007034, 44.456749 ], [ 9.006981, 44.456736 ], [ 9.006894, 44.456684 ], [ 9.006687, 44.45647 ], [ 9.006619, 44.456415 ], [ 9.006324, 44.45621 ], [ 9.006266, 44.456157 ], [ 9.006205, 44.456089 ], [ 9.006051, 44.455888 ], [ 9.005592, 44.455466 ], [ 9.005299, 44.455256 ] ] } },
{ "type": "Feature", "properties": { "osm_id": 15529551, "highway": "secondary", "surface": "asphalt", "name": "Via Ventitre Settembre", "paved": true }, "geometry": { "type": "LineString", "coordinates": [ [ 9.185596, 44.429153 ], [ 9.185739, 44.428729 ] ] } },
{ "type": "Feature", "properties": { "osm_id": 16721448, "highway": "residential", "surface": "", "name": "Via Giulia de Vincenzi", "paved": true }, "geometry": { "type": "MultiLineString", "coordinates": [ [ [ 8.970864, 44.45055 ], [ 8.971011, 44.450584 ], [ 8.971069, 44.450591 ], [ 8.971212, 44.450592 ], [ 8.971288, 44.450577 ], [ 8.971398, 44.45055 ], [ 8.971497, 44.4505 ], [ 8.971556, 44.45045 ], [ 8.971584, 44.450405 ], [ 8.97159, 44.450311 ], [ 8.971568, 44.450255 ], [ 8.971528, 44.450212 ], [ 8.97149, 44.45019 ], [ 8.971443, 44.450178 ], [ 8.971141, 44.450139 ], [ 8.970912, 44.450094 ] ], [ [ 8.971069, 44.449559 ], [ 8.971092, 44.449589 ], [ 8.971114, 44.449603 ], [ 8.971175, 44.449616 ], [ 8.971235, 44.449607 ], [ 8.971258, 44.449599 ], [ 8.971292, 44.449575 ], [ 8.971308, 44.449541 ], [ 8.971274, 44.449347 ], [ 8.971281, 44.449298 ], [ 8.971342, 44.449207 ], [ 8.971359, 44.449156 ] ] ] } },
{ "type": "Feature", "properties": { "osm_id": 16811669, "highway": "unclassified", "surface": "", "name": "", "paved": false }, "geometry": { "type": "LineString", "coordinates": [ [ 8.97169, 44.4488 ], [ 8.971625, 44.448836 ], [ 8.971427, 44.449066 ], [ 8.971359, 44.449156 ] ] } },
{ "type": "Feature", "properties": { "osm_id": 16813859, "highway": "secondary", "surface": "asphalt", "name": "Ponte Alexander Fleming", "paved": true }, "geometry": { "type": "LineString", "coordinates": [ [ 8.980585, 44.453064 ], [ 8.980365, 44.453521 ] ] } },
{ "type": "Feature", "properties": { "osm_id": 17469574, "highway": "tertiary", "surface": "", "name": "Via Salvador Allende", "paved": true }, "geometry": { "type": "LineString", "coordinates": [ [ 8.972512, 44.450544 ], [ 8.972474, 44.450589 ], [ 8.972473, 44.45061 ], [ 8.972505, 44.450707 ], [ 8.972541, 44.450768 ], [ 8.972567, 44.450794 ], [ 8.972596, 44.450812 ], [ 8.972892, 44.45093 ], [ 8.973161, 44.451047 ], [ 8.973559, 44.451367 ], [ 8.973749, 44.451475 ], [ 8.974004, 44.451607 ], [ 8.97419, 44.451725 ], [ 8.97456, 44.451996 ], [ 8.974968, 44.452374 ], [ 8.975248, 44.4526 ], [ 8.975315, 44.452675 ], [ 8.975541, 44.453071 ] ] } },
{ "type": "Feature", "properties": { "osm_id": 19790319, "highway": "steps", "surface": "", "name": "", "paved": false }, "geometry": { "type": "LineString", "coordinates": [ [ 8.989313, 44.455375 ], [ 8.989295, 44.455342 ] ] } },
{ "type": "Feature", "properties": { "osm_id": 19791447, "highway": "residential", "surface": "", "name": "Via alla Chiesa di San Siro di Struppa", "paved": true }, "geometry": { "type": "LineString", "coordinates": [ [ 8.995067, 44.453676 ], [ 8.995243, 44.453638 ], [ 8.995288, 44.453633 ], [ 8.995524, 44.453627 ], [ 8.995591, 44.453622 ], [ 8.995653, 44.453613 ], [ 8.995888, 44.453548 ], [ 8.996036, 44.453515 ], [ 8.996199, 44.453482 ], [ 8.996273, 44.453475 ], [ 8.996448, 44.453467 ], [ 8.996541, 44.453473 ], [ 8.99671, 44.453496 ], [ 8.996773, 44.453514 ], [ 8.996854, 44.453527 ] ] } },
{ "type": "Feature", "properties": { "osm_id": 19791448, "highway": "residential", "surface": "", "name": "Salita Poggio di Struppa", "paved": true }, "geometry": { "type": "LineString", "coordinates": [ [ 8.999895, 44.453109 ], [ 8.999915, 44.45306 ], [ 8.999921, 44.453025 ], [ 8.999912, 44.452976 ], [ 8.999883, 44.452918 ], [ 8.999862, 44.452889 ], [ 8.999647, 44.452686 ] ] } },
{ "type": "Feature", "properties": { "osm_id": 19791449, "highway": "residential", "surface": "", "name": "Via alla Chiesa di San Siro di Struppa", "paved": true }, "geometry": { "type": "LineString", "coordinates": [ [ 8.999895, 44.453109 ], [ 8.999887, 44.453243 ] ] } },
{ "type": "Feature", "properties": { "osm_id": 20288801, "highway": "unclassified", "surface": "", "name": "Via Piane di Rosso", "paved": false }, "geometry": { "type": "LineString", "coordinates": [ [ 9.079837, 44.446141 ], [ 9.079851, 44.446042 ], [ 9.079768, 44.445763 ], [ 9.079808, 44.445407 ], [ 9.079753, 44.445335 ], [ 9.079671, 44.445262 ], [ 9.079285, 44.444968 ], [ 9.079129, 44.444963 ], [ 9.079057, 44.444995 ], [ 9.07843, 44.445425 ], [ 9.078072, 44.445588 ], [ 9.077953, 44.445621 ], [ 9.077474, 44.445624 ], [ 9.077158, 44.445801 ], [ 9.076791, 44.446122 ], [ 9.076506, 44.446234 ], [ 9.076374, 44.446242 ], [ 9.07577, 44.446103 ], [ 9.075372, 44.445968 ], [ 9.075289, 44.445962 ], [ 9.075172, 44.445984 ], [ 9.074895, 44.446109 ], [ 9.07445, 44.446251 ], [ 9.073957, 44.446417 ], [ 9.073682, 44.446503 ], [ 9.073631, 44.446529 ], [ 9.073262, 44.446643 ], [ 9.073084, 44.446739 ], [ 9.072881, 44.446858 ], [ 9.072605, 44.446994 ], [ 9.07251, 44.447073 ], [ 9.072399, 44.447366 ], [ 9.072313, 44.447448 ], [ 9.072022, 44.447549 ], [ 9.071563, 44.447676 ], [ 9.07125, 44.447709 ], [ 9.07091, 44.447763 ] ] } },
{ "type": "Feature", "properties": { "osm_id": 20288802, "highway": "secondary", "surface": "", "name": "Via Cavassolo", "paved": true }, "geometry": { "type": "LineString", "coordinates": [ [ 9.033141, 44.450544 ], [ 9.033199, 44.450553 ] ] } },
{ "type": "Feature", "properties": { "osm_id": 21848440, "highway": "secondary", "surface": "asphalt", "name": "Strada Provinciale 19", "paved": true }, "geometry": { "type": "LineString", "coordinates": [ [ 9.140419, 44.433208 ], [ 9.140541, 44.433257 ], [ 9.14092, 44.433479 ], [ 9.141048, 44.433538 ], [ 9.141755, 44.433766 ], [ 9.141874, 44.433835 ], [ 9.14197, 44.433926 ], [ 9.142067, 44.434068 ], [ 9.142099, 44.434105 ], [ 9.142171, 44.434165 ], [ 9.142222, 44.434193 ], [ 9.142378, 44.434239 ], [ 9.1425, 44.434267 ], [ 9.142689, 44.434334 ], [ 9.142987, 44.434515 ], [ 9.143095, 44.434546 ], [ 9.143197, 44.434552 ], [ 9.143728, 44.434514 ], [ 9.144132, 44.434515 ], [ 9.144443, 44.434523 ], [ 9.144995, 44.434664 ], [ 9.145244, 44.434662 ], [ 9.145657, 44.434585 ], [ 9.145774, 44.434594 ], [ 9.145912, 44.434642 ], [ 9.146373, 44.435103 ], [ 9.146527, 44.435154 ], [ 9.146698, 44.43515 ], [ 9.14685, 44.435112 ], [ 9.147448, 44.434934 ], [ 9.147586, 44.43485 ], [ 9.147666, 44.434748 ], [ 9.147698, 44.434587 ], [ 9.147792, 44.434397 ], [ 9.147931, 44.434243 ], [ 9.14802, 44.434215 ], [ 9.14816, 44.434234 ], [ 9.148586, 44.434576 ], [ 9.148704, 44.434628 ], [ 9.149021, 44.43464 ], [ 9.149247, 44.434662 ], [ 9.149319, 44.434707 ], [ 9.14935, 44.434763 ], [ 9.149054, 44.435237 ], [ 9.149067, 44.435326 ], [ 9.149206, 44.435478 ], [ 9.149557, 44.435606 ], [ 9.149629, 44.435667 ], [ 9.149772, 44.435913 ], [ 9.149886, 44.436006 ], [ 9.150475, 44.43625 ], [ 9.150598, 44.436264 ], [ 9.150943, 44.43629 ], [ 9.151264, 44.436366 ], [ 9.15145, 44.436463 ], [ 9.151594, 44.436612 ], [ 9.151729, 44.436703 ], [ 9.152038, 44.436844 ], [ 9.152344, 44.437075 ], [ 9.152376, 44.43714 ], [ 9.152352, 44.437216 ], [ 9.152254, 44.437276 ], [ 9.15213, 44.43729 ], [ 9.151764, 44.437284 ], [ 9.15153, 44.437287 ], [ 9.151329, 44.437321 ], [ 9.151191, 44.437378 ], [ 9.151099, 44.437447 ], [ 9.151014, 44.43755 ], [ 9.150959, 44.437657 ], [ 9.150941, 44.437827 ], [ 9.150953, 44.438 ], [ 9.150942, 44.438068 ], [ 9.150916, 44.438129 ], [ 9.150628, 44.438575 ], [ 9.150542, 44.438697 ], [ 9.150399, 44.438855 ], [ 9.150258, 44.438984 ], [ 9.150124, 44.43907 ], [ 9.150028, 44.439099 ], [ 9.149934, 44.439115 ], [ 9.149542, 44.439118 ], [ 9.149437, 44.439135 ], [ 9.149344, 44.439155 ], [ 9.149289, 44.439194 ], [ 9.149247, 44.439245 ], [ 9.149166, 44.439437 ], [ 9.148999, 44.439625 ], [ 9.148512, 44.43994 ], [ 9.148428, 44.439982 ], [ 9.148381, 44.440028 ], [ 9.14837, 44.440052 ], [ 9.148371, 44.440077 ] ] } },
{ "type": "Feature", "properties": { "osm_id": 22028709, "highway": "tertiary", "surface": "", "name": "Via Giovanni Cevasco", "paved": true }, "geometry": { "type": "LineString", "coordinates": [ [ 9.082869, 44.439089 ], [ 9.082779, 44.438988 ], [ 9.082682, 44.438805 ], [ 9.082695, 44.438674 ], [ 9.082875, 44.438288 ] ] } },
{ "type": "Feature", "properties": { "osm_id": 22028712, "highway": "unclassified", "surface": "asphalt", "name": "Via alla Chiesa di Traso", "paved": true }, "geometry": { "type": "LineString", "coordinates": [ [ 9.082869, 44.439089 ], [ 9.083019, 44.439071 ], [ 9.083164, 44.43913 ], [ 9.083534, 44.439434 ], [ 9.084026, 44.439804 ], [ 9.084223, 44.440052 ], [ 9.084298, 44.4401 ], [ 9.08437, 44.440095 ], [ 9.084422, 44.440073 ], [ 9.084448, 44.439994 ], [ 9.084285, 44.439713 ], [ 9.084186, 44.439568 ], [ 9.084179, 44.439496 ], [ 9.084224, 44.439471 ], [ 9.084302, 44.439451 ], [ 9.084407, 44.439492 ], [ 9.084676, 44.439826 ], [ 9.084838, 44.439889 ], [ 9.085177, 44.439926 ], [ 9.085287, 44.439894 ], [ 9.085314, 44.439815 ], [ 9.085246, 44.439772 ], [ 9.084962, 44.439681 ], [ 9.084769, 44.439484 ], [ 9.08457, 44.439088 ], [ 9.084584, 44.439013 ], [ 9.084662, 44.438983 ], [ 9.084765, 44.439038 ], [ 9.084861, 44.439246 ], [ 9.084979, 44.439347 ], [ 9.085509, 44.439509 ], [ 9.085621, 44.43951 ], [ 9.085649, 44.439446 ], [ 9.085526, 44.439344 ], [ 9.08523, 44.439064 ], [ 9.085093, 44.438927 ], [ 9.085044, 44.438732 ], [ 9.085212, 44.438461 ], [ 9.085362, 44.438272 ] ] } },
{ "type": "Feature", "properties": { "osm_id": 23155343, "highway": "primary", "surface": "asphalt", "name": "Via Gelasio Adamoli", "paved": true }, "geometry": { "type": "MultiLineString", "coordinates": [ [ [ 8.994896, 44.448754 ], [ 8.993987, 44.448994 ], [ 8.993519, 44.449152 ], [ 8.993094, 44.449334 ], [ 8.992508, 44.449649 ], [ 8.992193, 44.44983 ], [ 8.991876, 44.450052 ], [ 8.9917, 44.450243 ], [ 8.991567, 44.45046 ], [ 8.991475, 44.450761 ], [ 8.99151, 44.450987 ], [ 8.991604, 44.451302 ], [ 8.991625, 44.451493 ], [ 8.991623, 44.451602 ], [ 8.991599, 44.451693 ], [ 8.991506, 44.451863 ], [ 8.991286, 44.452075 ], [ 8.990836, 44.452416 ], [ 8.990421, 44.452647 ], [ 8.990155, 44.452771 ], [ 8.989465, 44.453015 ], [ 8.987062, 44.453648 ] ], [ [ 8.983081, 44.453581 ], [ 8.980617, 44.452998 ] ] ] } },
{ "type": "Feature", "properties": { "osm_id": 23155624, "highway": "primary_link", "surface": "asphalt", "name": "", "paved": true }, "geometry": { "type": "LineString", "coordinates": [ [ 8.979607, 44.45266 ], [ 8.979969, 44.452673 ], [ 8.980423, 44.452648 ], [ 8.980603, 44.452672 ], [ 8.980678, 44.452745 ], [ 8.980681, 44.452852 ], [ 8.980664, 44.452908 ] ] } },
{ "type": "Feature", "properties": { "osm_id": 23155625, "highway": "secondary", "surface": "asphalt", "name": "Ponte Alexander Fleming", "paved": true }, "geometry": { "type": "LineString", "coordinates": [ [ 8.980617, 44.452998 ], [ 8.980585, 44.453064 ] ] } },
{ "type": "Feature", "properties": { "osm_id": 23371287, "highway": "steps", "surface": "paved", "name": "Via alla Costa di San Siro", "paved": true }, "geometry": { "type": "LineString", "coordinates": [ [ 8.990477, 44.453547 ], [ 8.990534, 44.453617 ], [ 8.990522, 44.453741 ], [ 8.990502, 44.453829 ], [ 8.990506, 44.453848 ], [ 8.990532, 44.45389 ], [ 8.990617, 44.453986 ], [ 8.990633, 44.453997 ], [ 8.990649, 44.453996 ], [ 8.990649, 44.453985 ], [ 8.990624, 44.453946 ], [ 8.990622, 44.453924 ], [ 8.990628, 44.453905 ], [ 8.99065, 44.453887 ], [ 8.990681, 44.453873 ], [ 8.99073, 44.453855 ], [ 8.990814, 44.453835 ], [ 8.991089, 44.453775 ], [ 8.991196, 44.453759 ], [ 8.991272, 44.453749 ], [ 8.991403, 44.453755 ], [ 8.991599, 44.453783 ], [ 8.991673, 44.453802 ], [ 8.991854, 44.453834 ], [ 8.992044, 44.453853 ], [ 8.992323, 44.453871 ], [ 8.992468, 44.45386 ], [ 8.992549, 44.453848 ], [ 8.992827, 44.453763 ], [ 8.992867, 44.453742 ], [ 8.99293, 44.453684 ], [ 8.993002, 44.45363 ], [ 8.993023, 44.45363 ], [ 8.993108, 44.453652 ] ] } },
{ "type": "Feature", "properties": { "osm_id": 23371290, "highway": "residential", "surface": "asphalt", "name": "", "paved": true }, "geometry": { "type": "LineString", "coordinates": [ [ 8.990125, 44.45344 ], [ 8.990224, 44.453558 ], [ 8.990266, 44.453602 ], [ 8.990284, 44.453604 ], [ 8.990393, 44.453577 ], [ 8.990765, 44.453431 ] ] } },
{ "type": "Feature", "properties": { "osm_id": 23371291, "highway": "service", "surface": "asphalt", "name": "", "paved": true }, "geometry": { "type": "LineString", "coordinates": [ [ 8.990224, 44.453558 ], [ 8.989757, 44.453658 ], [ 8.989511, 44.453692 ], [ 8.98943, 44.453697 ], [ 8.989377, 44.453694 ], [ 8.98936, 44.453682 ], [ 8.989339, 44.45365 ] ] } },
{ "type": "Feature", "properties": { "osm_id": 23371292, "highway": "residential", "surface": "asphalt", "name": "", "paved": true }, "geometry": { "type": "LineString", "coordinates": [ [ 8.990765, 44.453431 ], [ 8.990619, 44.453252 ] ] } },
{ "type": "Feature", "properties": { "osm_id": 23371294, "highway": "unclassified", "surface": "asphalt", "name": "Via Struppa", "paved": true }, "geometry": { "type": "LineString", "coordinates": [ [ 8.992354, 44.452067 ], [ 8.992779, 44.452213 ], [ 8.992812, 44.45223 ], [ 8.992833, 44.45225 ], [ 8.992844, 44.452288 ], [ 8.992831, 44.452329 ], [ 8.992621, 44.452436 ], [ 8.992468, 44.452452 ], [ 8.992302, 44.452456 ], [ 8.99214, 44.452453 ], [ 8.992075, 44.452435 ], [ 8.991987, 44.452396 ] ] } },
{ "type": "Feature", "properties": { "osm_id": 23371295, "highway": "residential", "surface": "asphalt", "name": "Via Giro del Fullo", "paved": true }, "geometry": { "type": "LineString", "coordinates": [ [ 8.992453, 44.451223 ], [ 8.992564, 44.451199 ], [ 8.99262, 44.451192 ], [ 8.992667, 44.451194 ], [ 8.992705, 44.4512 ], [ 8.992729, 44.451214 ], [ 8.992814, 44.451224 ], [ 8.992871, 44.451454 ], [ 8.992911, 44.451816 ], [ 8.992933, 44.452072 ] ] } },
{ "type": "Feature", "properties": { "osm_id": 23371297, "highway": "unclassified", "surface": "", "name": "Salita Serroni", "paved": false }, "geometry": { "type": "LineString", "coordinates": [ [ 8.995067, 44.453676 ], [ 8.995045, 44.45352 ], [ 8.995011, 44.453149 ], [ 8.995032, 44.453018 ], [ 8.995071, 44.452915 ], [ 8.995076, 44.452877 ], [ 8.995069, 44.45282 ], [ 8.995035, 44.452718 ], [ 8.99503, 44.452645 ], [ 8.994996, 44.452576 ], [ 8.994979, 44.452479 ], [ 8.994981, 44.452364 ], [ 8.994997, 44.452267 ] ] } },
{ "type": "Feature", "properties": { "osm_id": 23386137, "highway": "residential", "surface": "", "name": "Salita San Bazà", "paved": true }, "geometry": { "type": "LineString", "coordinates": [ [ 8.997451, 44.451356 ], [ 8.997422, 44.451363 ], [ 8.997221, 44.451455 ], [ 8.997119, 44.451495 ], [ 8.997017, 44.451512 ], [ 8.99674, 44.451541 ], [ 8.996581, 44.451315 ], [ 8.996389, 44.451071 ], [ 8.996263, 44.450882 ], [ 8.996233, 44.450868 ], [ 8.996013, 44.450963 ], [ 8.995813, 44.451071 ], [ 8.995773, 44.451077 ], [ 8.995715, 44.451065 ], [ 8.995612, 44.451028 ], [ 8.995551, 44.451016 ], [ 8.995511, 44.451015 ], [ 8.99536, 44.451042 ], [ 8.99526, 44.451052 ], [ 8.995128, 44.451054 ], [ 8.994936, 44.451047 ], [ 8.994627, 44.45101 ] ] } },
{ "type": "Feature", "properties": { "osm_id": 23386138, "highway": "service", "surface": "", "name": "Via alla Costa di San Siro", "paved": false }, "geometry": { "type": "LineString", "coordinates": [ [ 8.994435, 44.454043 ], [ 8.994498, 44.454023 ], [ 8.994636, 44.454006 ], [ 8.994663, 44.453999 ], [ 8.994703, 44.453964 ], [ 8.994756, 44.453891 ], [ 8.994811, 44.453795 ], [ 8.994849, 44.453761 ], [ 8.994908, 44.453724 ], [ 8.995067, 44.453676 ] ] } },
{ "type": "Feature", "properties": { "osm_id": 23386140, "highway": "steps", "surface": "", "name": "Salita superiore Ca' dei Baghini", "paved": false }, "geometry": { "type": "LineString", "coordinates": [ [ 8.998299, 44.452666 ], [ 8.998279, 44.452643 ], [ 8.998232, 44.452641 ], [ 8.998203, 44.45262 ], [ 8.998161, 44.452548 ], [ 8.998106, 44.45234 ], [ 8.998067, 44.452271 ], [ 8.998064, 44.452203 ], [ 8.998082, 44.452168 ], [ 8.99813, 44.452115 ], [ 8.998067, 44.451979 ], [ 8.997987, 44.451895 ], [ 8.997962, 44.451784 ] ] } },
{ "type": "Feature", "properties": { "osm_id": 23745868, "highway": "residential", "surface": "asphalt", "name": "Via Elia Bernardini", "paved": true }, "geometry": { "type": "LineString", "coordinates": [ [ 8.97694, 44.453349 ], [ 8.976735, 44.453517 ], [ 8.976589, 44.453617 ], [ 8.976553, 44.453636 ], [ 8.976515, 44.453645 ], [ 8.976474, 44.453638 ], [ 8.976407, 44.453606 ], [ 8.976273, 44.453564 ] ] } },
{ "type": "Feature", "properties": { "osm_id": 23745869, "highway": "residential", "surface": "asphalt", "name": "Via Elia Bernardini", "paved": true }, "geometry": { "type": "LineString", "coordinates": [ [ 8.977602, 44.453188 ], [ 8.977494, 44.453369 ] ] } },
{ "type": "Feature", "properties": { "osm_id": 23745877, "highway": "residential", "surface": "asphalt", "name": "Via Struppa", "paved": true }, "geometry": { "type": "LineString", "coordinates": [ [ 8.992771, 44.452745 ], [ 8.992819, 44.452727 ], [ 8.993109, 44.452557 ], [ 8.993256, 44.452429 ], [ 8.993284, 44.452422 ], [ 8.993318, 44.452438 ], [ 8.993329, 44.45245 ], [ 8.993333, 44.452462 ], [ 8.993327, 44.452477 ], [ 8.993281, 44.452538 ], [ 8.992973, 44.452826 ] ] } },
{ "type": "Feature", "properties": { "osm_id": 23745878, "highway": "steps", "surface": "", "name": "", "paved": false }, "geometry": { "type": "LineString", "coordinates": [ [ 8.993212, 44.452471 ], [ 8.992831, 44.452329 ] ] } },
{ "type": "Feature", "properties": { "osm_id": 23780007, "highway": "unclassified", "surface": "", "name": "", "paved": false }, "geometry": { "type": "LineString", "coordinates": [ [ 8.977389, 44.453078 ], [ 8.977632, 44.45279 ] ] } },
{ "type": "Feature", "properties": { "osm_id": 23818371, "highway": "unclassified", "surface": "asphalt", "name": "Via Mantova", "paved": true }, "geometry": { "type": "LineString", "coordinates": [ [ 8.976146, 44.45244 ], [ 8.976112, 44.452504 ], [ 8.976245, 44.452647 ], [ 8.976253, 44.452664 ], [ 8.976235, 44.452753 ], [ 8.976237, 44.452795 ], [ 8.976254, 44.452839 ], [ 8.976324, 44.452951 ], [ 8.976327, 44.452972 ], [ 8.976319, 44.452986 ], [ 8.976297, 44.453001 ], [ 8.976222, 44.453018 ], [ 8.976085, 44.45303 ], [ 8.976057, 44.453028 ], [ 8.976032, 44.453016 ], [ 8.976016, 44.452997 ], [ 8.975903, 44.452749 ], [ 8.975841, 44.452676 ], [ 8.975622, 44.452474 ], [ 8.975603, 44.452473 ], [ 8.975588, 44.452477 ], [ 8.975552, 44.452497 ] ] } },
{ "type": "Feature", "properties": { "osm_id": 23818372, "highway": "residential", "surface": "", "name": "Via Mantova", "paved": true }, "geometry": { "type": "LineString", "coordinates": [ [ 8.976222, 44.453018 ], [ 8.97608, 44.453445 ] ] } },
{ "type": "Feature", "properties": { "osm_id": 23872209, "highway": "secondary", "surface": "asphalt", "name": "Via Molassana", "paved": true }, "geometry": { "type": "LineString", "coordinates": [ [ 8.977389, 44.453078 ], [ 8.977191, 44.452983 ], [ 8.976673, 44.452709 ], [ 8.976146, 44.45244 ], [ 8.975797, 44.452251 ] ] } },
{ "type": "Feature", "properties": { "osm_id": 24040901, "highway": "service", "surface": "", "name": "Via Gelasio Adamoli", "paved": false }, "geometry": { "type": "LineString", "coordinates": [ [ 8.99428, 44.448805 ], [ 8.994157, 44.448573 ], [ 8.994024, 44.448512 ], [ 8.993838, 44.44844 ], [ 8.99372, 44.448405 ], [ 8.993518, 44.448364 ], [ 8.993471, 44.448336 ], [ 8.993196, 44.448072 ], [ 8.993075, 44.447987 ], [ 8.992979, 44.447944 ], [ 8.99288, 44.447914 ], [ 8.992799, 44.447905 ], [ 8.99271, 44.447912 ], [ 8.992613, 44.447939 ], [ 8.992265, 44.448129 ], [ 8.99154, 44.448546 ], [ 8.991495, 44.448601 ], [ 8.991452, 44.448694 ], [ 8.991431, 44.44881 ], [ 8.991389, 44.448848 ], [ 8.991349, 44.448868 ], [ 8.991289, 44.448878 ], [ 8.99124, 44.448862 ], [ 8.991212, 44.448823 ], [ 8.991216, 44.44878 ], [ 8.991377, 44.448482 ], [ 8.991365, 44.448442 ], [ 8.991284, 44.448325 ], [ 8.991266, 44.448282 ], [ 8.991267, 44.448235 ], [ 8.991277, 44.448194 ], [ 8.991309, 44.448161 ], [ 8.992016, 44.447766 ] ] } },
{ "type": "Feature", "properties": { "osm_id": 24046462, "highway": "path", "surface": "dirt", "name": "Via del Perdono", "paved": false }, "geometry": { "type": "LineString", "coordinates": [ [ 8.993457, 44.458398 ], [ 8.993468, 44.458375 ], [ 8.993495, 44.458357 ], [ 8.993548, 44.45834 ], [ 8.993553, 44.458324 ], [ 8.993572, 44.458307 ], [ 8.993617, 44.458283 ] ] } },
{ "type": "Feature", "properties": { "osm_id": 24046463, "highway": "path", "surface": "dirt", "name": "", "paved": false }, "geometry": { "type": "LineString", "coordinates": [ [ 9.001913, 44.459994 ], [ 9.00179, 44.459948 ], [ 9.001682, 44.459945 ], [ 9.001539, 44.459956 ], [ 9.001403, 44.459915 ], [ 9.001083, 44.459799 ], [ 9.00082, 44.459824 ], [ 9.000689, 44.459819 ], [ 9.000503, 44.459763 ], [ 9.000275, 44.459714 ], [ 8.999893, 44.459689 ], [ 8.999665, 44.459686 ], [ 8.999414, 44.459661 ], [ 8.999247, 44.459606 ], [ 8.99907, 44.459559 ], [ 8.998722, 44.459422 ], [ 8.99861, 44.459405 ], [ 8.998504, 44.459404 ], [ 8.998441, 44.459468 ], [ 8.998364, 44.459564 ], [ 8.998337, 44.45963 ], [ 8.998287, 44.459721 ], [ 8.998233, 44.459779 ], [ 8.998148, 44.459795 ], [ 8.997989, 44.459801 ], [ 8.997808, 44.459817 ], [ 8.997661, 44.459894 ], [ 8.997483, 44.459944 ] ] } },
{ "type": "Feature", "properties": { "osm_id": 24229100, "highway": "residential", "surface": "", "name": "Salita Michele Codeviola", "paved": true }, "geometry": { "type": "LineString", "coordinates": [ [ 8.974423, 44.454012 ], [ 8.974416, 44.453945 ], [ 8.974315, 44.453802 ], [ 8.974125, 44.453664 ], [ 8.973921, 44.453525 ], [ 8.973696, 44.453345 ], [ 8.973513, 44.453176 ], [ 8.973277, 44.452935 ], [ 8.973047, 44.452652 ], [ 8.973012, 44.452563 ], [ 8.97302, 44.452405 ], [ 8.973076, 44.452209 ], [ 8.973055, 44.452067 ], [ 8.972981, 44.451964 ], [ 8.972967, 44.451887 ], [ 8.972905, 44.451679 ], [ 8.972861, 44.45164 ], [ 8.972827, 44.451641 ], [ 8.972478, 44.451752 ], [ 8.972053, 44.451832 ], [ 8.971878, 44.451875 ], [ 8.971663, 44.451963 ], [ 8.971591, 44.451967 ], [ 8.971563, 44.451925 ], [ 8.971557, 44.451853 ], [ 8.971717, 44.451576 ], [ 8.971968, 44.451239 ], [ 8.971967, 44.45113 ], [ 8.971889, 44.450782 ], [ 8.971875, 44.450743 ], [ 8.971711, 44.450525 ], [ 8.971698, 44.450462 ], [ 8.97168, 44.450307 ] ] } },
{ "type": "Feature", "properties": { "osm_id": 24229101, "highway": "steps", "surface": "", "name": "Salita Michele Codeviola", "paved": false }, "geometry": { "type": "LineString", "coordinates": [ [ 8.97168, 44.450307 ], [ 8.97173, 44.45011 ], [ 8.971747, 44.450068 ], [ 8.971789, 44.450026 ], [ 8.971844, 44.449999 ], [ 8.971876, 44.449909 ], [ 8.971878, 44.449866 ], [ 8.971871, 44.44981 ], [ 8.971777, 44.449731 ], [ 8.971738, 44.449719 ], [ 8.971697, 44.449695 ], [ 8.971695, 44.449683 ], [ 8.971734, 44.44965 ], [ 8.971747, 44.449624 ], [ 8.971727, 44.44959 ], [ 8.971618, 44.449513 ], [ 8.971779, 44.449384 ] ] } },
{ "type": "Feature", "properties": { "osm_id": 24229102, "highway": "steps", "surface": "", "name": "", "paved": false }, "geometry": { "type": "LineString", "coordinates": [ [ 8.97168, 44.450307 ], [ 8.97159, 44.450311 ] ] } },
{ "type": "Feature", "properties": { "osm_id": 24728529, "highway": "steps", "surface": "", "name": "Salita Ca' dei Baghini", "paved": false }, "geometry": { "type": "LineString", "coordinates": [ [ 8.997497, 44.451253 ], [ 8.997451, 44.451356 ] ] } },
{ "type": "Feature", "properties": { "osm_id": 25653787, "highway": "secondary", "surface": "asphalt", "name": "", "paved": true }, "geometry": { "type": "LineString", "coordinates": [ [ 9.185916, 44.428213 ], [ 9.185935, 44.42811 ], [ 9.185915, 44.428065 ] ] } },
{ "type": "Feature", "properties": { "osm_id": 25653790, "highway": "secondary", "surface": "asphalt", "name": "", "paved": true }, "geometry": { "type": "LineString", "coordinates": [ [ 9.185739, 44.428729 ], [ 9.185916, 44.428213 ] ] } },
{ "type": "Feature", "properties": { "osm_id": 25654367, "highway": "residential", "surface": "paving_stones", "name": "Piazza Basso Vittorio", "paved": true }, "geometry": { "type": "LineString", "coordinates": [ [ 9.184981, 44.429115 ], [ 9.184972, 44.429368 ], [ 9.184979, 44.429405 ], [ 9.185002, 44.429421 ], [ 9.185032, 44.429428 ], [ 9.185048, 44.429441 ], [ 9.185055, 44.429458 ], [ 9.185043, 44.429504 ] ] } },
{ "type": "Feature", "properties": { "osm_id": 25654369, "highway": "residential", "surface": "", "name": "Via dei Balocchi", "paved": true }, "geometry": { "type": "LineString", "coordinates": [ [ 9.185043, 44.429504 ], [ 9.185212, 44.429541 ], [ 9.185251, 44.429552 ], [ 9.18528, 44.429573 ] ] } },
{ "type": "Feature", "properties": { "osm_id": 25654370, "highway": "residential", "surface": "", "name": "", "paved": true }, "geometry": { "type": "LineString", "coordinates": [ [ 9.184718, 44.429454 ], [ 9.184421, 44.429417 ] ] } },
{ "type": "Feature", "properties": { "osm_id": 25654371, "highway": "unclassified", "surface": "asphalt", "name": "Via Romana", "paved": true }, "geometry": { "type": "LineString", "coordinates": [ [ 9.183746, 44.430537 ], [ 9.183711, 44.43073 ], [ 9.183763, 44.431079 ], [ 9.183734, 44.431192 ], [ 9.183591, 44.431366 ], [ 9.183442, 44.431484 ], [ 9.183431, 44.431609 ], [ 9.183376, 44.431686 ], [ 9.183226, 44.431835 ], [ 9.183245, 44.431909 ], [ 9.183404, 44.43203 ], [ 9.183457, 44.432106 ] ] } },
{ "type": "Feature", "properties": { "osm_id": 25654938, "highway": "residential", "surface": "", "name": "", "paved": true }, "geometry": { "type": "LineString", "coordinates": [ [ 9.184477, 44.429102 ], [ 9.184504, 44.428699 ], [ 9.184523, 44.428537 ] ] } },
{ "type": "Feature", "properties": { "osm_id": 25654976, "highway": "unclassified", "surface": "", "name": "Via Romana", "paved": false }, "geometry": { "type": "LineString", "coordinates": [ [ 9.183457, 44.432106 ], [ 9.183517, 44.43223 ] ] } },
{ "type": "Feature", "properties": { "osm_id": 25654987, "highway": "unclassified", "surface": "", "name": "Via Romana", "paved": false }, "geometry": { "type": "LineString", "coordinates": [ [ 9.183517, 44.43223 ], [ 9.183612, 44.432401 ], [ 9.183657, 44.432461 ], [ 9.183715, 44.4325 ], [ 9.183793, 44.432537 ], [ 9.183896, 44.43253 ], [ 9.184265, 44.432417 ], [ 9.184609, 44.432381 ], [ 9.184778, 44.432381 ], [ 9.184929, 44.432445 ], [ 9.184953, 44.432508 ], [ 9.18494, 44.432639 ], [ 9.184892, 44.432733 ], [ 9.184796, 44.432834 ], [ 9.184691, 44.432904 ], [ 9.184357, 44.433074 ], [ 9.18414, 44.433245 ], [ 9.184006, 44.433425 ], [ 9.183919, 44.43356 ], [ 9.183826, 44.43367 ], [ 9.183811, 44.433743 ], [ 9.184114, 44.434214 ], [ 9.184295, 44.434311 ] ] } },
{ "type": "Feature", "properties": { "osm_id": 25659187, "highway": "primary", "surface": "asphalt", "name": "Strada statale 225 della Fontanabuona", "paved": true }, "geometry": { "type": "LineString", "coordinates": [ [ 9.182413, 44.429963 ], [ 9.182251, 44.430195 ] ] } },
{ "type": "Feature", "properties": { "osm_id": 25659188, "highway": "primary", "surface": "asphalt", "name": "Strada statale 225 della Fontanabuona", "paved": true }, "geometry": { "type": "LineString", "coordinates": [ [ 9.182251, 44.430195 ], [ 9.182147, 44.430384 ], [ 9.182, 44.430493 ], [ 9.181942, 44.430518 ], [ 9.181853, 44.430528 ], [ 9.181767, 44.430528 ], [ 9.181506, 44.430516 ], [ 9.181194, 44.430537 ], [ 9.18096, 44.430575 ], [ 9.180736, 44.43066 ], [ 9.180462, 44.430821 ], [ 9.180225, 44.430981 ], [ 9.179702, 44.431359 ], [ 9.17955, 44.431492 ], [ 9.17887, 44.432261 ], [ 9.178829, 44.432335 ], [ 9.17869, 44.432636 ], [ 9.178621, 44.432745 ] ] } },
{ "type": "Feature", "properties": { "osm_id": 25660306, "highway": "primary", "surface": "asphalt", "name": "Strada statale 225 della Fontanabuona", "paved": true }, "geometry": { "type": "LineString", "coordinates": [ [ 9.174881, 44.432938 ], [ 9.174281, 44.433021 ] ] } },
{ "type": "Feature", "properties": { "osm_id": 25660307, "highway": "primary", "surface": "asphalt", "name": "Via Sotto la Ripa", "paved": true }, "geometry": { "type": "LineString", "coordinates": [ [ 9.174281, 44.433021 ], [ 9.174153, 44.433065 ], [ 9.174054, 44.433141 ], [ 9.174008, 44.433238 ], [ 9.173998, 44.433394 ], [ 9.174068, 44.433682 ], [ 9.1741, 44.433782 ], [ 9.174103, 44.433857 ], [ 9.174039, 44.433987 ], [ 9.173896, 44.434113 ], [ 9.173656, 44.434237 ], [ 9.173296, 44.434345 ], [ 9.173108, 44.434359 ], [ 9.172573, 44.434334 ], [ 9.171851, 44.434292 ], [ 9.17127, 44.434196 ], [ 9.170709, 44.434162 ], [ 9.17033, 44.434161 ] ] } },
{ "type": "Feature", "properties": { "osm_id": 25678572, "highway": "primary", "surface": "asphalt", "name": "Via Donega", "paved": true }, "geometry": { "type": "LineString", "coordinates": [ [ 9.175593, 44.432874 ], [ 9.175319, 44.432881 ], [ 9.174881, 44.432938 ] ] } },
{ "type": "Feature", "properties": { "osm_id": 25678620, "highway": "primary", "surface": "asphalt", "name": "Strada statale 225 della Fontanabuona", "paved": true }, "geometry": { "type": "LineString", "coordinates": [ [ 9.17033, 44.434161 ], [ 9.170128, 44.434183 ] ] } },
{ "type": "Feature", "properties": { "osm_id": 25678628, "highway": "primary", "surface": "asphalt", "name": "Strada statale 225 della Fontanabuona", "paved": true }, "geometry": { "type": "LineString", "coordinates": [ [ 9.169585, 44.434261 ], [ 9.167997, 44.434523 ], [ 9.167211, 44.434708 ], [ 9.165463, 44.435284 ], [ 9.163781, 44.435816 ], [ 9.163644, 44.435888 ], [ 9.163552, 44.43596 ], [ 9.163453, 44.436143 ], [ 9.163325, 44.436484 ], [ 9.163112, 44.436714 ], [ 9.162944, 44.436848 ], [ 9.162743, 44.436979 ], [ 9.162605, 44.437035 ], [ 9.162482, 44.437072 ], [ 9.162302, 44.437083 ], [ 9.162172, 44.437065 ], [ 9.162043, 44.437017 ], [ 9.161929, 44.436951 ], [ 9.161751, 44.436833 ], [ 9.161656, 44.436798 ], [ 9.161547, 44.436777 ], [ 9.161421, 44.436787 ], [ 9.161273, 44.43681 ], [ 9.160917, 44.436918 ], [ 9.160353, 44.437152 ], [ 9.159876, 44.437253 ], [ 9.159644, 44.437343 ], [ 9.15945, 44.437428 ], [ 9.159328, 44.437488 ], [ 9.159144, 44.437522 ], [ 9.158947, 44.437539 ], [ 9.158691, 44.437524 ], [ 9.158493, 44.437478 ], [ 9.158231, 44.437369 ], [ 9.158031, 44.437254 ], [ 9.157479, 44.436765 ], [ 9.157254, 44.436641 ], [ 9.157113, 44.436572 ], [ 9.156877, 44.436492 ], [ 9.156706, 44.43647 ], [ 9.156285, 44.436451 ], [ 9.15613, 44.436468 ], [ 9.155999, 44.436514 ], [ 9.155881, 44.436582 ], [ 9.155809, 44.436654 ], [ 9.155772, 44.436698 ], [ 9.155739, 44.436807 ], [ 9.15573, 44.436945 ], [ 9.155599, 44.438135 ], [ 9.155444, 44.438734 ], [ 9.155392, 44.438849 ], [ 9.15537, 44.438885 ] ] } },
{ "type": "Feature", "properties": { "osm_id": 26255503, "highway": "secondary", "surface": "asphalt", "name": "Via Molassana", "paved": true }, "geometry": { "type": "LineString", "coordinates": [ [ 8.987729, 44.454091 ], [ 8.989339, 44.45365 ], [ 8.989737, 44.453548 ], [ 8.990125, 44.45344 ] ] } },
{ "type": "Feature", "properties": { "osm_id": 26255650, "highway": "secondary", "surface": "asphalt", "name": "Via Struppa", "paved": true }, "geometry": { "type": "LineString", "coordinates": [ [ 8.992354, 44.452067 ], [ 8.992442, 44.451959 ], [ 8.992517, 44.451793 ], [ 8.992543, 44.45167 ], [ 8.992553, 44.451558 ], [ 8.992534, 44.451432 ], [ 8.992453, 44.451223 ], [ 8.992356, 44.451003 ], [ 8.992343, 44.450917 ], [ 8.992337, 44.450827 ], [ 8.992348, 44.450744 ], [ 8.992368, 44.45068 ], [ 8.992408, 44.450602 ], [ 8.992455, 44.450534 ], [ 8.992501, 44.450482 ], [ 8.992556, 44.450432 ], [ 8.992629, 44.450385 ], [ 8.992757, 44.450313 ], [ 8.993528, 44.449892 ], [ 8.993723, 44.449793 ], [ 8.993878, 44.449723 ], [ 8.994096, 44.449638 ], [ 8.994325, 44.44957 ], [ 8.995387, 44.449288 ] ] } },
{ "type": "Feature", "properties": { "osm_id": 28070521, "highway": "pedestrian", "surface": "asphalt", "name": "Ponte Matteo Castello", "paved": true }, "geometry": { "type": "LineString", "coordinates": [ [ 8.992354, 44.452067 ], [ 8.99224, 44.45203 ] ] } },
{ "type": "Feature", "properties": { "osm_id": 29315980, "highway": "footway", "surface": "paved", "name": "Salita San Cosimo di Struppa", "paved": true }, "geometry": { "type": "LineString", "coordinates": [ [ 9.020898, 44.453727 ], [ 9.020984, 44.453758 ], [ 9.021181, 44.453849 ], [ 9.021196, 44.453857 ], [ 9.021203, 44.453868 ], [ 9.021188, 44.453889 ], [ 9.021178, 44.453919 ], [ 9.021178, 44.453933 ], [ 9.021198, 44.453985 ], [ 9.021196, 44.454043 ], [ 9.021102, 44.454238 ] ] } },
{ "type": "Feature", "properties": { "osm_id": 29343397, "highway": "steps", "surface": "paved", "name": "Salita San Martino di Struppa", "paved": true }, "geometry": { "type": "LineString", "coordinates": [ [ 9.021011, 44.455423 ], [ 9.020948, 44.45549 ] ] } },
{ "type": "Feature", "properties": { "osm_id": 33138513, "highway": "primary", "surface": "asphalt", "name": "Via Giovanni Cevasco", "paved": true }, "geometry": { "type": "LineString", "coordinates": [ [ 9.090758, 44.44234 ], [ 9.09091, 44.442364 ], [ 9.091094, 44.442427 ], [ 9.091227, 44.442466 ], [ 9.091405, 44.442478 ] ] } },
{ "type": "Feature", "properties": { "osm_id": 33138519, "highway": "trunk", "surface": "asphalt", "name": "Strada statale 225 della Fontanabuona", "paved": true }, "geometry": { "type": "LineString", "coordinates": [ [ 9.091559, 44.442421 ], [ 9.091829, 44.442377 ], [ 9.092518, 44.442179 ] ] } },
{ "type": "Feature", "properties": { "osm_id": 33138521, "highway": "primary", "surface": "asphalt", "name": "", "paved": true }, "geometry": { "type": "LineString", "coordinates": [ [ 9.091823, 44.442542 ], [ 9.091836, 44.442597 ], [ 9.091823, 44.442652 ], [ 9.091788, 44.442701 ], [ 9.091733, 44.44274 ], [ 9.091664, 44.442765 ] ] } },
{ "type": "Feature", "properties": { "osm_id": 33138523, "highway": "service", "surface": "asphalt", "name": "", "paved": true }, "geometry": { "type": "LineString", "coordinates": [ [ 9.091413, 44.443032 ], [ 9.09128, 44.442737 ], [ 9.091028, 44.442561 ], [ 9.090852, 44.442454 ], [ 9.09048, 44.442342 ] ] } },
{ "type": "Feature", "properties": { "osm_id": 33146561, "highway": "unclassified", "surface": "asphalt", "name": "", "paved": true }, "geometry": { "type": "LineString", "coordinates": [ [ 9.209335, 44.420735 ], [ 9.21031, 44.420334 ], [ 9.210543, 44.420301 ], [ 9.21064, 44.420302 ], [ 9.210878, 44.420333 ], [ 9.211009, 44.420318 ], [ 9.211493, 44.42022 ], [ 9.211735, 44.420154 ], [ 9.211885, 44.420122 ], [ 9.212018, 44.420085 ], [ 9.212151, 44.420021 ] ] } },
{ "type": "Feature", "properties": { "osm_id": 33998994, "highway": "footway", "surface": "paved", "name": "", "paved": true }, "geometry": { "type": "LineString", "coordinates": [ [ 9.027252, 44.450919 ], [ 9.027363, 44.451113 ], [ 9.027429, 44.451204 ], [ 9.02753, 44.451293 ], [ 9.027764, 44.451471 ], [ 9.027901, 44.451559 ], [ 9.02802, 44.451653 ], [ 9.02814, 44.451824 ], [ 9.028164, 44.451833 ], [ 9.028251, 44.451841 ], [ 9.028353, 44.45184 ], [ 9.028887, 44.451778 ], [ 9.02899, 44.451778 ], [ 9.029111, 44.451791 ], [ 9.029238, 44.451781 ], [ 9.029352, 44.451749 ], [ 9.029566, 44.451652 ], [ 9.02978, 44.451535 ], [ 9.029934, 44.451391 ], [ 9.030018, 44.451301 ], [ 9.030415, 44.451072 ], [ 9.030471, 44.451056 ], [ 9.030545, 44.451046 ], [ 9.030595, 44.451051 ], [ 9.030644, 44.451067 ], [ 9.030672, 44.451093 ], [ 9.030705, 44.451161 ], [ 9.030757, 44.451305 ] ] } },
{ "type": "Feature", "properties": { "osm_id": 33998998, "highway": "footway", "surface": "paved", "name": "", "paved": true }, "geometry": { "type": "LineString", "coordinates": [ [ 9.034316, 44.451056 ], [ 9.034339, 44.450983 ], [ 9.034345, 44.450888 ] ] } },
{ "type": "Feature", "properties": { "osm_id": 33998999, "highway": "footway", "surface": "paved", "name": "Ponte Canale di Cavassolo", "paved": true }, "geometry": { "type": "LineString", "coordinates": [ [ 9.034066, 44.451793 ], [ 9.034316, 44.451056 ] ] } },
{ "type": "Feature", "properties": { "osm_id": 33999615, "highway": "footway", "surface": "", "name": "", "paved": false }, "geometry": { "type": "LineString", "coordinates": [ [ 9.034345, 44.450888 ], [ 9.034262, 44.450824 ], [ 9.034218, 44.450772 ], [ 9.034183, 44.450717 ], [ 9.03416, 44.450558 ], [ 9.034174, 44.450512 ], [ 9.034189, 44.450484 ], [ 9.034416, 44.450275 ], [ 9.0347, 44.450082 ], [ 9.03478, 44.450042 ], [ 9.034923, 44.450023 ], [ 9.035058, 44.450014 ], [ 9.035077, 44.450024 ], [ 9.035091, 44.450059 ] ] } },
{ "type": "Feature", "properties": { "osm_id": 34283808, "highway": "primary", "surface": "asphalt", "name": "Strada statale 225 della Fontanabuona", "paved": true }, "geometry": { "type": "LineString", "coordinates": [ [ 9.216102, 44.417522 ], [ 9.216167, 44.417519 ], [ 9.216297, 44.417533 ], [ 9.216791, 44.417758 ], [ 9.217048, 44.417818 ], [ 9.217329, 44.41783 ], [ 9.217589, 44.417779 ], [ 9.217801, 44.417693 ], [ 9.217956, 44.417576 ], [ 9.218059, 44.417429 ], [ 9.218438, 44.416344 ] ] } },
{ "type": "Feature", "properties": { "osm_id": 35979933, "highway": "footway", "surface": "asphalt", "name": "", "paved": true }, "geometry": { "type": "LineString", "coordinates": [ [ 8.972412, 44.449408 ], [ 8.972476, 44.449369 ] ] } },
{ "type": "Feature", "properties": { "osm_id": 43448702, "highway": "footway", "surface": "", "name": "", "paved": false }, "geometry": { "type": "LineString", "coordinates": [ [ 9.009353, 44.45573 ], [ 9.009293, 44.455721 ], [ 9.009236, 44.455691 ], [ 9.009202, 44.455688 ], [ 9.009136, 44.455694 ], [ 9.009063, 44.455683 ] ] } },
{ "type": "Feature", "properties": { "osm_id": 43448703, "highway": "footway", "surface": "", "name": "Via Giovanni Aicardi", "paved": false }, "geometry": { "type": "LineString", "coordinates": [ [ 9.00699, 44.454653 ], [ 9.006801, 44.454864 ] ] } },
{ "type": "Feature", "properties": { "osm_id": 43448704, "highway": "footway", "surface": "ground", "name": "Via Giovanni Aicardi", "paved": false }, "geometry": { "type": "LineString", "coordinates": [ [ 9.006801, 44.454864 ], [ 9.006809, 44.454882 ], [ 9.006902, 44.454949 ], [ 9.006944, 44.455029 ], [ 9.006965, 44.455137 ], [ 9.006962, 44.455291 ], [ 9.006938, 44.45544 ], [ 9.006963, 44.455511 ], [ 9.007011, 44.455606 ], [ 9.007074, 44.455666 ] ] } },
{ "type": "Feature", "properties": { "osm_id": 43448705, "highway": "footway", "surface": "paving_stones", "name": "Ponte Canale sul Rio Torbido", "paved": true }, "geometry": { "type": "LineString", "coordinates": [ [ 9.009401, 44.455715 ], [ 9.009432, 44.455715 ], [ 9.009911, 44.455787 ], [ 9.010198, 44.455632 ], [ 9.010679, 44.455347 ], [ 9.010792, 44.455286 ] ] } },
{ "type": "Feature", "properties": { "osm_id": 43448706, "highway": "footway", "surface": "paving_stones", "name": "Via Giovanni Aicardi", "paved": true }, "geometry": { "type": "LineString", "coordinates": [ [ 9.010792, 44.455286 ], [ 9.010822, 44.455224 ], [ 9.010873, 44.455018 ], [ 9.010934, 44.454949 ], [ 9.011104, 44.454824 ], [ 9.011183, 44.45476 ] ] } },
{ "type": "Feature", "properties": { "osm_id": 44349411, "highway": "service", "surface": "asphalt", "name": "", "paved": true }, "geometry": { "type": "LineString", "coordinates": [ [ 8.975356, 44.453125 ], [ 8.975451, 44.453312 ], [ 8.97547, 44.453398 ], [ 8.97547, 44.453449 ], [ 8.975464, 44.453495 ], [ 8.975414, 44.453688 ], [ 8.975387, 44.453764 ], [ 8.975341, 44.453811 ], [ 8.975315, 44.453824 ], [ 8.975283, 44.45383 ], [ 8.975244, 44.453827 ], [ 8.975216, 44.453811 ], [ 8.975198, 44.453787 ], [ 8.975182, 44.453717 ], [ 8.97515, 44.453652 ], [ 8.975106, 44.453607 ], [ 8.975043, 44.453572 ], [ 8.974972, 44.453557 ], [ 8.97489, 44.453547 ], [ 8.974727, 44.453508 ], [ 8.974581, 44.453435 ], [ 8.974495, 44.453362 ], [ 8.974409, 44.453242 ], [ 8.974315, 44.453058 ], [ 8.974203, 44.452912 ], [ 8.973826, 44.452581 ], [ 8.973766, 44.452487 ], [ 8.973705, 44.452358 ], [ 8.973645, 44.452195 ], [ 8.97361, 44.452073 ], [ 8.973608, 44.452042 ], [ 8.973622, 44.452008 ], [ 8.973646, 44.451994 ], [ 8.973674, 44.451987 ], [ 8.973705, 44.451993 ], [ 8.973729, 44.452004 ], [ 8.973851, 44.452101 ], [ 8.973946, 44.452187 ], [ 8.973995, 44.452223 ], [ 8.974022, 44.452235 ], [ 8.974057, 44.452238 ], [ 8.974169, 44.452221 ] ] } },
{ "type": "Feature", "properties": { "osm_id": 44349418, "highway": "service", "surface": "asphalt", "name": "", "paved": true }, "geometry": { "type": "LineString", "coordinates": [ [ 8.975541, 44.453071 ], [ 8.975356, 44.453125 ] ] } },
{ "type": "Feature", "properties": { "osm_id": 44349419, "highway": "service", "surface": "asphalt", "name": "", "paved": true }, "geometry": { "type": "LineString", "coordinates": [ [ 8.974169, 44.452221 ], [ 8.974315, 44.452178 ], [ 8.974369, 44.452169 ], [ 8.974458, 44.452166 ], [ 8.974521, 44.452187 ], [ 8.974611, 44.45225 ], [ 8.974866, 44.452482 ], [ 8.975085, 44.452714 ], [ 8.9752, 44.452848 ], [ 8.975356, 44.453125 ] ] } },
{ "type": "Feature", "properties": { "osm_id": 46148670, "highway": "footway", "surface": "asphalt", "name": "Salita San Cosimo di Struppa", "paved": true }, "geometry": { "type": "LineString", "coordinates": [ [ 9.02112, 44.454956 ], [ 9.021078, 44.455018 ], [ 9.021041, 44.455092 ], [ 9.021022, 44.455152 ] ] } },
{ "type": "Feature", "properties": { "osm_id": 46148671, "highway": "service", "surface": "asphalt", "name": "Salita San Cosimo di Struppa", "paved": true }, "geometry": { "type": "LineString", "coordinates": [ [ 9.02112, 44.454956 ], [ 9.021252, 44.454766 ], [ 9.021269, 44.454725 ], [ 9.021262, 44.454685 ], [ 9.021199, 44.454556 ], [ 9.021159, 44.454461 ], [ 9.021142, 44.454397 ], [ 9.02114, 44.454342 ], [ 9.021162, 44.454301 ] ] } },
{ "type": "Feature", "properties": { "osm_id": 51140579, "highway": "secondary", "surface": "asphalt", "name": "Via Struppa", "paved": true }, "geometry": { "type": "LineString", "coordinates": [ [ 8.990125, 44.45344 ], [ 8.990367, 44.453354 ], [ 8.990619, 44.453252 ], [ 8.991181, 44.452965 ], [ 8.991523, 44.452738 ], [ 8.991987, 44.452396 ], [ 8.992261, 44.452172 ], [ 8.992354, 44.452067 ] ] } },
{ "type": "Feature", "properties": { "osm_id": 51852587, "highway": "steps", "surface": "", "name": "", "paved": false }, "geometry": { "type": "LineString", "coordinates": [ [ 9.082773, 44.439611 ], [ 9.083224, 44.439484 ] ] } },
{ "type": "Feature", "properties": { "osm_id": 51852588, "highway": "footway", "surface": "", "name": "Via Quattro Novembre", "paved": false }, "geometry": { "type": "MultiLineString", "coordinates": [ [ [ 9.084605, 44.438024 ], [ 9.084565, 44.438143 ], [ 9.084722, 44.438172 ], [ 9.084903, 44.438035 ], [ 9.085279, 44.437949 ], [ 9.085426, 44.437899 ] ], [ [ 9.085478, 44.437891 ], [ 9.085533, 44.437895 ], [ 9.085554, 44.437979 ], [ 9.085554, 44.438003 ], [ 9.085527, 44.438049 ], [ 9.085435, 44.438122 ], [ 9.085326, 44.438218 ], [ 9.085362, 44.438272 ] ] ] } },
{ "type": "Feature", "properties": { "osm_id": 51852589, "highway": "steps", "surface": "", "name": "Via Quattro Novembre", "paved": false }, "geometry": { "type": "LineString", "coordinates": [ [ 9.085373, 44.43826 ], [ 9.085453, 44.438376 ] ] } },
{ "type": "Feature", "properties": { "osm_id": 51852591, "highway": "footway", "surface": "", "name": "Via Quattro Novembre", "paved": false }, "geometry": { "type": "LineString", "coordinates": [ [ 9.085453, 44.438376 ], [ 9.085731, 44.438482 ] ] } },
{ "type": "Feature", "properties": { "osm_id": 51852592, "highway": "steps", "surface": "", "name": "Via Quattro Novembre", "paved": false }, "geometry": { "type": "LineString", "coordinates": [ [ 9.085731, 44.438482 ], [ 9.085833, 44.438484 ], [ 9.085959, 44.438449 ], [ 9.085991, 44.438449 ] ] } },
{ "type": "Feature", "properties": { "osm_id": 51852593, "highway": "footway", "surface": "", "name": "Via Quattro Novembre", "paved": false }, "geometry": { "type": "LineString", "coordinates": [ [ 9.085991, 44.438449 ], [ 9.086032, 44.438452 ], [ 9.086288, 44.438395 ], [ 9.086488, 44.438409 ], [ 9.086735, 44.438431 ], [ 9.086875, 44.438453 ], [ 9.086987, 44.438446 ] ] } },
{ "type": "Feature", "properties": { "osm_id": 51852596, "highway": "unclassified", "surface": "", "name": "Via E. Giacomazzi", "paved": false }, "geometry": { "type": "LineString", "coordinates": [ [ 9.109229, 44.441427 ], [ 9.109191, 44.441504 ], [ 9.10917, 44.441623 ], [ 9.109121, 44.441657 ], [ 9.109035, 44.441646 ], [ 9.108982, 44.441584 ], [ 9.108993, 44.441496 ], [ 9.109222, 44.441197 ], [ 9.109426, 44.440951 ], [ 9.109576, 44.440752 ], [ 9.109769, 44.440515 ], [ 9.109978, 44.440341 ], [ 9.109973, 44.440284 ], [ 9.109619, 44.439986 ], [ 9.109426, 44.439856 ], [ 9.108964, 44.439734 ], [ 9.108771, 44.439672 ], [ 9.108498, 44.439497 ], [ 9.108455, 44.439436 ], [ 9.10839, 44.439388 ], [ 9.10829, 44.439356 ], [ 9.108114, 44.439337 ], [ 9.107891, 44.439319 ], [ 9.107756, 44.439289 ] ] } },
{ "type": "Feature", "properties": { "osm_id": 51932094, "highway": "footway", "surface": "", "name": "Via Quattro Novembre", "paved": false }, "geometry": { "type": "LineString", "coordinates": [ [ 9.087107, 44.438323 ], [ 9.087497, 44.43817 ], [ 9.087534, 44.438137 ], [ 9.087568, 44.438012 ], [ 9.087668, 44.437935 ], [ 9.087706, 44.437729 ], [ 9.087882, 44.437568 ], [ 9.087921, 44.437515 ] ] } },
{ "type": "Feature", "properties": { "osm_id": 51978536, "highway": "residential", "surface": "", "name": "Via Quattro Novembre", "paved": true }, "geometry": { "type": "LineString", "coordinates": [ [ 9.090301, 44.437149 ], [ 9.090377, 44.437316 ], [ 9.090505, 44.437424 ], [ 9.090687, 44.437524 ], [ 9.090877, 44.437531 ], [ 9.091072, 44.437612 ], [ 9.091331, 44.437702 ], [ 9.091525, 44.43769 ], [ 9.091678, 44.437675 ] ] } },
{ "type": "Feature", "properties": { "osm_id": 51978537, "highway": "path", "surface": "dirt", "name": "Via Quattro Novembre", "paved": false }, "geometry": { "type": "LineString", "coordinates": [ [ 9.091678, 44.437675 ], [ 9.092203, 44.437579 ] ] } },
{ "type": "Feature", "properties": { "osm_id": 51978538, "highway": "steps", "surface": "", "name": "Via Quattro Novembre", "paved": false }, "geometry": { "type": "LineString", "coordinates": [ [ 9.092203, 44.437579 ], [ 9.092445, 44.437581 ] ] } },
{ "type": "Feature", "properties": { "osm_id": 51978539, "highway": "path", "surface": "dirt", "name": "", "paved": false }, "geometry": { "type": "LineString", "coordinates": [ [ 9.09297, 44.437435 ], [ 9.093549, 44.437358 ], [ 9.093856, 44.437253 ], [ 9.094174, 44.437188 ], [ 9.09451, 44.437152 ], [ 9.094681, 44.437095 ], [ 9.094886, 44.436958 ], [ 9.095209, 44.436823 ], [ 9.095369, 44.436727 ], [ 9.095649, 44.436512 ], [ 9.095785, 44.436396 ], [ 9.09586, 44.436369 ] ] } },
{ "type": "Feature", "properties": { "osm_id": 51978540, "highway": "footway", "surface": "paved", "name": "", "paved": true }, "geometry": { "type": "LineString", "coordinates": [ [ 9.104825, 44.435595 ], [ 9.104905, 44.435611 ], [ 9.105098, 44.43568 ], [ 9.105164, 44.435728 ] ] } },
{ "type": "Feature", "properties": { "osm_id": 52345543, "highway": "track", "surface": "dirt", "name": "", "paved": false }, "geometry": { "type": "LineString", "coordinates": [ [ 9.103562, 44.4354 ], [ 9.104008, 44.435502 ], [ 9.104235, 44.435583 ], [ 9.104504, 44.435602 ], [ 9.104825, 44.435595 ] ] } },
{ "type": "Feature", "properties": { "osm_id": 52408009, "highway": "path", "surface": "dirt", "name": "", "paved": false }, "geometry": { "type": "MultiLineString", "coordinates": [ [ [ 9.09586, 44.436369 ], [ 9.095933, 44.436358 ], [ 9.096023, 44.43633 ], [ 9.096237, 44.436244 ] ], [ [ 9.101698, 44.435408 ], [ 9.101884, 44.435386 ], [ 9.102135, 44.435368 ], [ 9.102242, 44.435379 ], [ 9.102583, 44.435463 ], [ 9.102897, 44.435419 ], [ 9.103271, 44.435383 ], [ 9.103453, 44.43539 ], [ 9.103562, 44.4354 ] ] ] } },
{ "type": "Feature", "properties": { "osm_id": 52448025, "highway": "unclassified", "surface": "", "name": "Via E. Giacomazzi", "paved": false }, "geometry": { "type": "LineString", "coordinates": [ [ 9.105518, 44.436733 ], [ 9.105104, 44.436568 ], [ 9.104988, 44.436551 ] ] } },
{ "type": "Feature", "properties": { "osm_id": 52448090, "highway": "unclassified", "surface": "asphalt", "name": "Via E. Giacomazzi", "paved": true }, "geometry": { "type": "LineString", "coordinates": [ [ 9.107756, 44.439289 ], [ 9.107696, 44.439268 ], [ 9.107541, 44.439171 ], [ 9.107375, 44.43903 ], [ 9.106924, 44.438818 ], [ 9.106814, 44.438746 ], [ 9.106633, 44.438569 ], [ 9.106393, 44.438299 ], [ 9.106303, 44.438157 ], [ 9.106238, 44.438075 ], [ 9.106214, 44.438018 ], [ 9.106222, 44.43795 ], [ 9.106447, 44.437379 ], [ 9.10645, 44.437285 ], [ 9.106401, 44.437189 ], [ 9.106158, 44.437037 ], [ 9.106019, 44.436959 ], [ 9.105545, 44.43675 ] ] } },
{ "type": "Feature", "properties": { "osm_id": 63814360, "highway": "unclassified", "surface": "", "name": "Via Maggiolo", "paved": false }, "geometry": { "type": "LineString", "coordinates": [ [ 9.042323, 44.451563 ], [ 9.042367, 44.451619 ], [ 9.042386, 44.451653 ], [ 9.042369, 44.45171 ], [ 9.042329, 44.451747 ], [ 9.041775, 44.452168 ], [ 9.041733, 44.452193 ], [ 9.041129, 44.452428 ], [ 9.041059, 44.452466 ], [ 9.041047, 44.452539 ], [ 9.041121, 44.452719 ], [ 9.041217, 44.452808 ], [ 9.041275, 44.452847 ], [ 9.041373, 44.452871 ], [ 9.041954, 44.452933 ], [ 9.042108, 44.452941 ], [ 9.042413, 44.452917 ], [ 9.042549, 44.452913 ], [ 9.042633, 44.452916 ], [ 9.042927, 44.452959 ], [ 9.043316, 44.452998 ], [ 9.04346, 44.452983 ], [ 9.043685, 44.452942 ] ] } },
{ "type": "Feature", "properties": { "osm_id": 75297501, "highway": "footway", "surface": "asphalt", "name": "", "paved": true }, "geometry": { "type": "LineString", "coordinates": [ [ 8.972476, 44.449369 ], [ 8.973075, 44.449017 ] ] } },
{ "type": "Feature", "properties": { "osm_id": 75297503, "highway": "footway", "surface": "asphalt", "name": "", "paved": true }, "geometry": { "type": "LineString", "coordinates": [ [ 8.973075, 44.449017 ], [ 8.973127, 44.448986 ] ] } },
{ "type": "Feature", "properties": { "osm_id": 78088253, "highway": "pedestrian", "surface": "asphalt", "name": "Ponte Matteo Castello", "paved": true }, "geometry": { "type": "LineString", "coordinates": [ [ 8.991544, 44.451872 ], [ 8.991506, 44.451863 ] ] } },
{ "type": "Feature", "properties": { "osm_id": 78088256, "highway": "pedestrian", "surface": "asphalt", "name": "Ponte Matteo Castello", "paved": true }, "geometry": { "type": "LineString", "coordinates": [ [ 8.99224, 44.45203 ], [ 8.991544, 44.451872 ] ] } },
{ "type": "Feature", "properties": { "osm_id": 79573135, "highway": "unclassified", "surface": "", "name": "", "paved": false }, "geometry": { "type": "LineString", "coordinates": [ [ 9.0681, 44.44827 ], [ 9.068407, 44.448002 ], [ 9.068525, 44.447952 ], [ 9.068618, 44.447879 ], [ 9.068583, 44.447506 ], [ 9.068663, 44.447431 ], [ 9.069129, 44.447039 ], [ 9.06939, 44.446952 ], [ 9.070041, 44.447053 ], [ 9.070305, 44.4471 ], [ 9.070495, 44.447111 ], [ 9.070833, 44.447022 ], [ 9.071115, 44.446997 ] ] } },
{ "type": "Feature", "properties": { "osm_id": 79573207, "highway": "unclassified", "surface": "", "name": "Via Noceto", "paved": false }, "geometry": { "type": "LineString", "coordinates": [ [ 9.073272, 44.447523 ], [ 9.073262, 44.447444 ] ] } },
{ "type": "Feature", "properties": { "osm_id": 79634617, "highway": "secondary", "surface": "asphalt", "name": "Strada Provinciale 14 di Davagna", "paved": true }, "geometry": { "type": "MultiLineString", "coordinates": [ [ [ 9.052843, 44.446489 ], [ 9.052687, 44.446419 ], [ 9.052381, 44.446168 ], [ 9.052178, 44.446075 ], [ 9.052065, 44.446027 ], [ 9.05198, 44.445964 ], [ 9.051949, 44.445919 ], [ 9.051918, 44.445859 ], [ 9.05186, 44.445692 ], [ 9.051814, 44.445592 ], [ 9.051715, 44.445472 ], [ 9.051604, 44.445389 ], [ 9.051217, 44.445245 ], [ 9.050607, 44.444916 ], [ 9.050408, 44.444837 ], [ 9.050302, 44.44481 ], [ 9.050153, 44.444804 ], [ 9.049964, 44.444812 ], [ 9.04964, 44.444856 ], [ 9.049455, 44.444862 ], [ 9.049314, 44.44485 ], [ 9.04861, 44.4446 ], [ 9.04847, 44.444537 ], [ 9.048313, 44.444426 ], [ 9.048169, 44.444298 ] ], [ [ 9.044968, 44.445565 ], [ 9.044986, 44.445655 ], [ 9.04518, 44.446165 ], [ 9.045294, 44.446296 ], [ 9.045459, 44.446436 ], [ 9.045564, 44.446567 ], [ 9.045686, 44.446933 ], [ 9.045658, 44.447106 ], [ 9.04525, 44.447512 ], [ 9.044101, 44.44816 ], [ 9.044024, 44.448216 ], [ 9.043969, 44.448266 ], [ 9.043923, 44.448328 ], [ 9.043804, 44.448503 ], [ 9.043708, 44.448714 ], [ 9.043699, 44.44875 ], [ 9.043706, 44.448823 ], [ 9.043717, 44.44886 ], [ 9.043826, 44.449051 ], [ 9.043972, 44.449191 ], [ 9.044112, 44.449297 ], [ 9.044126, 44.449321 ] ] ] } },
{ "type": "Feature", "properties": { "osm_id": 83471258, "highway": "residential", "surface": "asphalt", "name": "", "paved": true }, "geometry": { "type": "LineString", "coordinates": [ [ 9.185915, 44.428065 ], [ 9.185986, 44.428048 ], [ 9.186244, 44.42796 ], [ 9.186375, 44.427948 ], [ 9.186787, 44.428129 ], [ 9.187026, 44.428188 ], [ 9.187399, 44.42826 ], [ 9.187757, 44.428298 ], [ 9.18795, 44.428304 ], [ 9.188081, 44.428294 ], [ 9.18816, 44.42825 ], [ 9.188298, 44.428159 ], [ 9.188507, 44.428097 ], [ 9.188722, 44.428101 ], [ 9.188922, 44.428089 ], [ 9.18915, 44.428032 ], [ 9.189174, 44.428022 ], [ 9.189267, 44.427962 ], [ 9.189403, 44.427845 ], [ 9.18953, 44.427771 ], [ 9.189606, 44.427714 ], [ 9.189662, 44.427621 ], [ 9.18969, 44.427563 ], [ 9.189719, 44.427373 ], [ 9.189707, 44.427266 ], [ 9.189682, 44.427155 ], [ 9.189656, 44.427081 ], [ 9.189454, 44.426928 ], [ 9.189356, 44.426897 ], [ 9.18911, 44.426861 ], [ 9.189055, 44.426828 ], [ 9.18896, 44.426714 ] ] } },
{ "type": "Feature", "properties": { "osm_id": 83479732, "highway": "unclassified", "surface": "asphalt", "name": "", "paved": true }, "geometry": { "type": "LineString", "coordinates": [ [ 9.212151, 44.420021 ], [ 9.212329, 44.419999 ], [ 9.212534, 44.419947 ], [ 9.212703, 44.419965 ], [ 9.212773, 44.420009 ], [ 9.212803, 44.420072 ], [ 9.212811, 44.420344 ], [ 9.212914, 44.420637 ] ] } },
{ "type": "Feature", "properties": { "osm_id": 83479743, "highway": "unclassified", "surface": "asphalt", "name": "", "paved": true }, "geometry": { "type": "LineString", "coordinates": [ [ 9.213167, 44.420675 ], [ 9.213276, 44.420438 ], [ 9.213374, 44.420329 ], [ 9.213892, 44.42009 ], [ 9.214061, 44.420006 ], [ 9.214141, 44.419918 ], [ 9.214186, 44.419787 ], [ 9.214233, 44.419732 ], [ 9.214362, 44.41965 ], [ 9.214576, 44.419562 ], [ 9.214923, 44.419467 ], [ 9.215052, 44.419461 ], [ 9.215173, 44.419438 ], [ 9.215279, 44.41937 ], [ 9.215433, 44.419335 ], [ 9.21557, 44.419327 ], [ 9.215734, 44.419376 ], [ 9.21617, 44.419647 ], [ 9.216247, 44.419688 ], [ 9.216498, 44.419674 ], [ 9.216799, 44.419669 ], [ 9.216968, 44.419715 ], [ 9.217117, 44.419787 ], [ 9.217232, 44.419818 ], [ 9.217277, 44.419807 ], [ 9.217303, 44.419789 ], [ 9.217295, 44.419377 ], [ 9.217335, 44.419305 ], [ 9.217401, 44.419282 ], [ 9.217481, 44.419267 ], [ 9.217579, 44.419264 ], [ 9.21826, 44.419348 ], [ 9.218355, 44.419378 ], [ 9.218444, 44.41943 ], [ 9.218508, 44.419445 ], [ 9.218576, 44.419431 ], [ 9.218702, 44.419363 ], [ 9.218773, 44.419351 ], [ 9.218849, 44.419364 ], [ 9.219051, 44.419429 ], [ 9.219224, 44.419457 ], [ 9.219327, 44.419444 ], [ 9.219392, 44.419388 ], [ 9.219496, 44.419239 ], [ 9.219703, 44.41911 ], [ 9.219796, 44.419064 ], [ 9.22009, 44.418942 ], [ 9.220275, 44.418904 ], [ 9.220395, 44.418904 ], [ 9.220566, 44.418896 ], [ 9.220773, 44.418873 ], [ 9.220901, 44.418835 ], [ 9.220966, 44.418674 ], [ 9.221001, 44.418538 ], [ 9.221066, 44.418452 ], [ 9.221298, 44.418321 ], [ 9.22146, 44.418207 ], [ 9.221534, 44.418135 ], [ 9.221553, 44.418091 ], [ 9.221562, 44.417938 ], [ 9.221576, 44.4179 ] ] } },
{ "type": "Feature", "properties": { "osm_id": 83480066, "highway": "unclassified", "surface": "asphalt", "name": "", "paved": true }, "geometry": { "type": "LineString", "coordinates": [ [ 9.221576, 44.4179 ], [ 9.221373, 44.4177 ], [ 9.221191, 44.417578 ], [ 9.221073, 44.417482 ], [ 9.221034, 44.417381 ], [ 9.221039, 44.417279 ], [ 9.221097, 44.417139 ], [ 9.221019, 44.416942 ], [ 9.220602, 44.416451 ], [ 9.22003, 44.415628 ], [ 9.219901, 44.415467 ], [ 9.219782, 44.41536 ] ] } },
{ "type": "Feature", "properties": { "osm_id": 83507020, "highway": "cycleway", "surface": "unpaved", "name": "", "paved": false }, "geometry": { "type": "LineString", "coordinates": [ [ 9.217698, 44.416209 ], [ 9.217947, 44.41598 ], [ 9.217293, 44.415318 ], [ 9.216893, 44.414561 ], [ 9.216627, 44.414198 ], [ 9.216566, 44.414181 ], [ 9.216121, 44.414252 ], [ 9.216073, 44.41423 ], [ 9.215936, 44.413988 ], [ 9.215858, 44.413728 ] ] } },
{ "type": "Feature", "properties": { "osm_id": 86173149, "highway": "steps", "surface": "concrete", "name": "", "paved": true }, "geometry": { "type": "LineString", "coordinates": [ [ 8.975683, 44.453406 ], [ 8.975793, 44.453416 ], [ 8.97592, 44.453434 ], [ 8.976076, 44.453468 ], [ 8.976273, 44.453564 ] ] } },
{ "type": "Feature", "properties": { "osm_id": 86440510, "highway": "footway", "surface": "paved", "name": "Via alla Costa di San Siro", "paved": true }, "geometry": { "type": "LineString", "coordinates": [ [ 8.993263, 44.453777 ], [ 8.993321, 44.453831 ], [ 8.993353, 44.453846 ], [ 8.993443, 44.453864 ], [ 8.993617, 44.453918 ], [ 8.993797, 44.453926 ] ] } },
{ "type": "Feature", "properties": { "osm_id": 92270704, "highway": "path", "surface": "dirt", "name": "", "paved": false }, "geometry": { "type": "LineString", "coordinates": [ [ 8.998504, 44.459404 ], [ 8.998467, 44.459353 ], [ 8.998461, 44.459275 ], [ 8.998443, 44.459234 ], [ 8.998464, 44.459198 ], [ 8.998505, 44.459184 ], [ 8.998543, 44.459142 ], [ 8.998577, 44.459091 ], [ 8.998592, 44.459051 ], [ 8.998622, 44.45904 ], [ 8.998699, 44.458995 ] ] } },
{ "type": "Feature", "properties": { "osm_id": 92270712, "highway": "track", "surface": "dirt", "name": "", "paved": false }, "geometry": { "type": "LineString", "coordinates": [ [ 9.002415, 44.461786 ], [ 9.002451, 44.461449 ], [ 9.002391, 44.461291 ], [ 9.002367, 44.461032 ], [ 9.002373, 44.460946 ], [ 9.002292, 44.460669 ], [ 9.00226, 44.460582 ], [ 9.002223, 44.460423 ], [ 9.002175, 44.460319 ], [ 9.002115, 44.460251 ], [ 9.00194, 44.460076 ], [ 9.001913, 44.459994 ], [ 9.00192, 44.459934 ], [ 9.00191, 44.459753 ], [ 9.001967, 44.459564 ] ] } },
{ "type": "Feature", "properties": { "osm_id": 102674442, "highway": "service", "surface": "", "name": "", "paved": false }, "geometry": { "type": "LineString", "coordinates": [ [ 8.972447, 44.447944 ], [ 8.972789, 44.44823 ] ] } },
{ "type": "Feature", "properties": { "osm_id": 107828041, "highway": "track", "surface": "asphalt", "name": "", "paved": true }, "geometry": { "type": "LineString", "coordinates": [ [ 9.198879, 44.423474 ], [ 9.198895, 44.423494 ] ] } },
{ "type": "Feature", "properties": { "osm_id": 110412371, "highway": "unclassified", "surface": "asphalt", "name": "Via Lamaneigra", "paved": true }, "geometry": { "type": "LineString", "coordinates": [ [ 9.202814, 44.422522 ], [ 9.203849, 44.422801 ], [ 9.204658, 44.422989 ], [ 9.204941, 44.423103 ] ] } },
{ "type": "Feature", "properties": { "osm_id": 110412372, "highway": "unclassified", "surface": "asphalt", "name": "", "paved": true }, "geometry": { "type": "LineString", "coordinates": [ [ 9.20548, 44.423341 ], [ 9.205564, 44.423373 ] ] } },
{ "type": "Feature", "properties": { "osm_id": 110412373, "highway": "trunk", "surface": "asphalt", "name": "Strada statale 225 della Fontanabuona", "paved": true }, "geometry": { "type": "LineString", "coordinates": [ [ 9.135846, 44.440623 ], [ 9.13449, 44.44008 ], [ 9.133656, 44.43967 ], [ 9.133008, 44.43933 ], [ 9.132595, 44.4391 ], [ 9.132234, 44.438909 ], [ 9.131782, 44.438699 ], [ 9.131505, 44.438579 ], [ 9.130383, 44.438213 ], [ 9.128953, 44.437833 ], [ 9.127484, 44.437569 ], [ 9.127008, 44.437498 ], [ 9.126477, 44.437438 ], [ 9.125922, 44.437393 ], [ 9.122608, 44.43722 ], [ 9.122417, 44.437198 ] ] } },
{ "type": "Feature", "properties": { "osm_id": 110412377, "highway": "unclassified", "surface": "asphalt", "name": "Ponte Rimassa", "paved": true }, "geometry": { "type": "LineString", "coordinates": [ [ 9.204941, 44.423103 ], [ 9.20548, 44.423341 ] ] } },
{ "type": "Feature", "properties": { "osm_id": 137293278, "highway": "secondary", "surface": "asphalt", "name": "Via Vecchia di Suria", "paved": true }, "geometry": { "type": "LineString", "coordinates": [ [ 9.173201, 44.431198 ], [ 9.173292, 44.431355 ], [ 9.173305, 44.431411 ], [ 9.173281, 44.431504 ], [ 9.172925, 44.431991 ], [ 9.172743, 44.432129 ], [ 9.17221, 44.432241 ], [ 9.17209, 44.432249 ], [ 9.17153, 44.432137 ], [ 9.170951, 44.432129 ], [ 9.1708, 44.432181 ], [ 9.170662, 44.432245 ], [ 9.170537, 44.432256 ], [ 9.170398, 44.432263 ], [ 9.170114, 44.432412 ], [ 9.169835, 44.432612 ], [ 9.168998, 44.432979 ], [ 9.168601, 44.433171 ], [ 9.168162, 44.433263 ], [ 9.16799, 44.43334 ], [ 9.167775, 44.433385 ], [ 9.167357, 44.4335 ], [ 9.167089, 44.433615 ], [ 9.166455, 44.434036 ], [ 9.166387, 44.434064 ], [ 9.166341, 44.434071 ], [ 9.166263, 44.434067 ], [ 9.166205, 44.43404 ], [ 9.16612, 44.433974 ], [ 9.165914, 44.433783 ], [ 9.165833, 44.433754 ] ] } },
{ "type": "Feature", "properties": { "osm_id": 137596463, "highway": "unclassified", "surface": "", "name": "Via Rivale", "paved": false }, "geometry": { "type": "LineString", "coordinates": [ [ 9.044366, 44.450355 ], [ 9.044873, 44.449988 ], [ 9.045063, 44.449902 ], [ 9.045131, 44.449847 ], [ 9.045183, 44.44977 ], [ 9.045217, 44.449707 ], [ 9.04522, 44.449544 ], [ 9.045236, 44.449492 ], [ 9.04535, 44.449312 ], [ 9.045375, 44.449256 ], [ 9.045394, 44.449161 ], [ 9.045542, 44.448852 ], [ 9.045707, 44.448626 ], [ 9.045709, 44.448565 ] ] } },
{ "type": "Feature", "properties": { "osm_id": 137596466, "highway": "unclassified", "surface": "", "name": "Via Mareggia", "paved": false }, "geometry": { "type": "LineString", "coordinates": [ [ 9.046594, 44.452358 ], [ 9.046579, 44.452312 ], [ 9.04656, 44.452285 ], [ 9.04653, 44.452278 ], [ 9.046241, 44.452249 ], [ 9.04617, 44.452233 ], [ 9.046102, 44.452208 ], [ 9.045972, 44.452141 ], [ 9.045902, 44.452078 ], [ 9.045881, 44.452039 ], [ 9.045879, 44.45201 ], [ 9.045884, 44.451981 ], [ 9.045896, 44.451963 ], [ 9.045916, 44.451949 ], [ 9.045941, 44.451943 ], [ 9.046387, 44.45194 ], [ 9.046441, 44.451946 ], [ 9.046989, 44.452082 ], [ 9.047132, 44.45214 ], [ 9.047166, 44.452142 ], [ 9.047179, 44.452135 ], [ 9.047188, 44.452121 ], [ 9.047189, 44.452105 ], [ 9.047179, 44.452089 ], [ 9.047151, 44.452068 ], [ 9.047049, 44.452033 ], [ 9.046948, 44.451958 ], [ 9.046787, 44.451884 ], [ 9.046737, 44.451825 ], [ 9.046711, 44.451785 ], [ 9.046699, 44.451751 ], [ 9.046699, 44.45171 ], [ 9.046718, 44.451663 ], [ 9.046749, 44.451609 ], [ 9.046749, 44.451562 ], [ 9.046696, 44.451429 ], [ 9.046557, 44.451273 ], [ 9.046487, 44.451172 ], [ 9.046334, 44.451087 ], [ 9.046268, 44.450898 ] ] } },
{ "type": "Feature", "properties": { "osm_id": 137596468, "highway": "unclassified", "surface": "asphalt", "name": "Via Calvari bassa", "paved": true }, "geometry": { "type": "LineString", "coordinates": [ [ 9.044284, 44.452635 ], [ 9.044401, 44.452573 ], [ 9.044535, 44.452586 ], [ 9.045111, 44.452668 ], [ 9.045299, 44.452652 ], [ 9.045426, 44.452665 ], [ 9.045732, 44.452777 ], [ 9.045879, 44.452818 ], [ 9.046384, 44.452847 ], [ 9.046517, 44.452821 ], [ 9.046665, 44.452786 ], [ 9.04675, 44.452786 ], [ 9.046817, 44.452802 ], [ 9.046883, 44.452844 ], [ 9.046928, 44.452904 ], [ 9.047058, 44.453188 ], [ 9.047063, 44.453247 ] ] } },
{ "type": "Feature", "properties": { "osm_id": 137596483, "highway": "unclassified", "surface": "asphalt", "name": "Passo Rio Canate", "paved": true }, "geometry": { "type": "LineString", "coordinates": [ [ 9.034366, 44.450432 ], [ 9.034328, 44.450437 ], [ 9.034289, 44.45046 ], [ 9.034259, 44.450509 ], [ 9.034247, 44.450572 ], [ 9.034259, 44.450645 ], [ 9.034289, 44.450689 ], [ 9.03433, 44.450734 ], [ 9.034404, 44.450789 ], [ 9.034586, 44.450873 ] ] } },
{ "type": "Feature", "properties": { "osm_id": 137596485, "highway": "steps", "surface": "", "name": "Via Cavassolo", "paved": false }, "geometry": { "type": "LineString", "coordinates": [ [ 9.034652, 44.450181 ], [ 9.034877, 44.450127 ] ] } },
{ "type": "Feature", "properties": { "osm_id": 137596486, "highway": "residential", "surface": "", "name": "Via Cavassolo", "paved": true }, "geometry": { "type": "LineString", "coordinates": [ [ 9.034191, 44.45137 ], [ 9.034128, 44.451372 ], [ 9.034084, 44.451367 ], [ 9.034024, 44.451354 ], [ 9.033778, 44.451278 ], [ 9.033744, 44.451263 ], [ 9.033729, 44.451235 ], [ 9.033704, 44.451088 ], [ 9.033752, 44.450858 ], [ 9.033854, 44.450705 ], [ 9.033859, 44.450658 ] ] } },
{ "type": "Feature", "properties": { "osm_id": 138381490, "highway": "tertiary", "surface": "", "name": "", "paved": true }, "geometry": { "type": "LineString", "coordinates": [ [ 9.122417, 44.437198 ], [ 9.12245, 44.437298 ], [ 9.122539, 44.437348 ], [ 9.122773, 44.43743 ], [ 9.123115, 44.437564 ], [ 9.123245, 44.437591 ], [ 9.123373, 44.437585 ], [ 9.123726, 44.437509 ], [ 9.123998, 44.437507 ], [ 9.124239, 44.437562 ], [ 9.124402, 44.437632 ], [ 9.124852, 44.437944 ] ] } },
{ "type": "Feature", "properties": { "osm_id": 138559639, "highway": "primary", "surface": "asphalt", "name": "Via Giovanni Cevasco", "paved": true }, "geometry": { "type": "LineString", "coordinates": [ [ 9.082344, 44.439263 ], [ 9.082045, 44.439086 ], [ 9.081707, 44.43892 ], [ 9.080865, 44.438594 ] ] } },
{ "type": "Feature", "properties": { "osm_id": 138559661, "highway": "unclassified", "surface": "", "name": "", "paved": false }, "geometry": { "type": "LineString", "coordinates": [ [ 9.08536, 44.444725 ], [ 9.085325, 44.445073 ] ] } },
{ "type": "Feature", "properties": { "osm_id": 138559662, "highway": "track", "surface": "", "name": "", "paved": false }, "geometry": { "type": "LineString", "coordinates": [ [ 9.085325, 44.445073 ], [ 9.085347, 44.445137 ], [ 9.085467, 44.445233 ], [ 9.085497, 44.445251 ] ] } },
{ "type": "Feature", "properties": { "osm_id": 138559668, "highway": "unclassified", "surface": "", "name": "", "paved": false }, "geometry": { "type": "MultiLineString", "coordinates": [ [ [ 9.087682, 44.444919 ], [ 9.087606, 44.444659 ], [ 9.08757, 44.44462 ], [ 9.087514, 44.444626 ], [ 9.087484, 44.444677 ], [ 9.087476, 44.44495 ] ], [ [ 9.087285, 44.444979 ], [ 9.087231, 44.444722 ], [ 9.087182, 44.444672 ], [ 9.087115, 44.444682 ], [ 9.0871, 44.444731 ], [ 9.087115, 44.444812 ], [ 9.087093, 44.444839 ], [ 9.087036, 44.444836 ], [ 9.086989, 44.444803 ], [ 9.08665, 44.444661 ], [ 9.086385, 44.444442 ], [ 9.086368, 44.444401 ], [ 9.086378, 44.444351 ], [ 9.086697, 44.443922 ], [ 9.086747, 44.443879 ], [ 9.086835, 44.443831 ], [ 9.08698, 44.44377 ], [ 9.087114, 44.443658 ], [ 9.087115, 44.443624 ], [ 9.087076, 44.44359 ], [ 9.087019, 44.443592 ], [ 9.086754, 44.443673 ], [ 9.086496, 44.443734 ], [ 9.086432, 44.443772 ], [ 9.086315, 44.443946 ], [ 9.086001, 44.444176 ], [ 9.085947, 44.444246 ], [ 9.085893, 44.444339 ], [ 9.085811, 44.444411 ], [ 9.085409, 44.44465 ], [ 9.08536, 44.444725 ] ] ] } },
{ "type": "Feature", "properties": { "osm_id": 139192323, "highway": "secondary", "surface": "asphalt", "name": "Via Cavassolo", "paved": true }, "geometry": { "type": "LineString", "coordinates": [ [ 9.033199, 44.450553 ], [ 9.033816, 44.450653 ] ] } },
{ "type": "Feature", "properties": { "osm_id": 139192324, "highway": "secondary", "surface": "asphalt", "name": "Via Cavassolo", "paved": true }, "geometry": { "type": "LineString", "coordinates": [ [ 9.034544, 44.450771 ], [ 9.034684, 44.450823 ], [ 9.03483, 44.450855 ], [ 9.03494, 44.450867 ], [ 9.035255, 44.450862 ], [ 9.03564, 44.450934 ], [ 9.036242, 44.451127 ], [ 9.036325, 44.451171 ], [ 9.036411, 44.451233 ], [ 9.036678, 44.451544 ], [ 9.036792, 44.451949 ], [ 9.036857, 44.452301 ], [ 9.036858, 44.452344 ], [ 9.036848, 44.452384 ], [ 9.036749, 44.452622 ], [ 9.036747, 44.452665 ], [ 9.03675, 44.452683 ], [ 9.036769, 44.452715 ], [ 9.03681, 44.452736 ], [ 9.036868, 44.452746 ], [ 9.036899, 44.452742 ], [ 9.036948, 44.452713 ], [ 9.037086, 44.452488 ], [ 9.037108, 44.452431 ], [ 9.037121, 44.452362 ], [ 9.037124, 44.452305 ], [ 9.037039, 44.451901 ], [ 9.037039, 44.451807 ], [ 9.037079, 44.451539 ], [ 9.037072, 44.451413 ], [ 9.037052, 44.451344 ], [ 9.03691, 44.451124 ], [ 9.036827, 44.451025 ] ] } },
{ "type": "Feature", "properties": { "osm_id": 139192326, "highway": "unclassified", "surface": "", "name": "", "paved": false }, "geometry": { "type": "LineString", "coordinates": [ [ 9.044746, 44.451208 ], [ 9.045053, 44.451173 ], [ 9.045468, 44.451189 ], [ 9.045565, 44.451171 ], [ 9.045674, 44.451123 ], [ 9.04571, 44.451115 ], [ 9.045948, 44.451129 ] ] } },
{ "type": "Feature", "properties": { "osm_id": 139192329, "highway": "service", "surface": "", "name": "", "paved": false }, "geometry": { "type": "LineString", "coordinates": [ [ 9.061087, 44.442333 ], [ 9.061124, 44.442382 ], [ 9.061254, 44.442409 ], [ 9.061803, 44.442357 ], [ 9.062012, 44.44231 ], [ 9.062144, 44.442303 ], [ 9.062259, 44.442341 ], [ 9.06233, 44.442392 ], [ 9.062341, 44.442455 ], [ 9.062311, 44.442494 ], [ 9.062231, 44.442516 ], [ 9.062126, 44.442486 ], [ 9.062009, 44.442441 ], [ 9.061954, 44.442437 ], [ 9.061886, 44.442452 ], [ 9.061629, 44.442548 ], [ 9.061096, 44.442686 ], [ 9.061027, 44.442691 ], [ 9.0607, 44.442673 ], [ 9.060673, 44.442709 ], [ 9.060677, 44.442758 ], [ 9.060707, 44.442789 ], [ 9.060773, 44.442805 ], [ 9.06089, 44.442813 ], [ 9.061362, 44.442771 ], [ 9.061673, 44.442784 ] ] } },
{ "type": "Feature", "properties": { "osm_id": 139192330, "highway": "service", "surface": "", "name": "", "paved": false }, "geometry": { "type": "LineString", "coordinates": [ [ 9.063907, 44.4418 ], [ 9.063748, 44.441755 ], [ 9.063592, 44.441738 ] ] } },
{ "type": "Feature", "properties": { "osm_id": 139192331, "highway": "unclassified", "surface": "", "name": "", "paved": false }, "geometry": { "type": "LineString", "coordinates": [ [ 9.044214, 44.451023 ], [ 9.044318, 44.451081 ], [ 9.044383, 44.45111 ], [ 9.044573, 44.451167 ], [ 9.044746, 44.451208 ], [ 9.044941, 44.451232 ], [ 9.045454, 44.451284 ] ] } },
{ "type": "Feature", "properties": { "osm_id": 139192335, "highway": "service", "surface": "", "name": "", "paved": false }, "geometry": { "type": "LineString", "coordinates": [ [ 9.065092, 44.441906 ], [ 9.065067, 44.441817 ], [ 9.065009, 44.441775 ], [ 9.064928, 44.441779 ], [ 9.064402, 44.441897 ], [ 9.064342, 44.441901 ], [ 9.06425, 44.441893 ], [ 9.063907, 44.4418 ] ] } },
{ "type": "Feature", "properties": { "osm_id": 139192364, "highway": "unclassified", "surface": "asphalt", "name": "Salita Sant'Eusebio", "paved": true }, "geometry": { "type": "LineString", "coordinates": [ [ 8.991676, 44.450085 ], [ 8.991693, 44.450027 ], [ 8.991806, 44.449857 ], [ 8.991821, 44.449804 ], [ 8.991814, 44.449767 ], [ 8.991795, 44.449739 ], [ 8.991698, 44.449673 ] ] } },
{ "type": "Feature", "properties": { "osm_id": 155117919, "highway": "path", "surface": "dirt", "name": "", "paved": false }, "geometry": { "type": "LineString", "coordinates": [ [ 9.037164, 44.455828 ], [ 9.037378, 44.455975 ], [ 9.037695, 44.456272 ], [ 9.038137, 44.456454 ] ] } },
{ "type": "Feature", "properties": { "osm_id": 166019449, "highway": "unclassified", "surface": "", "name": "", "paved": false }, "geometry": { "type": "LineString", "coordinates": [ [ 8.972152, 44.449937 ], [ 8.972445, 44.44982 ], [ 8.972755, 44.449689 ] ] } },
{ "type": "Feature", "properties": { "osm_id": 166098078, "highway": "track", "surface": "unpaved", "name": "", "paved": false }, "geometry": { "type": "LineString", "coordinates": [ [ 9.202814, 44.422522 ], [ 9.202744, 44.422537 ], [ 9.202637, 44.422584 ], [ 9.202474, 44.422712 ], [ 9.202296, 44.422759 ], [ 9.202087, 44.422732 ], [ 9.201923, 44.422656 ], [ 9.201644, 44.422606 ], [ 9.201621, 44.422581 ] ] } },
{ "type": "Feature", "properties": { "osm_id": 166972176, "highway": "unclassified", "surface": "asphalt", "name": "Salita Sant'Eusebio", "paved": true }, "geometry": { "type": "LineString", "coordinates": [ [ 8.991698, 44.449673 ], [ 8.991743, 44.44966 ], [ 8.99179, 44.449666 ], [ 8.99189, 44.449697 ], [ 8.992026, 44.44975 ], [ 8.99206, 44.449773 ] ] } },
{ "type": "Feature", "properties": { "osm_id": 167131757, "highway": "unclassified", "surface": "", "name": "", "paved": false }, "geometry": { "type": "LineString", "coordinates": [ [ 9.177006, 44.433066 ], [ 9.176949, 44.43317 ], [ 9.176842, 44.433255 ], [ 9.176792, 44.433282 ], [ 9.176758, 44.43329 ], [ 9.176693, 44.433278 ], [ 9.176561, 44.433246 ], [ 9.176528, 44.433254 ], [ 9.176415, 44.433319 ], [ 9.17608, 44.433681 ], [ 9.175814, 44.433992 ], [ 9.175754, 44.434132 ], [ 9.175769, 44.434305 ], [ 9.175901, 44.434494 ], [ 9.176011, 44.434667 ], [ 9.176117, 44.434934 ], [ 9.176251, 44.435142 ] ] } },
{ "type": "Feature", "properties": { "osm_id": 168864755, "highway": "steps", "surface": "concrete", "name": "", "paved": true }, "geometry": { "type": "LineString", "coordinates": [ [ 8.976076, 44.453468 ], [ 8.97608, 44.453445 ] ] } },
{ "type": "Feature", "properties": { "osm_id": 181138809, "highway": "service", "surface": "", "name": "", "paved": false }, "geometry": { "type": "LineString", "coordinates": [ [ 9.189174, 44.428022 ], [ 9.189505, 44.428283 ] ] } },
{ "type": "Feature", "properties": { "osm_id": 181138810, "highway": "service", "surface": "", "name": "", "paved": false }, "geometry": { "type": "LineString", "coordinates": [ [ 9.188722, 44.428101 ], [ 9.188752, 44.428165 ], [ 9.188791, 44.428267 ], [ 9.188699, 44.428372 ], [ 9.189006, 44.428624 ] ] } },
{ "type": "Feature", "properties": { "osm_id": 181229496, "highway": "unclassified", "surface": "", "name": "", "paved": false }, "geometry": { "type": "LineString", "coordinates": [ [ 9.213008, 44.420851 ], [ 9.213033, 44.420908 ] ] } },
{ "type": "Feature", "properties": { "osm_id": 181229497, "highway": "unclassified", "surface": "", "name": "Via Lavaggi", "paved": false }, "geometry": { "type": "LineString", "coordinates": [ [ 9.199651, 44.431137 ], [ 9.199643, 44.431028 ], [ 9.199687, 44.430462 ], [ 9.199977, 44.430076 ], [ 9.200026, 44.429958 ], [ 9.200105, 44.429607 ], [ 9.200159, 44.429481 ], [ 9.200208, 44.429436 ], [ 9.200337, 44.429378 ], [ 9.200409, 44.429352 ], [ 9.200475, 44.429342 ], [ 9.200547, 44.42935 ], [ 9.20061, 44.42937 ], [ 9.200933, 44.429525 ], [ 9.201013, 44.429546 ], [ 9.2011, 44.429541 ], [ 9.201416, 44.429372 ], [ 9.201605, 44.429281 ], [ 9.201732, 44.429235 ], [ 9.201813, 44.429194 ], [ 9.202033, 44.42912 ], [ 9.20223, 44.429063 ], [ 9.202464, 44.429047 ], [ 9.202799, 44.429045 ], [ 9.203303, 44.429139 ], [ 9.203656, 44.42925 ], [ 9.203917, 44.4293 ], [ 9.204078, 44.429311 ], [ 9.204163, 44.42931 ], [ 9.204213, 44.429294 ], [ 9.204257, 44.429265 ], [ 9.204251, 44.42922 ], [ 9.204106, 44.42901 ], [ 9.203994, 44.428868 ], [ 9.203918, 44.428808 ], [ 9.203843, 44.428776 ], [ 9.203724, 44.42876 ], [ 9.203552, 44.428756 ], [ 9.203487, 44.428746 ], [ 9.203385, 44.428704 ], [ 9.203292, 44.428642 ], [ 9.203216, 44.428581 ] ] } },
{ "type": "Feature", "properties": { "osm_id": 181229498, "highway": "unclassified", "surface": "", "name": "", "paved": false }, "geometry": { "type": "LineString", "coordinates": [ [ 9.212945, 44.420709 ], [ 9.213008, 44.420851 ] ] } },
{ "type": "Feature", "properties": { "osm_id": 181229499, "highway": "footway", "surface": "", "name": "", "paved": false }, "geometry": { "type": "LineString", "coordinates": [ [ 9.212969, 44.420644 ], [ 9.213167, 44.420675 ] ] } },
{ "type": "Feature", "properties": { "osm_id": 181229501, "highway": "footway", "surface": "", "name": "", "paved": false }, "geometry": { "type": "LineString", "coordinates": [ [ 9.212914, 44.420637 ], [ 9.212969, 44.420644 ] ] } },
{ "type": "Feature", "properties": { "osm_id": 181229503, "highway": "unclassified", "surface": "asphalt", "name": "Via De Barbieri", "paved": true }, "geometry": { "type": "LineString", "coordinates": [ [ 9.209335, 44.420735 ], [ 9.209433, 44.42084 ], [ 9.209512, 44.420971 ], [ 9.209521, 44.421037 ], [ 9.209509, 44.421102 ], [ 9.209255, 44.42159 ], [ 9.209117, 44.421818 ], [ 9.209069, 44.421881 ], [ 9.209001, 44.421947 ], [ 9.208933, 44.421986 ], [ 9.208805, 44.422036 ], [ 9.208682, 44.422058 ], [ 9.208511, 44.422084 ], [ 9.208184, 44.422114 ], [ 9.207605, 44.422187 ], [ 9.207497, 44.422208 ], [ 9.207407, 44.422234 ], [ 9.2072, 44.422326 ], [ 9.207129, 44.422377 ], [ 9.206863, 44.422595 ], [ 9.206833, 44.422637 ], [ 9.206832, 44.422674 ], [ 9.206857, 44.422718 ], [ 9.206993, 44.422867 ], [ 9.207006, 44.422947 ], [ 9.20698, 44.423034 ], [ 9.206932, 44.423084 ], [ 9.206819, 44.423179 ], [ 9.206754, 44.423215 ], [ 9.206628, 44.423244 ] ] } },
{ "type": "Feature", "properties": { "osm_id": 181229504, "highway": "unclassified", "surface": "asphalt", "name": "", "paved": true }, "geometry": { "type": "LineString", "coordinates": [ [ 9.205121, 44.424071 ], [ 9.205232, 44.424151 ], [ 9.205295, 44.424177 ], [ 9.205367, 44.424196 ], [ 9.20543, 44.424194 ], [ 9.20554, 44.424163 ], [ 9.205583, 44.424139 ], [ 9.205683, 44.424003 ], [ 9.205735, 44.423946 ], [ 9.205777, 44.423924 ], [ 9.205824, 44.423916 ], [ 9.205881, 44.423918 ], [ 9.205918, 44.423933 ], [ 9.205943, 44.423959 ], [ 9.205954, 44.424002 ], [ 9.205943, 44.424049 ], [ 9.205856, 44.424151 ], [ 9.205745, 44.424213 ], [ 9.205724, 44.424239 ], [ 9.205721, 44.424271 ], [ 9.205739, 44.424299 ], [ 9.205766, 44.424321 ], [ 9.205811, 44.424338 ], [ 9.205871, 44.424337 ], [ 9.205942, 44.424317 ], [ 9.206001, 44.424291 ], [ 9.206075, 44.424214 ], [ 9.206112, 44.424158 ], [ 9.206135, 44.424094 ], [ 9.20615, 44.424024 ], [ 9.20612, 44.423744 ], [ 9.206123, 44.423672 ], [ 9.206159, 44.423433 ], [ 9.20611, 44.423248 ], [ 9.206128, 44.423186 ], [ 9.206167, 44.423123 ], [ 9.206213, 44.423089 ], [ 9.206268, 44.423064 ], [ 9.206317, 44.423054 ], [ 9.206372, 44.423059 ], [ 9.206494, 44.423117 ], [ 9.206543, 44.423147 ], [ 9.206581, 44.42318 ], [ 9.206628, 44.423244 ] ] } },
{ "type": "Feature", "properties": { "osm_id": 181229506, "highway": "unclassified", "surface": "asphalt", "name": "", "paved": true }, "geometry": { "type": "LineString", "coordinates": [ [ 9.212325, 44.419877 ], [ 9.211974, 44.419556 ], [ 9.211447, 44.419061 ], [ 9.211389, 44.418996 ] ] } },
{ "type": "Feature", "properties": { "osm_id": 181789479, "highway": "unclassified", "surface": "", "name": "", "paved": false }, "geometry": { "type": "LineString", "coordinates": [ [ 9.213412, 44.423006 ], [ 9.213426, 44.422882 ], [ 9.21332, 44.422713 ], [ 9.213202, 44.422194 ], [ 9.21324, 44.42204 ], [ 9.213324, 44.421918 ], [ 9.213466, 44.421857 ], [ 9.21362, 44.421829 ] ] } },
{ "type": "Feature", "properties": { "osm_id": 181789488, "highway": "unclassified", "surface": "asphalt", "name": "", "paved": true }, "geometry": { "type": "MultiLineString", "coordinates": [ [ [ 9.211171, 44.424288 ], [ 9.21149, 44.424483 ], [ 9.211729, 44.424685 ], [ 9.211759, 44.424808 ], [ 9.211716, 44.425015 ], [ 9.211733, 44.425338 ], [ 9.211831, 44.425434 ], [ 9.211939, 44.425465 ], [ 9.212024, 44.425464 ], [ 9.21208, 44.425371 ], [ 9.212057, 44.425115 ], [ 9.212076, 44.424932 ], [ 9.212113, 44.42488 ], [ 9.212698, 44.424613 ], [ 9.212999, 44.424461 ], [ 9.213147, 44.424412 ], [ 9.213353, 44.424436 ], [ 9.213727, 44.424548 ], [ 9.214053, 44.424556 ], [ 9.214739, 44.424685 ], [ 9.214849, 44.424785 ], [ 9.215013, 44.424994 ] ], [ [ 9.215798, 44.424565 ], [ 9.215648, 44.424401 ], [ 9.215559, 44.424283 ], [ 9.215575, 44.424205 ], [ 9.215615, 44.424181 ], [ 9.215838, 44.424411 ], [ 9.215911, 44.424503 ] ], [ [ 9.216039, 44.424433 ], [ 9.216019, 44.424409 ], [ 9.21566, 44.424069 ], [ 9.215406, 44.42393 ], [ 9.214996, 44.423534 ], [ 9.214816, 44.423169 ], [ 9.214463, 44.422659 ], [ 9.21423, 44.422285 ], [ 9.214206, 44.422211 ], [ 9.214385, 44.422101 ], [ 9.214669, 44.421894 ], [ 9.214793, 44.421871 ], [ 9.214919, 44.421912 ], [ 9.215208, 44.421991 ], [ 9.215362, 44.421932 ], [ 9.215512, 44.421957 ], [ 9.215618, 44.422064 ], [ 9.21569, 44.422266 ], [ 9.215779, 44.422453 ], [ 9.215888, 44.422557 ], [ 9.216079, 44.422649 ], [ 9.216348, 44.4227 ], [ 9.216721, 44.42272 ], [ 9.217016, 44.422705 ], [ 9.217322, 44.422661 ], [ 9.217512, 44.422612 ], [ 9.217673, 44.422548 ], [ 9.217943, 44.422506 ], [ 9.218062, 44.422518 ], [ 9.218117, 44.422569 ], [ 9.21816, 44.422672 ], [ 9.21821, 44.422824 ], [ 9.21848, 44.423051 ], [ 9.21852, 44.42308 ] ], [ [ 9.218125, 44.423295 ], [ 9.217926, 44.423177 ], [ 9.217803, 44.423141 ], [ 9.217628, 44.423162 ], [ 9.217311, 44.423259 ], [ 9.217202, 44.423334 ], [ 9.217138, 44.423415 ], [ 9.217147, 44.423488 ], [ 9.217222, 44.42352 ], [ 9.217363, 44.423546 ], [ 9.217507, 44.423599 ], [ 9.217529, 44.423619 ] ] ] } },
{ "type": "Feature", "properties": { "osm_id": 181789494, "highway": "tertiary", "surface": "", "name": "", "paved": true }, "geometry": { "type": "LineString", "coordinates": [ [ 9.225156, 44.419445 ], [ 9.225088, 44.419385 ], [ 9.224852, 44.419197 ], [ 9.224804, 44.419025 ], [ 9.224776, 44.418842 ], [ 9.224876, 44.418622 ], [ 9.224948, 44.418407 ], [ 9.224868, 44.418284 ], [ 9.224684, 44.418107 ], [ 9.224688, 44.417956 ], [ 9.224672, 44.417798 ], [ 9.224572, 44.417584 ], [ 9.224508, 44.417381 ], [ 9.2245, 44.417161 ], [ 9.224692, 44.416849 ], [ 9.224692, 44.416692 ], [ 9.224592, 44.416566 ], [ 9.224415, 44.416386 ], [ 9.224227, 44.416257 ], [ 9.223955, 44.416183 ], [ 9.223763, 44.416031 ], [ 9.223693, 44.415933 ], [ 9.22365, 44.415803 ], [ 9.223667, 44.415704 ], [ 9.223692, 44.415618 ], [ 9.223685, 44.415534 ] ] } },
{ "type": "Feature", "properties": { "osm_id": 181789506, "highway": "path", "surface": "dirt", "name": "", "paved": false }, "geometry": { "type": "LineString", "coordinates": [ [ 9.22442, 44.419865 ], [ 9.224398, 44.419791 ], [ 9.22431, 44.419737 ], [ 9.224232, 44.419703 ], [ 9.224141, 44.419611 ], [ 9.224093, 44.419465 ], [ 9.223948, 44.419257 ], [ 9.223967, 44.419143 ], [ 9.224011, 44.41898 ], [ 9.224034, 44.41879 ], [ 9.223875, 44.418677 ], [ 9.223776, 44.418486 ], [ 9.223652, 44.418303 ], [ 9.223636, 44.418158 ], [ 9.223604, 44.417967 ], [ 9.223567, 44.417832 ], [ 9.223597, 44.417729 ], [ 9.223736, 44.417494 ], [ 9.223807, 44.417386 ], [ 9.22384, 44.417291 ], [ 9.223903, 44.417044 ], [ 9.223869, 44.41696 ], [ 9.223763, 44.416878 ], [ 9.223678, 44.41675 ], [ 9.223593, 44.416719 ], [ 9.223648, 44.416637 ], [ 9.223614, 44.416514 ], [ 9.223453, 44.416324 ], [ 9.223278, 44.416266 ], [ 9.223169, 44.416163 ], [ 9.223083, 44.415989 ], [ 9.223067, 44.415872 ], [ 9.223144, 44.415782 ], [ 9.223592, 44.415591 ], [ 9.223685, 44.415534 ] ] } },
{ "type": "Feature", "properties": { "osm_id": 181789507, "highway": "unclassified", "surface": "", "name": "", "paved": false }, "geometry": { "type": "LineString", "coordinates": [ [ 9.215362, 44.421932 ], [ 9.215189, 44.421871 ], [ 9.215097, 44.421804 ], [ 9.215091, 44.421626 ], [ 9.215103, 44.421405 ], [ 9.215085, 44.421276 ], [ 9.215085, 44.421238 ] ] } },
{ "type": "Feature", "properties": { "osm_id": 182207742, "highway": "unclassified", "surface": "", "name": "", "paved": false }, "geometry": { "type": "LineString", "coordinates": [ [ 9.214883, 44.415271 ], [ 9.214713, 44.415014 ], [ 9.214573, 44.414636 ], [ 9.214573, 44.4145 ], [ 9.214628, 44.414392 ], [ 9.214754, 44.414288 ], [ 9.214931, 44.414163 ], [ 9.214983, 44.414044 ], [ 9.214979, 44.413944 ], [ 9.214931, 44.413846 ], [ 9.214788, 44.413741 ] ] } },
{ "type": "Feature", "properties": { "osm_id": 182207752, "highway": "unclassified", "surface": "", "name": "", "paved": false }, "geometry": { "type": "MultiLineString", "coordinates": [ [ [ 9.212491, 44.415096 ], [ 9.212955, 44.415121 ], [ 9.213208, 44.415126 ], [ 9.213536, 44.415121 ], [ 9.213679, 44.415102 ], [ 9.213641, 44.415024 ], [ 9.213515, 44.414965 ], [ 9.213235, 44.414933 ], [ 9.21301, 44.41487 ], [ 9.212754, 44.414768 ], [ 9.21265, 44.414688 ] ], [ [ 9.213047, 44.414068 ], [ 9.214085, 44.414397 ], [ 9.214174, 44.414446 ], [ 9.214204, 44.414524 ], [ 9.214225, 44.414731 ], [ 9.214317, 44.414902 ], [ 9.214505, 44.415043 ], [ 9.215283, 44.415511 ], [ 9.215433, 44.415611 ], [ 9.215607, 44.41576 ], [ 9.215785, 44.415884 ], [ 9.21602, 44.415999 ], [ 9.216475, 44.416238 ], [ 9.216665, 44.416321 ], [ 9.216952, 44.416421 ], [ 9.217211, 44.416481 ], [ 9.217559, 44.416552 ], [ 9.217774, 44.416645 ], [ 9.217907, 44.416767 ], [ 9.218191, 44.417043 ] ] ] } },
{ "type": "Feature", "properties": { "osm_id": 182726023, "highway": "unclassified", "surface": "", "name": "", "paved": false }, "geometry": { "type": "LineString", "coordinates": [ [ 9.224907, 44.41396 ], [ 9.224211, 44.414034 ], [ 9.22294, 44.413956 ], [ 9.222555, 44.413944 ], [ 9.222364, 44.414 ], [ 9.222234, 44.414068 ], [ 9.221892, 44.414396 ], [ 9.221761, 44.414405 ], [ 9.221618, 44.414367 ], [ 9.221408, 44.414233 ], [ 9.221059, 44.414073 ], [ 9.220651, 44.413979 ], [ 9.220398, 44.41395 ] ] } },
{ "type": "Feature", "properties": { "osm_id": 182761932, "highway": "service", "surface": "", "name": "Via Lamaneigra", "paved": false }, "geometry": { "type": "LineString", "coordinates": [ [ 9.20307, 44.423148 ], [ 9.203044, 44.423037 ], [ 9.203389, 44.422785 ], [ 9.203491, 44.42278 ], [ 9.204739, 44.423089 ], [ 9.20479, 44.423154 ], [ 9.204786, 44.423212 ], [ 9.204548, 44.423657 ], [ 9.204439, 44.423703 ], [ 9.204076, 44.423701 ], [ 9.203864, 44.423616 ], [ 9.203812, 44.423543 ] ] } },
{ "type": "Feature", "properties": { "osm_id": 182761942, "highway": "service", "surface": "", "name": "Via Lamaneigra", "paved": false }, "geometry": { "type": "LineString", "coordinates": [ [ 9.203722, 44.422767 ], [ 9.203879, 44.422491 ] ] } },
{ "type": "Feature", "properties": { "osm_id": 182761944, "highway": "service", "surface": "", "name": "Via Lamaneigra", "paved": false }, "geometry": { "type": "LineString", "coordinates": [ [ 9.204739, 44.423089 ], [ 9.204795, 44.423044 ] ] } },
{ "type": "Feature", "properties": { "osm_id": 182761947, "highway": "unclassified", "surface": "", "name": "", "paved": false }, "geometry": { "type": "LineString", "coordinates": [ [ 9.202191, 44.424018 ], [ 9.202053, 44.424354 ], [ 9.201968, 44.424478 ], [ 9.20189, 44.424564 ], [ 9.201734, 44.424655 ], [ 9.201649, 44.424682 ], [ 9.201512, 44.424695 ], [ 9.200979, 44.424865 ], [ 9.200924, 44.424942 ], [ 9.200876, 44.424967 ], [ 9.200825, 44.424968 ], [ 9.200654, 44.424942 ], [ 9.200611, 44.424947 ], [ 9.200534, 44.425037 ], [ 9.200474, 44.425059 ], [ 9.200397, 44.425059 ], [ 9.200078, 44.425013 ], [ 9.199911, 44.425002 ], [ 9.199672, 44.425031 ], [ 9.199406, 44.425094 ] ] } },
{ "type": "Feature", "properties": { "osm_id": 182761952, "highway": "residential", "surface": "", "name": "", "paved": true }, "geometry": { "type": "LineString", "coordinates": [ [ 9.187942, 44.429416 ], [ 9.187907, 44.429498 ], [ 9.187879, 44.429536 ], [ 9.187829, 44.429572 ], [ 9.187705, 44.429632 ], [ 9.187671, 44.429677 ], [ 9.18768, 44.429718 ], [ 9.187705, 44.429752 ], [ 9.187768, 44.429777 ], [ 9.187837, 44.429789 ], [ 9.187919, 44.429785 ], [ 9.188557, 44.429728 ], [ 9.188646, 44.429727 ], [ 9.188942, 44.429788 ], [ 9.189033, 44.42979 ], [ 9.189122, 44.429766 ], [ 9.189257, 44.429713 ], [ 9.18949, 44.429602 ], [ 9.189566, 44.429582 ], [ 9.189687, 44.42958 ], [ 9.189771, 44.429584 ], [ 9.190165, 44.429589 ], [ 9.190558, 44.429569 ], [ 9.190788, 44.429569 ], [ 9.190991, 44.429535 ], [ 9.1912, 44.429422 ], [ 9.191463, 44.4292 ], [ 9.191575, 44.429033 ], [ 9.191626, 44.428921 ], [ 9.191638, 44.428783 ], [ 9.191696, 44.428703 ], [ 9.191805, 44.428653 ], [ 9.191935, 44.428649 ], [ 9.192026, 44.428681 ], [ 9.192105, 44.428778 ] ] } },
{ "type": "Feature", "properties": { "osm_id": 182761968, "highway": "residential", "surface": "", "name": "", "paved": true }, "geometry": { "type": "LineString", "coordinates": [ [ 9.187153, 44.428913 ], [ 9.187007, 44.429164 ], [ 9.186944, 44.429312 ] ] } },
{ "type": "Feature", "properties": { "osm_id": 182761979, "highway": "residential", "surface": "", "name": "", "paved": true }, "geometry": { "type": "LineString", "coordinates": [ [ 9.203216, 44.428581 ], [ 9.203215, 44.428488 ], [ 9.203259, 44.42845 ], [ 9.203321, 44.428435 ], [ 9.203562, 44.428421 ], [ 9.203892, 44.428517 ] ] } },
{ "type": "Feature", "properties": { "osm_id": 182761987, "highway": "residential", "surface": "", "name": "", "paved": true }, "geometry": { "type": "LineString", "coordinates": [ [ 9.20138, 44.427818 ], [ 9.201557, 44.427939 ], [ 9.201847, 44.428007 ], [ 9.201894, 44.427986 ], [ 9.201965, 44.427909 ] ] } },
{ "type": "Feature", "properties": { "osm_id": 183582425, "highway": "residential", "surface": "", "name": "", "paved": true }, "geometry": { "type": "LineString", "coordinates": [ [ 9.13626, 44.433389 ], [ 9.136239, 44.433427 ], [ 9.136195, 44.433443 ], [ 9.135879, 44.433409 ], [ 9.135747, 44.433432 ], [ 9.135647, 44.43346 ], [ 9.135634, 44.433485 ], [ 9.135665, 44.433514 ], [ 9.135824, 44.43362 ], [ 9.13592, 44.43369 ], [ 9.136267, 44.433796 ], [ 9.136608, 44.433874 ], [ 9.136767, 44.433848 ], [ 9.136848, 44.433841 ], [ 9.137249, 44.433853 ], [ 9.137339, 44.433861 ], [ 9.138025, 44.433963 ], [ 9.138152, 44.43397 ], [ 9.138268, 44.43396 ], [ 9.138606, 44.433914 ], [ 9.138742, 44.433906 ], [ 9.139225, 44.433817 ], [ 9.139508, 44.433792 ], [ 9.139667, 44.433806 ], [ 9.139793, 44.433837 ], [ 9.140178, 44.433962 ], [ 9.140379, 44.43406 ] ] } },
{ "type": "Feature", "properties": { "osm_id": 183582430, "highway": "service", "surface": "", "name": "", "paved": false }, "geometry": { "type": "LineString", "coordinates": [ [ 9.142099, 44.434105 ], [ 9.14222, 44.434042 ], [ 9.142359, 44.433935 ], [ 9.142426, 44.433924 ], [ 9.142538, 44.433886 ], [ 9.142577, 44.433906 ], [ 9.142581, 44.433944 ], [ 9.142282, 44.434211 ] ] } },
{ "type": "Feature", "properties": { "osm_id": 183582433, "highway": "residential", "surface": "", "name": "Via Gattorne", "paved": true }, "geometry": { "type": "LineString", "coordinates": [ [ 9.139704, 44.433239 ], [ 9.140164, 44.433398 ], [ 9.140304, 44.433464 ], [ 9.140418, 44.4335 ], [ 9.140534, 44.433579 ], [ 9.140691, 44.433623 ], [ 9.140904, 44.433655 ], [ 9.141161, 44.43372 ], [ 9.141466, 44.433808 ], [ 9.141528, 44.433839 ], [ 9.141564, 44.433867 ], [ 9.141613, 44.433947 ], [ 9.141654, 44.434066 ], [ 9.141727, 44.434377 ], [ 9.141775, 44.434441 ], [ 9.141835, 44.434504 ], [ 9.142179, 44.434693 ], [ 9.142293, 44.434699 ], [ 9.142875, 44.434889 ], [ 9.143066, 44.434918 ], [ 9.143235, 44.43492 ], [ 9.143523, 44.434892 ], [ 9.143589, 44.434891 ], [ 9.143777, 44.43492 ], [ 9.143933, 44.434987 ], [ 9.144066, 44.435137 ], [ 9.144163, 44.43527 ], [ 9.144275, 44.43533 ], [ 9.144428, 44.435358 ], [ 9.144622, 44.435352 ], [ 9.144796, 44.435319 ], [ 9.144954, 44.435297 ], [ 9.145178, 44.43532 ], [ 9.145304, 44.435318 ], [ 9.145525, 44.4353 ], [ 9.145627, 44.435306 ], [ 9.14571, 44.435338 ], [ 9.145958, 44.435535 ], [ 9.146086, 44.435606 ], [ 9.146455, 44.435655 ], [ 9.146629, 44.435742 ], [ 9.146724, 44.43582 ], [ 9.146791, 44.435884 ] ] } },
{ "type": "Feature", "properties": { "osm_id": 183630650, "highway": "residential", "surface": "", "name": "", "paved": true }, "geometry": { "type": "LineString", "coordinates": [ [ 9.129034, 44.438403 ], [ 9.129102, 44.438535 ], [ 9.129104, 44.438628 ], [ 9.129089, 44.438701 ], [ 9.12894, 44.438943 ], [ 9.128955, 44.438997 ], [ 9.128993, 44.439057 ], [ 9.129078, 44.439141 ], [ 9.12934, 44.439203 ] ] } },
{ "type": "Feature", "properties": { "osm_id": 183630653, "highway": "residential", "surface": "", "name": "", "paved": true }, "geometry": { "type": "LineString", "coordinates": [ [ 9.14473, 44.434596 ], [ 9.144706, 44.434639 ], [ 9.144718, 44.434667 ], [ 9.144786, 44.434743 ], [ 9.14479, 44.434776 ], [ 9.14478, 44.434809 ], [ 9.14464, 44.434939 ], [ 9.144592, 44.434973 ], [ 9.144519, 44.435058 ], [ 9.144477, 44.435068 ], [ 9.14442, 44.435047 ], [ 9.144398, 44.435022 ] ] } },
{ "type": "Feature", "properties": { "osm_id": 183630656, "highway": "unclassified", "surface": "", "name": "", "paved": false }, "geometry": { "type": "LineString", "coordinates": [ [ 9.147202, 44.436985 ], [ 9.147309, 44.437004 ], [ 9.147464, 44.437061 ], [ 9.147554, 44.437132 ], [ 9.147554, 44.437169 ], [ 9.147494, 44.437279 ], [ 9.147457, 44.437408 ], [ 9.147412, 44.437501 ], [ 9.147333, 44.437616 ], [ 9.14735, 44.437711 ], [ 9.147438, 44.437782 ], [ 9.147573, 44.437816 ], [ 9.14764, 44.437822 ], [ 9.147696, 44.437816 ], [ 9.147769, 44.437799 ], [ 9.147937, 44.437726 ], [ 9.147993, 44.437692 ], [ 9.148047, 44.43765 ], [ 9.148092, 44.437595 ], [ 9.148206, 44.437505 ], [ 9.148354, 44.437471 ], [ 9.148458, 44.437477 ], [ 9.148518, 44.437504 ], [ 9.148544, 44.437575 ], [ 9.148544, 44.43762 ], [ 9.148516, 44.437702 ], [ 9.148483, 44.437763 ], [ 9.148451, 44.437843 ], [ 9.148281, 44.43809 ], [ 9.148266, 44.438153 ], [ 9.148288, 44.438202 ], [ 9.148359, 44.438245 ], [ 9.148468, 44.43827 ], [ 9.148555, 44.438278 ], [ 9.148722, 44.438283 ], [ 9.148832, 44.438274 ], [ 9.148914, 44.438253 ], [ 9.149002, 44.438215 ], [ 9.149269, 44.438039 ], [ 9.149355, 44.438016 ], [ 9.149473, 44.437954 ], [ 9.149572, 44.437916 ], [ 9.14974, 44.437902 ], [ 9.149819, 44.437913 ], [ 9.149928, 44.437903 ], [ 9.149988, 44.437889 ], [ 9.150055, 44.437879 ], [ 9.150175, 44.437879 ], [ 9.15025, 44.437894 ], [ 9.150321, 44.437838 ], [ 9.150361, 44.437787 ], [ 9.15039, 44.437722 ], [ 9.1504, 44.437639 ], [ 9.150416, 44.437571 ], [ 9.150427, 44.437541 ], [ 9.150449, 44.437513 ], [ 9.150514, 44.437485 ], [ 9.150591, 44.43747 ], [ 9.15076, 44.437509 ], [ 9.151014, 44.43755 ], [ 9.151251, 44.437571 ], [ 9.151401, 44.437563 ], [ 9.151982, 44.437654 ], [ 9.152114, 44.437667 ], [ 9.152164, 44.437693 ], [ 9.152221, 44.437787 ], [ 9.152256, 44.437813 ], [ 9.152494, 44.437894 ], [ 9.152656, 44.437928 ], [ 9.152959, 44.43796 ], [ 9.153085, 44.438031 ], [ 9.15318, 44.438143 ], [ 9.153243, 44.438193 ], [ 9.153724, 44.438311 ] ] } },
{ "type": "Feature", "properties": { "osm_id": 183630658, "highway": "residential", "surface": "", "name": "", "paved": true }, "geometry": { "type": "LineString", "coordinates": [ [ 9.129835, 44.43841 ], [ 9.129867, 44.438542 ], [ 9.129986, 44.438751 ] ] } },
{ "type": "Feature", "properties": { "osm_id": 183630661, "highway": "unclassified", "surface": "", "name": "", "paved": false }, "geometry": { "type": "LineString", "coordinates": [ [ 9.159449, 44.438287 ], [ 9.15957, 44.438236 ], [ 9.159679, 44.438212 ], [ 9.159782, 44.438247 ], [ 9.159902, 44.438341 ], [ 9.159996, 44.438456 ], [ 9.16005, 44.438492 ], [ 9.160135, 44.438499 ], [ 9.160546, 44.438498 ], [ 9.160959, 44.438532 ], [ 9.161087, 44.438503 ], [ 9.161453, 44.438452 ], [ 9.161557, 44.43846 ], [ 9.161978, 44.438532 ], [ 9.162133, 44.438511 ], [ 9.162428, 44.438344 ], [ 9.162591, 44.438303 ], [ 9.16276, 44.438292 ], [ 9.163032, 44.438216 ], [ 9.163113, 44.438169 ], [ 9.163287, 44.438039 ], [ 9.163614, 44.437887 ], [ 9.163846, 44.437809 ], [ 9.164001, 44.437744 ], [ 9.164195, 44.437689 ], [ 9.164413, 44.437651 ], [ 9.164581, 44.437628 ], [ 9.164982, 44.43759 ], [ 9.165312, 44.437551 ], [ 9.165406, 44.437517 ], [ 9.165721, 44.437362 ], [ 9.165805, 44.437284 ], [ 9.165783, 44.437217 ], [ 9.165828, 44.437071 ], [ 9.165986, 44.436831 ], [ 9.166082, 44.436703 ], [ 9.166177, 44.436628 ], [ 9.166308, 44.43656 ], [ 9.166431, 44.43652 ], [ 9.167019, 44.436504 ], [ 9.167308, 44.436505 ], [ 9.167372, 44.436492 ], [ 9.167454, 44.43643 ], [ 9.167525, 44.43632 ], [ 9.167583, 44.436133 ], [ 9.167695, 44.436002 ], [ 9.167899, 44.435847 ], [ 9.168049, 44.435687 ], [ 9.168195, 44.435617 ], [ 9.168508, 44.435513 ], [ 9.168753, 44.435468 ], [ 9.168851, 44.435465 ], [ 9.169009, 44.435482 ], [ 9.16909, 44.435505 ] ] } },
{ "type": "Feature", "properties": { "osm_id": 183630662, "highway": "service", "surface": "", "name": "", "paved": false }, "geometry": { "type": "LineString", "coordinates": [ [ 9.132546, 44.439291 ], [ 9.132156, 44.439259 ], [ 9.132042, 44.439232 ], [ 9.131598, 44.439029 ], [ 9.131542, 44.43895 ], [ 9.131457, 44.438788 ] ] } },
{ "type": "Feature", "properties": { "osm_id": 183630663, "highway": "service", "surface": "", "name": "", "paved": false }, "geometry": { "type": "LineString", "coordinates": [ [ 9.133008, 44.43933 ], [ 9.132872, 44.439299 ], [ 9.132546, 44.439291 ], [ 9.131457, 44.438788 ], [ 9.131263, 44.438584 ], [ 9.131123, 44.438455 ] ] } },
{ "type": "Feature", "properties": { "osm_id": 183631773, "highway": "residential", "surface": "", "name": "", "paved": true }, "geometry": { "type": "LineString", "coordinates": [ [ 9.165397, 44.440235 ], [ 9.165447, 44.440163 ], [ 9.165564, 44.440074 ], [ 9.16557, 44.440036 ], [ 9.165524, 44.440008 ], [ 9.165255, 44.440017 ], [ 9.165216, 44.439996 ], [ 9.165195, 44.439888 ], [ 9.165204, 44.439848 ], [ 9.16528, 44.43978 ] ] } },
{ "type": "Feature", "properties": { "osm_id": 183631774, "highway": "residential", "surface": "", "name": "", "paved": true }, "geometry": { "type": "LineString", "coordinates": [ [ 9.162133, 44.438511 ], [ 9.162154, 44.438539 ], [ 9.162213, 44.438544 ], [ 9.162252, 44.438528 ], [ 9.162368, 44.438457 ], [ 9.162416, 44.438448 ], [ 9.162491, 44.438474 ], [ 9.162532, 44.438522 ], [ 9.162535, 44.43855 ], [ 9.162425, 44.438655 ], [ 9.162419, 44.438696 ], [ 9.162395, 44.43878 ], [ 9.16233, 44.438848 ] ] } },
{ "type": "Feature", "properties": { "osm_id": 183631775, "highway": "residential", "surface": "", "name": "", "paved": true }, "geometry": { "type": "LineString", "coordinates": [ [ 9.164686, 44.439991 ], [ 9.164752, 44.439938 ], [ 9.164799, 44.439871 ], [ 9.164903, 44.43982 ], [ 9.165033, 44.439815 ], [ 9.165133, 44.43983 ], [ 9.165195, 44.439888 ] ] } },
{ "type": "Feature", "properties": { "osm_id": 183631776, "highway": "residential", "surface": "asphalt", "name": "Località Orticeto", "paved": true }, "geometry": { "type": "LineString", "coordinates": [ [ 9.176829, 44.43732 ], [ 9.176711, 44.437254 ], [ 9.176695, 44.4372 ], [ 9.176797, 44.43717 ], [ 9.177149, 44.437229 ], [ 9.177213, 44.437204 ], [ 9.177149, 44.437126 ], [ 9.176792, 44.437028 ], [ 9.176548, 44.437007 ], [ 9.176419, 44.436932 ], [ 9.17617, 44.436764 ], [ 9.175695, 44.43648 ], [ 9.17548, 44.436335 ], [ 9.175333, 44.436318 ], [ 9.174947, 44.436352 ], [ 9.174702, 44.436335 ], [ 9.174256, 44.436283 ], [ 9.17415, 44.436237 ], [ 9.17415, 44.43618 ], [ 9.174273, 44.436134 ], [ 9.174786, 44.436132 ], [ 9.174989, 44.436108 ], [ 9.175129, 44.436032 ], [ 9.175386, 44.435944 ], [ 9.175427, 44.435908 ], [ 9.17536, 44.43585 ], [ 9.174989, 44.435839 ], [ 9.174702, 44.435785 ], [ 9.174512, 44.435695 ], [ 9.174244, 44.435603 ], [ 9.173967, 44.435645 ], [ 9.173847, 44.435672 ], [ 9.17379, 44.435626 ], [ 9.173806, 44.435527 ], [ 9.174064, 44.435358 ], [ 9.174399, 44.435245 ], [ 9.174689, 44.43514 ], [ 9.174901, 44.434883 ], [ 9.175166, 44.434741 ], [ 9.175455, 44.434837 ], [ 9.175614, 44.434957 ], [ 9.175959, 44.435203 ], [ 9.176177, 44.435258 ], [ 9.176282, 44.435253 ], [ 9.176292, 44.435191 ], [ 9.176251, 44.435142 ] ] } },
{ "type": "Feature", "properties": { "osm_id": 183633821, "highway": "residential", "surface": "", "name": "", "paved": true }, "geometry": { "type": "LineString", "coordinates": [ [ 9.17608, 44.433681 ], [ 9.176469, 44.433989 ], [ 9.176529, 44.434009 ], [ 9.176604, 44.434 ], [ 9.176645, 44.433979 ], [ 9.176794, 44.43385 ], [ 9.176829, 44.43383 ], [ 9.176908, 44.43382 ], [ 9.177043, 44.433825 ], [ 9.177231, 44.433803 ], [ 9.177592, 44.433852 ], [ 9.177867, 44.433901 ], [ 9.177969, 44.433909 ] ] } },
{ "type": "Feature", "properties": { "osm_id": 183633822, "highway": "unclassified", "surface": "", "name": "", "paved": false }, "geometry": { "type": "LineString", "coordinates": [ [ 9.181621, 44.43142 ], [ 9.181435, 44.431349 ], [ 9.181375, 44.431333 ], [ 9.181304, 44.431323 ], [ 9.181266, 44.431325 ], [ 9.180844, 44.431419 ], [ 9.180703, 44.431436 ], [ 9.180221, 44.43147 ], [ 9.180102, 44.43149 ], [ 9.18006, 44.431505 ], [ 9.179953, 44.431552 ], [ 9.179936, 44.431569 ], [ 9.179964, 44.431692 ], [ 9.179945, 44.43177 ], [ 9.179905, 44.431823 ], [ 9.179868, 44.431843 ], [ 9.17982, 44.431857 ], [ 9.179653, 44.431888 ], [ 9.17961, 44.431901 ], [ 9.179573, 44.431932 ], [ 9.179539, 44.431973 ], [ 9.179447, 44.432135 ], [ 9.179404, 44.432186 ], [ 9.179277, 44.432291 ], [ 9.179253, 44.432316 ], [ 9.17924, 44.432345 ], [ 9.179235, 44.432375 ], [ 9.179242, 44.432402 ], [ 9.179266, 44.432439 ], [ 9.179307, 44.432473 ], [ 9.179502, 44.432586 ], [ 9.179837, 44.432829 ], [ 9.180012, 44.433035 ], [ 9.180111, 44.433312 ], [ 9.180026, 44.433585 ], [ 9.179989, 44.43385 ], [ 9.179849, 44.434051 ], [ 9.179775, 44.434247 ], [ 9.179711, 44.434301 ], [ 9.179647, 44.434334 ], [ 9.179628, 44.434366 ], [ 9.179638, 44.434387 ], [ 9.179673, 44.434405 ], [ 9.179714, 44.434402 ], [ 9.179772, 44.434371 ], [ 9.17991, 44.434323 ], [ 9.179971, 44.434286 ], [ 9.18004, 44.434283 ], [ 9.18008, 44.434296 ] ] } },
{ "type": "Feature", "properties": { "osm_id": 183633823, "highway": "residential", "surface": "", "name": "", "paved": true }, "geometry": { "type": "LineString", "coordinates": [ [ 9.181266, 44.431325 ], [ 9.181244, 44.431295 ], [ 9.181154, 44.431228 ], [ 9.181094, 44.431197 ] ] } },
{ "type": "Feature", "properties": { "osm_id": 183633824, "highway": "unclassified", "surface": "", "name": "", "paved": false }, "geometry": { "type": "LineString", "coordinates": [ [ 9.19893, 44.425818 ], [ 9.198908, 44.425742 ], [ 9.198873, 44.425693 ], [ 9.198848, 44.425639 ], [ 9.198837, 44.4256 ], [ 9.198855, 44.42552 ], [ 9.198873, 44.42547 ], [ 9.198899, 44.425434 ], [ 9.198914, 44.425387 ], [ 9.198914, 44.425288 ], [ 9.198907, 44.425231 ], [ 9.198893, 44.425193 ], [ 9.198783, 44.425073 ], [ 9.198754, 44.424984 ], [ 9.198346, 44.42452 ], [ 9.198342, 44.424481 ], [ 9.198349, 44.424463 ], [ 9.198365, 44.42445 ], [ 9.198394, 44.424444 ], [ 9.198468, 44.424446 ], [ 9.198505, 44.424456 ], [ 9.199122, 44.424715 ], [ 9.199144, 44.424719 ], [ 9.199168, 44.424717 ], [ 9.199182, 44.424708 ], [ 9.19921, 44.424655 ], [ 9.199338, 44.424362 ], [ 9.199375, 44.42418 ], [ 9.199369, 44.424138 ], [ 9.199403, 44.423982 ], [ 9.199428, 44.423743 ], [ 9.199452, 44.423398 ], [ 9.199448, 44.423349 ] ] } },
{ "type": "Feature", "properties": { "osm_id": 183633825, "highway": "unclassified", "surface": "", "name": "Via Terzonasca", "paved": false }, "geometry": { "type": "LineString", "coordinates": [ [ 9.181942, 44.430518 ], [ 9.181976, 44.430595 ], [ 9.18199, 44.430645 ], [ 9.181983, 44.430696 ], [ 9.181873, 44.430871 ], [ 9.18184, 44.430976 ], [ 9.181786, 44.431305 ], [ 9.181774, 44.431332 ], [ 9.181749, 44.431355 ], [ 9.181621, 44.43142 ], [ 9.181551, 44.431474 ], [ 9.181525, 44.431503 ], [ 9.18151, 44.431539 ], [ 9.18151, 44.431564 ], [ 9.181533, 44.431595 ], [ 9.181624, 44.431677 ], [ 9.181643, 44.431706 ], [ 9.181657, 44.431734 ], [ 9.181662, 44.431771 ], [ 9.181658, 44.431807 ], [ 9.181645, 44.43184 ], [ 9.181571, 44.431998 ], [ 9.181551, 44.432027 ], [ 9.181524, 44.432049 ], [ 9.181484, 44.432054 ], [ 9.181443, 44.432052 ], [ 9.181318, 44.43203 ], [ 9.1812, 44.432021 ], [ 9.181073, 44.432018 ], [ 9.18096, 44.432023 ], [ 9.18083, 44.432038 ], [ 9.180723, 44.432066 ], [ 9.180627, 44.432096 ], [ 9.18058, 44.43212 ], [ 9.180536, 44.432152 ], [ 9.180507, 44.432192 ], [ 9.180486, 44.432238 ], [ 9.180378, 44.432658 ], [ 9.180278, 44.432799 ], [ 9.180273, 44.432822 ], [ 9.180289, 44.432838 ] ] } },
{ "type": "Feature", "properties": { "osm_id": 183633826, "highway": "residential", "surface": "", "name": "", "paved": true }, "geometry": { "type": "LineString", "coordinates": [ [ 9.208208, 44.421211 ], [ 9.208033, 44.42095 ], [ 9.208049, 44.420834 ], [ 9.207995, 44.420664 ], [ 9.207957, 44.420603 ] ] } },
{ "type": "Feature", "properties": { "osm_id": 183633827, "highway": "service", "surface": "", "name": "", "paved": false }, "geometry": { "type": "LineString", "coordinates": [ [ 9.189656, 44.427081 ], [ 9.190124, 44.427004 ] ] } },
{ "type": "Feature", "properties": { "osm_id": 184825834, "highway": "footway", "surface": "paved", "name": "", "paved": true }, "geometry": { "type": "LineString", "coordinates": [ [ 9.034345, 44.450888 ], [ 9.03441, 44.450861 ], [ 9.034428, 44.450863 ], [ 9.034502, 44.450892 ], [ 9.034539, 44.450898 ], [ 9.034564, 44.450894 ], [ 9.034586, 44.450873 ] ] } },
{ "type": "Feature", "properties": { "osm_id": 186030902, "highway": "unclassified", "surface": "", "name": "", "paved": false }, "geometry": { "type": "MultiLineString", "coordinates": [ [ [ 9.120127, 44.440508 ], [ 9.120108, 44.440596 ], [ 9.120134, 44.440663 ], [ 9.120171, 44.440692 ], [ 9.120498, 44.44086 ], [ 9.120546, 44.440913 ], [ 9.12054, 44.440973 ], [ 9.120461, 44.441027 ], [ 9.12013, 44.441026 ], [ 9.119829, 44.441056 ], [ 9.119731, 44.441047 ], [ 9.119337, 44.44095 ], [ 9.11918, 44.440947 ], [ 9.119008, 44.440989 ], [ 9.118348, 44.44132 ], [ 9.118132, 44.441394 ] ], [ [ 9.110133, 44.44184 ], [ 9.110219, 44.441671 ], [ 9.110371, 44.441198 ], [ 9.110437, 44.441061 ], [ 9.110552, 44.440971 ], [ 9.110866, 44.440879 ], [ 9.11111, 44.440832 ], [ 9.111132, 44.440776 ], [ 9.111077, 44.440739 ], [ 9.110012, 44.440821 ], [ 9.109842, 44.44089 ], [ 9.109576, 44.441172 ], [ 9.109284, 44.441346 ], [ 9.109229, 44.441427 ] ] ] } },
{ "type": "Feature", "properties": { "osm_id": 186134548, "highway": "footway", "surface": "", "name": "", "paved": false }, "geometry": { "type": "LineString", "coordinates": [ [ 9.043623, 44.451931 ], [ 9.043462, 44.452097 ], [ 9.043184, 44.452309 ], [ 9.04305, 44.452373 ], [ 9.042851, 44.452454 ], [ 9.042779, 44.452474 ], [ 9.042696, 44.452544 ], [ 9.042578, 44.452674 ] ] } },
{ "type": "Feature", "properties": { "osm_id": 186134551, "highway": "unclassified", "surface": "", "name": "", "paved": false }, "geometry": { "type": "LineString", "coordinates": [ [ 9.050153, 44.444804 ], [ 9.050099, 44.444925 ], [ 9.050082, 44.445005 ], [ 9.050075, 44.445071 ], [ 9.050097, 44.445211 ], [ 9.050097, 44.445246 ], [ 9.050059, 44.445319 ], [ 9.049995, 44.445339 ], [ 9.049949, 44.445335 ], [ 9.049841, 44.44529 ], [ 9.04976, 44.445292 ], [ 9.04917, 44.445433 ], [ 9.049142, 44.445435 ], [ 9.048719, 44.445322 ], [ 9.048609, 44.445311 ], [ 9.048224, 44.445333 ], [ 9.047874, 44.445347 ], [ 9.047701, 44.445338 ], [ 9.047542, 44.445306 ], [ 9.047338, 44.445245 ], [ 9.047169, 44.445181 ], [ 9.047001, 44.445095 ], [ 9.0469, 44.445068 ], [ 9.046797, 44.445052 ] ] } },
{ "type": "Feature", "properties": { "osm_id": 186134554, "highway": "unclassified", "surface": "", "name": "Via Rivale", "paved": false }, "geometry": { "type": "LineString", "coordinates": [ [ 9.045063, 44.449902 ], [ 9.045395, 44.449769 ], [ 9.045447, 44.449598 ], [ 9.045538, 44.449505 ] ] } },
{ "type": "Feature", "properties": { "osm_id": 186134556, "highway": "track", "surface": "", "name": "", "paved": false }, "geometry": { "type": "LineString", "coordinates": [ [ 9.045334, 44.452047 ], [ 9.045267, 44.451971 ], [ 9.045171, 44.451906 ], [ 9.045109, 44.451766 ] ] } },
{ "type": "Feature", "properties": { "osm_id": 186134558, "highway": "residential", "surface": "", "name": "", "paved": true }, "geometry": { "type": "LineString", "coordinates": [ [ 9.043812, 44.452897 ], [ 9.043499, 44.452914 ], [ 9.043251, 44.452889 ], [ 9.042918, 44.452802 ], [ 9.042578, 44.452674 ], [ 9.042445, 44.452645 ] ] } },
{ "type": "Feature", "properties": { "osm_id": 186134560, "highway": "service", "surface": "", "name": "", "paved": false }, "geometry": { "type": "LineString", "coordinates": [ [ 9.041791, 44.451971 ], [ 9.041821, 44.451873 ], [ 9.042063, 44.45167 ], [ 9.042087, 44.451633 ], [ 9.042086, 44.451596 ], [ 9.042063, 44.451573 ], [ 9.042025, 44.451551 ], [ 9.041994, 44.451544 ], [ 9.041966, 44.451554 ], [ 9.041941, 44.451575 ] ] } },
{ "type": "Feature", "properties": { "osm_id": 186134561, "highway": "track", "surface": "", "name": "", "paved": false }, "geometry": { "type": "LineString", "coordinates": [ [ 9.046169, 44.45194 ], [ 9.046087, 44.451776 ], [ 9.046106, 44.451734 ], [ 9.046168, 44.451644 ], [ 9.046154, 44.451598 ], [ 9.046145, 44.451532 ], [ 9.046171, 44.451314 ] ] } },
{ "type": "Feature", "properties": { "osm_id": 186507105, "highway": "primary", "surface": "asphalt", "name": "Via Gelasio Adamoli", "paved": true }, "geometry": { "type": "LineString", "coordinates": [ [ 8.979607, 44.45266 ], [ 8.980664, 44.452908 ] ] } },
{ "type": "Feature", "properties": { "osm_id": 186507106, "highway": "primary", "surface": "asphalt", "name": "Via Gelasio Adamoli", "paved": true }, "geometry": { "type": "LineString", "coordinates": [ [ 8.980664, 44.452908 ], [ 8.980876, 44.452959 ] ] } },
{ "type": "Feature", "properties": { "osm_id": 186507114, "highway": "primary_link", "surface": "asphalt", "name": "", "paved": true }, "geometry": { "type": "LineString", "coordinates": [ [ 8.980664, 44.452908 ], [ 8.980617, 44.452998 ] ] } },
{ "type": "Feature", "properties": { "osm_id": 187684342, "highway": "residential", "surface": "", "name": "", "paved": true }, "geometry": { "type": "LineString", "coordinates": [ [ 9.207539, 44.420225 ], [ 9.207922, 44.420623 ] ] } },
{ "type": "Feature", "properties": { "osm_id": 187684343, "highway": "tertiary", "surface": "asphalt", "name": "", "paved": true }, "geometry": { "type": "LineString", "coordinates": [ [ 9.210669, 44.418311 ], [ 9.210893, 44.418525 ] ] } },
{ "type": "Feature", "properties": { "osm_id": 187684344, "highway": "service", "surface": "", "name": "", "paved": false }, "geometry": { "type": "LineString", "coordinates": [ [ 9.214408, 44.4179 ], [ 9.214506, 44.41798 ], [ 9.214541, 44.418373 ] ] } },
{ "type": "Feature", "properties": { "osm_id": 187684345, "highway": "residential", "surface": "asphalt", "name": "", "paved": true }, "geometry": { "type": "LineString", "coordinates": [ [ 9.209938, 44.420487 ], [ 9.209788, 44.420332 ], [ 9.209605, 44.420209 ], [ 9.209324, 44.419957 ] ] } },
{ "type": "Feature", "properties": { "osm_id": 187684350, "highway": "tertiary", "surface": "asphalt", "name": "", "paved": true }, "geometry": { "type": "LineString", "coordinates": [ [ 9.210893, 44.418525 ], [ 9.211389, 44.418996 ] ] } },
{ "type": "Feature", "properties": { "osm_id": 187684352, "highway": "service", "surface": "", "name": "", "paved": false }, "geometry": { "type": "LineString", "coordinates": [ [ 9.213259, 44.418985 ], [ 9.213179, 44.418866 ], [ 9.213066, 44.418266 ], [ 9.213036, 44.418225 ] ] } },
{ "type": "Feature", "properties": { "osm_id": 187684353, "highway": "residential", "surface": "", "name": "", "paved": true }, "geometry": { "type": "LineString", "coordinates": [ [ 9.211735, 44.420154 ], [ 9.211702, 44.420324 ], [ 9.211638, 44.420529 ], [ 9.21154, 44.420683 ], [ 9.21144, 44.420778 ], [ 9.211365, 44.420811 ], [ 9.210958, 44.420839 ] ] } },
{ "type": "Feature", "properties": { "osm_id": 187694464, "highway": "residential", "surface": "", "name": "", "paved": true }, "geometry": { "type": "LineString", "coordinates": [ [ 9.185694, 44.430432 ], [ 9.185783, 44.430383 ], [ 9.185873, 44.430351 ], [ 9.186049, 44.430306 ], [ 9.186326, 44.430284 ], [ 9.186375, 44.430274 ], [ 9.186421, 44.43025 ], [ 9.186487, 44.430199 ], [ 9.186543, 44.430145 ], [ 9.186604, 44.430059 ], [ 9.186626, 44.430042 ], [ 9.186915, 44.429925 ], [ 9.186936, 44.429908 ], [ 9.186953, 44.429881 ] ] } },
{ "type": "Feature", "properties": { "osm_id": 187694465, "highway": "unclassified", "surface": "", "name": "", "paved": false }, "geometry": { "type": "LineString", "coordinates": [ [ 9.181058, 44.432687 ], [ 9.181186, 44.432744 ], [ 9.181241, 44.432782 ], [ 9.181337, 44.432865 ], [ 9.181391, 44.432918 ], [ 9.18151, 44.433092 ], [ 9.181638, 44.433182 ], [ 9.181784, 44.433252 ], [ 9.182101, 44.433346 ], [ 9.182182, 44.433381 ], [ 9.18244, 44.433461 ], [ 9.182731, 44.433538 ], [ 9.182883, 44.43357 ], [ 9.182921, 44.433587 ], [ 9.182936, 44.433622 ], [ 9.182945, 44.433678 ], [ 9.182948, 44.433765 ], [ 9.182868, 44.434289 ], [ 9.182883, 44.434448 ], [ 9.182866, 44.434533 ], [ 9.182757, 44.434707 ], [ 9.18274, 44.43475 ], [ 9.182738, 44.434783 ], [ 9.182774, 44.434915 ], [ 9.182748, 44.43497 ], [ 9.182747, 44.435015 ], [ 9.182738, 44.435069 ], [ 9.182717, 44.435108 ], [ 9.182642, 44.435205 ], [ 9.182633, 44.435248 ], [ 9.182616, 44.435278 ], [ 9.182532, 44.435359 ], [ 9.182511, 44.435396 ], [ 9.18252, 44.435437 ], [ 9.18255, 44.435477 ], [ 9.182684, 44.435527 ], [ 9.182836, 44.435611 ], [ 9.182866, 44.435637 ], [ 9.182931, 44.435742 ], [ 9.183001, 44.435837 ], [ 9.183055, 44.435889 ], [ 9.183224, 44.435998 ] ] } },
{ "type": "Feature", "properties": { "osm_id": 187694466, "highway": "residential", "surface": "", "name": "", "paved": true }, "geometry": { "type": "LineString", "coordinates": [ [ 9.18603, 44.4292 ], [ 9.186122, 44.42896 ], [ 9.186111, 44.428948 ], [ 9.185967, 44.428917 ] ] } },
{ "type": "Feature", "properties": { "osm_id": 187694469, "highway": "service", "surface": "", "name": "", "paved": false }, "geometry": { "type": "LineString", "coordinates": [ [ 9.186487, 44.430199 ], [ 9.186531, 44.43022 ], [ 9.186612, 44.430213 ], [ 9.186714, 44.430175 ] ] } },
{ "type": "Feature", "properties": { "osm_id": 187694471, "highway": "residential", "surface": "", "name": "", "paved": true }, "geometry": { "type": "LineString", "coordinates": [ [ 9.186352, 44.429848 ], [ 9.186953, 44.429881 ], [ 9.18741, 44.429881 ], [ 9.187732, 44.429872 ], [ 9.187798, 44.429874 ], [ 9.187888, 44.429888 ], [ 9.187919, 44.429883 ], [ 9.187951, 44.429872 ], [ 9.187966, 44.429851 ], [ 9.187971, 44.429781 ] ] } },
{ "type": "Feature", "properties": { "osm_id": 187694472, "highway": "service", "surface": "", "name": "", "paved": false }, "geometry": { "type": "LineString", "coordinates": [ [ 9.184523, 44.428537 ], [ 9.184499, 44.428503 ], [ 9.18448, 44.42849 ], [ 9.18446, 44.428484 ], [ 9.184253, 44.428479 ], [ 9.184246, 44.428473 ], [ 9.184256, 44.428328 ] ] } },
{ "type": "Feature", "properties": { "osm_id": 187694474, "highway": "service", "surface": "", "name": "", "paved": false }, "geometry": { "type": "MultiLineString", "coordinates": [ [ [ 9.185849, 44.42918 ], [ 9.185803, 44.429369 ] ], [ [ 9.185803, 44.429369 ], [ 9.185768, 44.429495 ], [ 9.1858, 44.429515 ], [ 9.185873, 44.429497 ], [ 9.185908, 44.429383 ], [ 9.185803, 44.429369 ] ] ] } },
{ "type": "Feature", "properties": { "osm_id": 187694476, "highway": "residential", "surface": "", "name": "Via Musanti", "paved": true }, "geometry": { "type": "LineString", "coordinates": [ [ 9.183446, 44.429167 ], [ 9.183423, 44.429101 ], [ 9.183408, 44.429083 ], [ 9.183382, 44.42908 ], [ 9.183277, 44.429085 ], [ 9.183127, 44.429105 ], [ 9.182967, 44.429147 ], [ 9.182804, 44.429206 ], [ 9.182597, 44.429321 ], [ 9.182446, 44.429426 ], [ 9.182395, 44.429481 ], [ 9.182255, 44.429712 ] ] } },
{ "type": "Feature", "properties": { "osm_id": 188027112, "highway": "service", "surface": "", "name": "Via Gelasio Adamoli", "paved": false }, "geometry": { "type": "LineString", "coordinates": [ [ 8.994157, 44.448573 ], [ 8.994215, 44.448541 ], [ 8.99423, 44.44851 ], [ 8.994216, 44.448425 ], [ 8.994179, 44.448354 ], [ 8.994196, 44.448259 ], [ 8.994238, 44.448228 ] ] } },
{ "type": "Feature", "properties": { "osm_id": 188059886, "highway": "residential", "surface": "", "name": "Via Ruggero Bardazzi", "paved": true }, "geometry": { "type": "LineString", "coordinates": [ [ 9.031163, 44.450378 ], [ 9.031192, 44.450415 ], [ 9.031366, 44.450566 ], [ 9.031998, 44.451297 ], [ 9.032151, 44.451415 ], [ 9.032317, 44.451521 ], [ 9.032488, 44.451597 ], [ 9.032612, 44.451603 ], [ 9.032739, 44.451567 ], [ 9.032818, 44.451515 ] ] } },
{ "type": "Feature", "properties": { "osm_id": 188059888, "highway": "track", "surface": "", "name": "Salita La Parte", "paved": false }, "geometry": { "type": "LineString", "coordinates": [ [ 9.027085, 44.45378 ], [ 9.027191, 44.453747 ], [ 9.027292, 44.453692 ], [ 9.027342, 44.453703 ], [ 9.027375, 44.453765 ], [ 9.027454, 44.454325 ], [ 9.027511, 44.454439 ], [ 9.027573, 44.454492 ], [ 9.027747, 44.45461 ], [ 9.027936, 44.454682 ], [ 9.028111, 44.454693 ], [ 9.028279, 44.454747 ] ] } },
{ "type": "Feature", "properties": { "osm_id": 188059889, "highway": "residential", "surface": "", "name": "Via Cavassolo", "paved": true }, "geometry": { "type": "LineString", "coordinates": [ [ 9.022149, 44.454573 ], [ 9.022138, 44.454594 ], [ 9.022146, 44.454611 ], [ 9.022178, 44.454629 ], [ 9.022262, 44.45465 ], [ 9.022377, 44.454688 ], [ 9.022509, 44.454741 ], [ 9.0226, 44.454785 ], [ 9.022648, 44.454816 ], [ 9.02269, 44.454859 ] ] } },
{ "type": "Feature", "properties": { "osm_id": 188059890, "highway": "residential", "surface": "", "name": "Via Cavassolo", "paved": true }, "geometry": { "type": "LineString", "coordinates": [ [ 9.024005, 44.455166 ], [ 9.024219, 44.454926 ], [ 9.024256, 44.454844 ], [ 9.024268, 44.454779 ], [ 9.02425, 44.454706 ], [ 9.024252, 44.454558 ], [ 9.024241, 44.454406 ], [ 9.024287, 44.454304 ], [ 9.024397, 44.454118 ], [ 9.024461, 44.453962 ], [ 9.024456, 44.453881 ], [ 9.02444, 44.453838 ] ] } },
{ "type": "Feature", "properties": { "osm_id": 188059891, "highway": "residential", "surface": "", "name": "Salita Chiappa di Struppa", "paved": true }, "geometry": { "type": "LineString", "coordinates": [ [ 9.02402, 44.457008 ], [ 9.024067, 44.456999 ], [ 9.02409, 44.457001 ], [ 9.024112, 44.457011 ], [ 9.0242, 44.45708 ], [ 9.024339, 44.457208 ], [ 9.024416, 44.457315 ], [ 9.024444, 44.457339 ], [ 9.024611, 44.457411 ], [ 9.024765, 44.457461 ], [ 9.024829, 44.457488 ], [ 9.02485, 44.457503 ], [ 9.024906, 44.457566 ], [ 9.024924, 44.457578 ], [ 9.024985, 44.457573 ], [ 9.025486, 44.457444 ], [ 9.02553, 44.45744 ], [ 9.025579, 44.457442 ], [ 9.025826, 44.457478 ], [ 9.026026, 44.457473 ], [ 9.026075, 44.457478 ], [ 9.026118, 44.457488 ], [ 9.02662, 44.457648 ], [ 9.026657, 44.457663 ], [ 9.026692, 44.457681 ], [ 9.026741, 44.45772 ], [ 9.026796, 44.4578 ], [ 9.026851, 44.45791 ], [ 9.026851, 44.457954 ], [ 9.026865, 44.458002 ], [ 9.026903, 44.458074 ], [ 9.026904, 44.458093 ], [ 9.026851, 44.458212 ] ] } },
{ "type": "Feature", "properties": { "osm_id": 188059892, "highway": "service", "surface": "", "name": "", "paved": false }, "geometry": { "type": "LineString", "coordinates": [ [ 9.027523, 44.456102 ], [ 9.027524, 44.456022 ], [ 9.027498, 44.455878 ] ] } },
{ "type": "Feature", "properties": { "osm_id": 188059893, "highway": "track", "surface": "", "name": "", "paved": false }, "geometry": { "type": "LineString", "coordinates": [ [ 9.029698, 44.454251 ], [ 9.029509, 44.454194 ], [ 9.029417, 44.454199 ], [ 9.029377, 44.454237 ], [ 9.029369, 44.454312 ], [ 9.029349, 44.454402 ], [ 9.029034, 44.455087 ], [ 9.02901, 44.455188 ], [ 9.028991, 44.455203 ], [ 9.028964, 44.455211 ], [ 9.028944, 44.455204 ], [ 9.028925, 44.455191 ], [ 9.028918, 44.455173 ], [ 9.028936, 44.455048 ], [ 9.028929, 44.454905 ], [ 9.028909, 44.454822 ], [ 9.028859, 44.454754 ], [ 9.028795, 44.454729 ], [ 9.028762, 44.454726 ], [ 9.028681, 44.454747 ], [ 9.028615, 44.454772 ], [ 9.028364, 44.454742 ], [ 9.028279, 44.454747 ] ] } },
{ "type": "Feature", "properties": { "osm_id": 188059894, "highway": "residential", "surface": "", "name": "Via Cavassolo", "paved": true }, "geometry": { "type": "LineString", "coordinates": [ [ 9.02269, 44.454859 ], [ 9.022602, 44.454892 ], [ 9.022072, 44.454992 ] ] } },
{ "type": "Feature", "properties": { "osm_id": 188059896, "highway": "footway", "surface": "", "name": "Via Cavassolo", "paved": false }, "geometry": { "type": "MultiLineString", "coordinates": [ [ [ 9.024169, 44.453722 ], [ 9.024142, 44.453596 ], [ 9.024145, 44.453423 ], [ 9.024228, 44.453259 ], [ 9.024271, 44.45314 ], [ 9.024265, 44.453052 ], [ 9.024324, 44.452981 ], [ 9.024456, 44.45291 ], [ 9.024805, 44.452774 ], [ 9.024888, 44.452703 ], [ 9.024898, 44.452602 ], [ 9.024947, 44.452487 ], [ 9.024929, 44.452433 ], [ 9.024818, 44.452334 ], [ 9.024797, 44.452234 ], [ 9.024842, 44.452095 ], [ 9.025124, 44.451848 ] ], [ [ 9.025256, 44.451789 ], [ 9.025538, 44.451784 ], [ 9.025717, 44.451749 ], [ 9.026021, 44.451658 ], [ 9.026153, 44.451604 ], [ 9.026286, 44.451529 ], [ 9.02642, 44.451462 ], [ 9.026545, 44.451329 ], [ 9.026618, 44.451292 ], [ 9.026775, 44.451265 ], [ 9.027084, 44.45127 ] ] ] } },
{ "type": "Feature", "properties": { "osm_id": 188059897, "highway": "residential", "surface": "", "name": "", "paved": true }, "geometry": { "type": "LineString", "coordinates": [ [ 9.026176, 44.455741 ], [ 9.025736, 44.455461 ], [ 9.025593, 44.455387 ] ] } },
{ "type": "Feature", "properties": { "osm_id": 188059899, "highway": "residential", "surface": "", "name": "Salita La Parte", "paved": true }, "geometry": { "type": "LineString", "coordinates": [ [ 9.028279, 44.454747 ], [ 9.028333, 44.454773 ], [ 9.028403, 44.454793 ], [ 9.02844, 44.454811 ], [ 9.028468, 44.454837 ], [ 9.028477, 44.454882 ], [ 9.028463, 44.454937 ], [ 9.028197, 44.455319 ], [ 9.028177, 44.45541 ], [ 9.028191, 44.4556 ], [ 9.028178, 44.455707 ], [ 9.027971, 44.456017 ], [ 9.02793, 44.456154 ], [ 9.027918, 44.456265 ], [ 9.02792, 44.45631 ], [ 9.027903, 44.456337 ], [ 9.027876, 44.456349 ], [ 9.02784, 44.456348 ], [ 9.027802, 44.456334 ], [ 9.027709, 44.456199 ], [ 9.027669, 44.456159 ], [ 9.027598, 44.456114 ], [ 9.027562, 44.456104 ], [ 9.027523, 44.456102 ], [ 9.027276, 44.456115 ], [ 9.027242, 44.45611 ], [ 9.026999, 44.456102 ], [ 9.026945, 44.456112 ], [ 9.026819, 44.456146 ], [ 9.026711, 44.456162 ], [ 9.026656, 44.456163 ], [ 9.026609, 44.456157 ], [ 9.026509, 44.456127 ], [ 9.026476, 44.456107 ], [ 9.02645, 44.456072 ], [ 9.026368, 44.45573 ], [ 9.026358, 44.455707 ], [ 9.026331, 44.455687 ], [ 9.026283, 44.455676 ], [ 9.026235, 44.455684 ], [ 9.026204, 44.455702 ], [ 9.026176, 44.455741 ], [ 9.026204, 44.455878 ], [ 9.0262, 44.455936 ], [ 9.026151, 44.455978 ], [ 9.025984, 44.456058 ], [ 9.025878, 44.45609 ], [ 9.025782, 44.456111 ], [ 9.02563, 44.456124 ], [ 9.0255, 44.456123 ], [ 9.02538, 44.456111 ], [ 9.025205, 44.456069 ], [ 9.025133, 44.456039 ], [ 9.025004, 44.455955 ], [ 9.024866, 44.455789 ], [ 9.024739, 44.45573 ], [ 9.024689, 44.455685 ], [ 9.024503, 44.455418 ], [ 9.024358, 44.455327 ], [ 9.024188, 44.455283 ], [ 9.024048, 44.455277 ], [ 9.023974, 44.455246 ] ] } },
{ "type": "Feature", "properties": { "osm_id": 188059900, "highway": "residential", "surface": "", "name": "", "paved": true }, "geometry": { "type": "LineString", "coordinates": [ [ 9.026283, 44.455676 ], [ 9.026395, 44.455619 ], [ 9.026552, 44.455564 ], [ 9.026841, 44.455518 ], [ 9.026894, 44.455475 ] ] } },
{ "type": "Feature", "properties": { "osm_id": 188059901, "highway": "residential", "surface": "", "name": "", "paved": true }, "geometry": { "type": "LineString", "coordinates": [ [ 9.023235, 44.454988 ], [ 9.023616, 44.454746 ], [ 9.023627, 44.454722 ], [ 9.023626, 44.454649 ], [ 9.023614, 44.454599 ], [ 9.023596, 44.454566 ] ] } },
{ "type": "Feature", "properties": { "osm_id": 188515109, "highway": "service", "surface": "paving_stones", "name": "", "paved": true }, "geometry": { "type": "LineString", "coordinates": [ [ 8.975689, 44.45201 ], [ 8.975922, 44.452164 ] ] } },
{ "type": "Feature", "properties": { "osm_id": 189186309, "highway": "path", "surface": "dirt", "name": "", "paved": false }, "geometry": { "type": "LineString", "coordinates": [ [ 9.034429, 44.451915 ], [ 9.034545, 44.451908 ], [ 9.03471, 44.451915 ], [ 9.034897, 44.45193 ], [ 9.035037, 44.45198 ], [ 9.035103, 44.452031 ], [ 9.035144, 44.452152 ], [ 9.035225, 44.452343 ], [ 9.035358, 44.452701 ], [ 9.035351, 44.452837 ], [ 9.035297, 44.452969 ], [ 9.035268, 44.453159 ], [ 9.03526, 44.453282 ], [ 9.035305, 44.453463 ], [ 9.035342, 44.453657 ], [ 9.035366, 44.453701 ], [ 9.035909, 44.454072 ], [ 9.035924, 44.454141 ], [ 9.035866, 44.454218 ], [ 9.035831, 44.454306 ], [ 9.035838, 44.454371 ], [ 9.035898, 44.454432 ], [ 9.035975, 44.454466 ], [ 9.036085, 44.454476 ], [ 9.036215, 44.454528 ], [ 9.036284, 44.454612 ], [ 9.036335, 44.45472 ], [ 9.036341, 44.454862 ], [ 9.03632, 44.454973 ], [ 9.036393, 44.455066 ], [ 9.03645, 44.455106 ], [ 9.03652, 44.455123 ], [ 9.036638, 44.455091 ], [ 9.036746, 44.455087 ], [ 9.036866, 44.455123 ], [ 9.036968, 44.455198 ], [ 9.037094, 44.4553 ], [ 9.037151, 44.45538 ], [ 9.037161, 44.455452 ], [ 9.037096, 44.455537 ], [ 9.037009, 44.455612 ], [ 9.036986, 44.455659 ], [ 9.037102, 44.455743 ], [ 9.037164, 44.455828 ] ] } },
{ "type": "Feature", "properties": { "osm_id": 193289968, "highway": "secondary", "surface": "asphalt", "name": "", "paved": true }, "geometry": { "type": "LineString", "coordinates": [ [ 9.169175, 44.439837 ], [ 9.169342, 44.439673 ], [ 9.169581, 44.43942 ], [ 9.169716, 44.439309 ], [ 9.169909, 44.439191 ], [ 9.170171, 44.439115 ], [ 9.170261, 44.439098 ] ] } },
{ "type": "Feature", "properties": { "osm_id": 193289969, "highway": "secondary", "surface": "asphalt", "name": "", "paved": true }, "geometry": { "type": "MultiLineString", "coordinates": [ [ [ 9.170987, 44.438994 ], [ 9.170981, 44.438967 ], [ 9.170962, 44.43894 ], [ 9.170911, 44.438924 ], [ 9.170261, 44.438907 ], [ 9.170028, 44.438933 ], [ 9.169579, 44.43905 ], [ 9.168984, 44.439263 ], [ 9.168783, 44.439364 ], [ 9.1687, 44.439444 ], [ 9.168613, 44.43965 ], [ 9.168545, 44.439717 ], [ 9.16843, 44.439762 ], [ 9.168272, 44.439743 ], [ 9.168163, 44.439658 ], [ 9.167995, 44.439498 ], [ 9.167767, 44.4394 ], [ 9.167296, 44.439325 ], [ 9.166889, 44.439317 ], [ 9.166772, 44.439337 ], [ 9.166205, 44.43966 ], [ 9.165919, 44.439861 ], [ 9.165813, 44.439994 ], [ 9.165741, 44.44005 ], [ 9.165319, 44.440277 ] ], [ [ 9.164156, 44.440223 ], [ 9.163366, 44.439807 ], [ 9.163182, 44.439759 ], [ 9.163053, 44.439753 ], [ 9.162989, 44.439759 ], [ 9.162866, 44.439789 ], [ 9.162731, 44.439801 ], [ 9.162441, 44.439756 ], [ 9.162311, 44.439756 ], [ 9.162183, 44.439779 ], [ 9.162071, 44.439815 ], [ 9.161945, 44.439865 ], [ 9.161838, 44.439899 ], [ 9.161691, 44.439905 ], [ 9.161453, 44.439878 ], [ 9.161367, 44.439853 ], [ 9.161312, 44.439809 ], [ 9.161182, 44.439581 ], [ 9.161107, 44.439527 ], [ 9.160557, 44.43939 ], [ 9.160447, 44.439378 ], [ 9.16002, 44.439372 ], [ 9.159956, 44.439368 ], [ 9.159886, 44.439346 ], [ 9.159268, 44.438791 ], [ 9.159104, 44.4387 ], [ 9.15907, 44.438657 ], [ 9.159065, 44.438605 ], [ 9.15911, 44.438561 ], [ 9.159183, 44.43854 ], [ 9.159264, 44.438549 ], [ 9.159706, 44.438794 ], [ 9.159763, 44.438814 ], [ 9.159805, 44.438815 ], [ 9.159843, 44.438804 ], [ 9.159869, 44.438786 ], [ 9.159884, 44.438761 ], [ 9.159873, 44.438701 ], [ 9.159611, 44.438385 ], [ 9.159449, 44.438287 ], [ 9.158594, 44.437995 ], [ 9.15814, 44.43787 ], [ 9.157669, 44.437619 ], [ 9.156932, 44.437144 ], [ 9.156768, 44.437105 ], [ 9.156604, 44.437102 ], [ 9.15645, 44.437146 ], [ 9.156299, 44.437251 ], [ 9.155988, 44.437685 ], [ 9.155836, 44.438022 ], [ 9.1557, 44.438357 ], [ 9.155642, 44.438586 ], [ 9.155612, 44.438643 ], [ 9.155585, 44.43868 ], [ 9.155558, 44.438697 ], [ 9.155444, 44.438734 ] ] ] } },
{ "type": "Feature", "properties": { "osm_id": 193289970, "highway": "primary", "surface": "asphalt", "name": "Via Donega", "paved": true }, "geometry": { "type": "LineString", "coordinates": [ [ 9.177006, 44.433066 ], [ 9.176449, 44.432949 ], [ 9.176078, 44.432903 ], [ 9.175593, 44.432874 ] ] } },
{ "type": "Feature", "properties": { "osm_id": 193290141, "highway": "unclassified", "surface": "asphalt", "name": "", "paved": true }, "geometry": { "type": "LineString", "coordinates": [ [ 9.212325, 44.419877 ], [ 9.21255, 44.419646 ], [ 9.213259, 44.418985 ], [ 9.214278, 44.418007 ], [ 9.214393, 44.41792 ], [ 9.214408, 44.4179 ], [ 9.214398, 44.417842 ] ] } },
{ "type": "Feature", "properties": { "osm_id": 193290142, "highway": "unclassified", "surface": "asphalt", "name": "", "paved": true }, "geometry": { "type": "LineString", "coordinates": [ [ 9.213033, 44.420908 ], [ 9.212999, 44.421016 ], [ 9.212927, 44.421129 ], [ 9.212545, 44.421486 ], [ 9.212456, 44.421648 ], [ 9.212441, 44.421837 ], [ 9.212438, 44.42205 ], [ 9.212472, 44.422173 ], [ 9.212715, 44.422612 ], [ 9.212827, 44.422723 ], [ 9.213412, 44.423006 ], [ 9.213652, 44.423152 ], [ 9.213796, 44.423303 ], [ 9.21406, 44.423802 ] ] } },
{ "type": "Feature", "properties": { "osm_id": 193290144, "highway": "primary", "surface": "asphalt", "name": "Strada statale 225 della Fontanabuona", "paved": true }, "geometry": { "type": "LineString", "coordinates": [ [ 9.218438, 44.416344 ], [ 9.218595, 44.415986 ] ] } },
{ "type": "Feature", "properties": { "osm_id": 193290145, "highway": "primary", "surface": "asphalt", "name": "Via del Commercio", "paved": true }, "geometry": { "type": "LineString", "coordinates": [ [ 9.185596, 44.429153 ], [ 9.184981, 44.429115 ], [ 9.184477, 44.429102 ], [ 9.184015, 44.429114 ], [ 9.183629, 44.429134 ], [ 9.183446, 44.429167 ], [ 9.183366, 44.429192 ], [ 9.183264, 44.429229 ], [ 9.183114, 44.4293 ], [ 9.183022, 44.429352 ], [ 9.182868, 44.429459 ], [ 9.182775, 44.429534 ], [ 9.182709, 44.4296 ] ] } },
{ "type": "Feature", "properties": { "osm_id": 193290146, "highway": "primary", "surface": "asphalt", "name": "Strada statale 225 della Fontanabuona", "paved": true }, "geometry": { "type": "MultiLineString", "coordinates": [ [ [ 9.198895, 44.423494 ], [ 9.198536, 44.423591 ], [ 9.19841, 44.423645 ], [ 9.198329, 44.423704 ], [ 9.198283, 44.423758 ], [ 9.198242, 44.42382 ], [ 9.198208, 44.423991 ], [ 9.198146, 44.424154 ], [ 9.198096, 44.424255 ], [ 9.197906, 44.424558 ], [ 9.19782, 44.424779 ], [ 9.197781, 44.424839 ], [ 9.197728, 44.424889 ], [ 9.197582, 44.424975 ], [ 9.197377, 44.425086 ], [ 9.197208, 44.425158 ], [ 9.197054, 44.425212 ], [ 9.19675, 44.425285 ], [ 9.196442, 44.425343 ], [ 9.196032, 44.425387 ], [ 9.195573, 44.425419 ], [ 9.195411, 44.425416 ], [ 9.195264, 44.425392 ], [ 9.194127, 44.425024 ] ], [ [ 9.190545, 44.426197 ], [ 9.190536, 44.426448 ], [ 9.190551, 44.42659 ], [ 9.19063, 44.427036 ], [ 9.19069, 44.427175 ], [ 9.190784, 44.427299 ], [ 9.19104, 44.427526 ], [ 9.191103, 44.427613 ], [ 9.191163, 44.427798 ], [ 9.19118, 44.427911 ], [ 9.191176, 44.428046 ], [ 9.191137, 44.428224 ], [ 9.191101, 44.428312 ], [ 9.191042, 44.428392 ], [ 9.190684, 44.428785 ], [ 9.190543, 44.428889 ], [ 9.190469, 44.428927 ], [ 9.190233, 44.429007 ], [ 9.190096, 44.429066 ], [ 9.189882, 44.429179 ], [ 9.189609, 44.429298 ], [ 9.189462, 44.429347 ], [ 9.189284, 44.429382 ], [ 9.189027, 44.429415 ], [ 9.18847, 44.42944 ] ] ] } },
{ "type": "Feature", "properties": { "osm_id": 193290147, "highway": "primary", "surface": "asphalt", "name": "Strada statale 225 della Fontanabuona", "paved": true }, "geometry": { "type": "LineString", "coordinates": [ [ 9.203573, 44.424265 ], [ 9.203466, 44.424278 ], [ 9.203352, 44.424284 ], [ 9.203259, 44.42428 ], [ 9.203139, 44.424274 ], [ 9.202886, 44.424231 ], [ 9.202773, 44.4242 ], [ 9.202191, 44.424018 ], [ 9.200702, 44.423537 ] ] } },
{ "type": "Feature", "properties": { "osm_id": 193955325, "highway": "footway", "surface": "", "name": "Salita Loggia", "paved": false }, "geometry": { "type": "LineString", "coordinates": [ [ 9.021022, 44.455152 ], [ 9.02092, 44.455108 ], [ 9.020729, 44.455064 ], [ 9.020655, 44.455039 ], [ 9.020579, 44.455003 ], [ 9.020011, 44.454834 ], [ 9.019912, 44.454819 ], [ 9.019821, 44.454834 ], [ 9.019735, 44.454874 ], [ 9.019614, 44.454932 ], [ 9.019453, 44.455038 ], [ 9.019407, 44.454988 ], [ 9.019335, 44.454895 ], [ 9.019341, 44.454842 ] ] } },
{ "type": "Feature", "properties": { "osm_id": 193956314, "highway": "residential", "surface": "", "name": "Salita Cappelletta di Santa Maria Maddalena", "paved": true }, "geometry": { "type": "LineString", "coordinates": [ [ 9.022666, 44.458786 ], [ 9.022636, 44.45882 ], [ 9.022617, 44.458827 ], [ 9.022324, 44.458843 ], [ 9.022281, 44.458836 ], [ 9.02203, 44.458692 ], [ 9.021901, 44.458625 ], [ 9.021844, 44.458607 ], [ 9.021795, 44.458598 ], [ 9.021715, 44.458596 ], [ 9.021662, 44.458578 ], [ 9.02163, 44.458558 ], [ 9.021476, 44.458429 ], [ 9.02132, 44.458311 ], [ 9.021123, 44.458186 ], [ 9.021084, 44.458145 ], [ 9.020921, 44.457865 ], [ 9.020839, 44.457771 ], [ 9.020776, 44.45771 ], [ 9.020686, 44.457639 ], [ 9.020591, 44.45758 ], [ 9.020478, 44.457492 ], [ 9.020465, 44.457465 ], [ 9.020423, 44.457291 ], [ 9.020414, 44.457164 ], [ 9.020422, 44.457063 ], [ 9.020469, 44.456937 ] ] } },
{ "type": "Feature", "properties": { "osm_id": 193956736, "highway": "residential", "surface": "", "name": "Salita Ca Giana", "paved": true }, "geometry": { "type": "LineString", "coordinates": [ [ 9.019214, 44.456893 ], [ 9.019346, 44.456895 ], [ 9.019557, 44.456911 ], [ 9.019663, 44.456928 ], [ 9.019714, 44.456929 ], [ 9.019767, 44.456927 ], [ 9.019873, 44.456914 ], [ 9.019919, 44.456899 ], [ 9.019953, 44.456882 ], [ 9.020033, 44.45688 ], [ 9.020341, 44.4569 ], [ 9.020435, 44.456919 ], [ 9.020469, 44.456937 ] ] } },
{ "type": "Feature", "properties": { "osm_id": 193956952, "highway": "residential", "surface": "", "name": "", "paved": true }, "geometry": { "type": "LineString", "coordinates": [ [ 9.0195, 44.457899 ], [ 9.019507, 44.457871 ], [ 9.019601, 44.457806 ], [ 9.019818, 44.457691 ], [ 9.019857, 44.457676 ], [ 9.019964, 44.457665 ], [ 9.019988, 44.457658 ], [ 9.02001, 44.457645 ], [ 9.020065, 44.457589 ], [ 9.020089, 44.457578 ], [ 9.020172, 44.457572 ], [ 9.020199, 44.457566 ], [ 9.020238, 44.457547 ], [ 9.020337, 44.457541 ], [ 9.020387, 44.457543 ], [ 9.020591, 44.45758 ] ] } },
{ "type": "Feature", "properties": { "osm_id": 193959420, "highway": "unclassified", "surface": "asphalt", "name": "Salita Gave", "paved": true }, "geometry": { "type": "LineString", "coordinates": [ [ 9.024512, 44.459963 ], [ 9.024517, 44.459977 ], [ 9.024544, 44.460005 ], [ 9.02456, 44.460032 ] ] } },
{ "type": "Feature", "properties": { "osm_id": 196195022, "highway": "service", "surface": "", "name": "", "paved": false }, "geometry": { "type": "LineString", "coordinates": [ [ 9.143197, 44.434552 ], [ 9.143124, 44.434484 ], [ 9.143047, 44.434443 ], [ 9.142982, 44.434381 ], [ 9.142943, 44.434303 ], [ 9.142938, 44.434211 ], [ 9.142995, 44.434103 ], [ 9.143067, 44.434036 ], [ 9.143244, 44.433921 ], [ 9.143478, 44.43379 ], [ 9.143543, 44.433721 ], [ 9.143537, 44.433629 ], [ 9.143451, 44.433408 ], [ 9.143252, 44.433085 ] ] } },
{ "type": "Feature", "properties": { "osm_id": 196195025, "highway": "service", "surface": "", "name": "", "paved": false }, "geometry": { "type": "LineString", "coordinates": [ [ 9.137296, 44.433344 ], [ 9.137281, 44.433458 ] ] } },
{ "type": "Feature", "properties": { "osm_id": 196195027, "highway": "service", "surface": "", "name": "", "paved": false }, "geometry": { "type": "LineString", "coordinates": [ [ 9.144995, 44.434664 ], [ 9.144929, 44.434571 ], [ 9.144844, 44.434501 ] ] } },
{ "type": "Feature", "properties": { "osm_id": 196195032, "highway": "service", "surface": "", "name": "", "paved": false }, "geometry": { "type": "LineString", "coordinates": [ [ 9.1425, 44.434267 ], [ 9.142478, 44.43432 ], [ 9.14269, 44.434403 ], [ 9.142755, 44.434464 ], [ 9.14273, 44.434521 ], [ 9.142647, 44.434584 ], [ 9.142417, 44.434483 ] ] } },
{ "type": "Feature", "properties": { "osm_id": 196202997, "highway": "pedestrian", "surface": "", "name": "Acquedotto Storico di Genova", "paved": false }, "geometry": { "type": "LineString", "coordinates": [ [ 8.97114, 44.451735 ], [ 8.971146, 44.45163 ], [ 8.971134, 44.451593 ], [ 8.971093, 44.451551 ], [ 8.971045, 44.451518 ] ] } },
{ "type": "Feature", "properties": { "osm_id": 196283333, "highway": "living_street", "surface": "", "name": "Via Giacomazzi", "paved": true }, "geometry": { "type": "LineString", "coordinates": [ [ 9.105545, 44.43675 ], [ 9.105613, 44.436948 ], [ 9.105719, 44.437128 ] ] } },
{ "type": "Feature", "properties": { "osm_id": 196283344, "highway": "living_street", "surface": "", "name": "", "paved": true }, "geometry": { "type": "LineString", "coordinates": [ [ 9.106019, 44.436959 ], [ 9.10602, 44.437029 ], [ 9.106094, 44.437351 ] ] } },
{ "type": "Feature", "properties": { "osm_id": 196283346, "highway": "unclassified", "surface": "", "name": "Via Monte San Michele", "paved": false }, "geometry": { "type": "LineString", "coordinates": [ [ 9.093801, 44.443981 ], [ 9.093807, 44.443947 ] ] } },
{ "type": "Feature", "properties": { "osm_id": 196283349, "highway": "residential", "surface": "", "name": "", "paved": true }, "geometry": { "type": "LineString", "coordinates": [ [ 9.103518, 44.435186 ], [ 9.103547, 44.435197 ] ] } },
{ "type": "Feature", "properties": { "osm_id": 196283351, "highway": "living_street", "surface": "", "name": "", "paved": true }, "geometry": { "type": "LineString", "coordinates": [ [ 9.106393, 44.438299 ], [ 9.106299, 44.438405 ], [ 9.106142, 44.438487 ], [ 9.106063, 44.438597 ], [ 9.106004, 44.438706 ] ] } },
{ "type": "Feature", "properties": { "osm_id": 196283352, "highway": "living_street", "surface": "", "name": "", "paved": true }, "geometry": { "type": "LineString", "coordinates": [ [ 9.10557, 44.438128 ], [ 9.10564, 44.438143 ], [ 9.105663, 44.438177 ], [ 9.105669, 44.438223 ], [ 9.105729, 44.438303 ] ] } },
{ "type": "Feature", "properties": { "osm_id": 196283356, "highway": "living_street", "surface": "", "name": "", "paved": true }, "geometry": { "type": "LineString", "coordinates": [ [ 9.106158, 44.437037 ], [ 9.106309, 44.437075 ], [ 9.106372, 44.437074 ], [ 9.106435, 44.437038 ], [ 9.106433, 44.436972 ], [ 9.106226, 44.43677 ], [ 9.106003, 44.436628 ], [ 9.105882, 44.436607 ], [ 9.105708, 44.436492 ] ] } },
{ "type": "Feature", "properties": { "osm_id": 197249912, "highway": "primary", "surface": "asphalt", "name": "Strada statale 225 della Fontanabuona", "paved": true }, "geometry": { "type": "LineString", "coordinates": [ [ 9.218683, 44.415677 ], [ 9.218667, 44.415441 ] ] } },
{ "type": "Feature", "properties": { "osm_id": 197249913, "highway": "primary", "surface": "asphalt", "name": "Strada statale 225 della Fontanabuona", "paved": true }, "geometry": { "type": "LineString", "coordinates": [ [ 9.218595, 44.415986 ], [ 9.218683, 44.415677 ] ] } },
{ "type": "Feature", "properties": { "osm_id": 197250012, "highway": "service", "surface": "", "name": "", "paved": false }, "geometry": { "type": "LineString", "coordinates": [ [ 9.217618, 44.416189 ], [ 9.217529, 44.416167 ], [ 9.217453, 44.416132 ], [ 9.217305, 44.416014 ] ] } },
{ "type": "Feature", "properties": { "osm_id": 197250017, "highway": "service", "surface": "", "name": "", "paved": false }, "geometry": { "type": "LineString", "coordinates": [ [ 9.222364, 44.414 ], [ 9.222472, 44.414042 ], [ 9.222663, 44.414157 ], [ 9.222744, 44.414273 ], [ 9.222849, 44.414521 ] ] } },
{ "type": "Feature", "properties": { "osm_id": 197250018, "highway": "service", "surface": "", "name": "", "paved": false }, "geometry": { "type": "LineString", "coordinates": [ [ 9.218137, 44.414383 ], [ 9.217966, 44.414354 ], [ 9.217823, 44.414292 ], [ 9.21771, 44.414144 ], [ 9.217662, 44.413973 ] ] } },
{ "type": "Feature", "properties": { "osm_id": 198783032, "highway": "service", "surface": "", "name": "", "paved": false }, "geometry": { "type": "LineString", "coordinates": [ [ 9.02135, 44.455752 ], [ 9.021431, 44.455793 ], [ 9.02145, 44.455795 ], [ 9.021473, 44.455792 ] ] } },
{ "type": "Feature", "properties": { "osm_id": 200037001, "highway": "service", "surface": "", "name": "", "paved": false }, "geometry": { "type": "LineString", "coordinates": [ [ 9.165833, 44.433754 ], [ 9.165867, 44.433651 ], [ 9.165954, 44.433527 ], [ 9.165962, 44.433494 ], [ 9.165948, 44.433456 ], [ 9.165918, 44.433414 ], [ 9.165741, 44.433289 ], [ 9.165677, 44.43309 ], [ 9.165678, 44.433076 ] ] } },
{ "type": "Feature", "properties": { "osm_id": 203377323, "highway": "primary", "surface": "asphalt", "name": "Via Gelasio Adamoli", "paved": true }, "geometry": { "type": "MultiLineString", "coordinates": [ [ [ 8.980876, 44.452959 ], [ 8.983487, 44.453576 ] ], [ [ 8.986914, 44.453604 ], [ 8.9878, 44.453363 ], [ 8.989426, 44.452932 ], [ 8.990088, 44.452702 ], [ 8.990373, 44.452566 ], [ 8.990747, 44.45235 ], [ 8.991185, 44.452015 ], [ 8.991397, 44.451819 ], [ 8.991472, 44.451666 ], [ 8.991497, 44.451595 ], [ 8.991518, 44.451472 ], [ 8.991497, 44.451269 ], [ 8.991372, 44.451011 ], [ 8.991374, 44.450741 ], [ 8.991462, 44.45044 ], [ 8.991662, 44.450133 ], [ 8.991794, 44.449998 ], [ 8.992076, 44.449783 ], [ 8.992444, 44.449574 ], [ 8.993018, 44.449255 ], [ 8.993451, 44.449062 ], [ 8.993941, 44.448898 ], [ 8.994811, 44.448667 ] ] ] } },
{ "type": "Feature", "properties": { "osm_id": 204424068, "highway": "unclassified", "surface": "", "name": "", "paved": false }, "geometry": { "type": "MultiLineString", "coordinates": [ [ [ 9.045552, 44.453979 ], [ 9.045748, 44.453883 ] ], [ [ 9.046414, 44.453561 ], [ 9.046313, 44.453495 ], [ 9.046111, 44.453389 ], [ 9.045745, 44.453148 ], [ 9.045553, 44.453067 ] ] ] } },
{ "type": "Feature", "properties": { "osm_id": 204467506, "highway": "footway", "surface": "", "name": "", "paved": false }, "geometry": { "type": "LineString", "coordinates": [ [ 9.045948, 44.451129 ], [ 9.04616, 44.451098 ], [ 9.046334, 44.451087 ] ] } },
{ "type": "Feature", "properties": { "osm_id": 211132012, "highway": "primary", "surface": "asphalt", "name": "Via Gelasio Adamoli", "paved": true }, "geometry": { "type": "LineString", "coordinates": [ [ 8.980617, 44.452998 ], [ 8.979558, 44.452748 ], [ 8.979192, 44.452645 ], [ 8.978574, 44.452437 ], [ 8.978042, 44.452235 ], [ 8.977368, 44.451946 ], [ 8.97704, 44.451788 ], [ 8.976639, 44.451556 ], [ 8.975901, 44.451105 ], [ 8.974747, 44.450256 ], [ 8.973127, 44.448986 ], [ 8.972781, 44.448704 ], [ 8.972153, 44.448167 ] ] } },
{ "type": "Feature", "properties": { "osm_id": 211147251, "highway": "secondary", "surface": "asphalt", "name": "Via Molassana", "paved": true }, "geometry": { "type": "LineString", "coordinates": [ [ 8.978492, 44.453646 ], [ 8.978064, 44.453424 ] ] } },
{ "type": "Feature", "properties": { "osm_id": 215446938, "highway": "residential", "surface": "", "name": "", "paved": true }, "geometry": { "type": "LineString", "coordinates": [ [ 9.2192, 44.411893 ], [ 9.219423, 44.412292 ], [ 9.219423, 44.412345 ], [ 9.219389, 44.412395 ], [ 9.219169, 44.412641 ], [ 9.219169, 44.412701 ] ] } },
{ "type": "Feature", "properties": { "osm_id": 215446939, "highway": "service", "surface": "", "name": "", "paved": false }, "geometry": { "type": "LineString", "coordinates": [ [ 9.218069, 44.4174 ], [ 9.218692, 44.417391 ] ] } },
{ "type": "Feature", "properties": { "osm_id": 215446940, "highway": "residential", "surface": "", "name": "", "paved": true }, "geometry": { "type": "LineString", "coordinates": [ [ 9.212473, 44.418953 ], [ 9.212522, 44.419178 ], [ 9.212666, 44.419537 ] ] } },
{ "type": "Feature", "properties": { "osm_id": 215446941, "highway": "service", "surface": "", "name": "", "paved": false }, "geometry": { "type": "LineString", "coordinates": [ [ 9.211714, 44.418844 ], [ 9.211704, 44.418763 ], [ 9.211808, 44.41869 ], [ 9.211796, 44.418602 ] ] } },
{ "type": "Feature", "properties": { "osm_id": 215446942, "highway": "residential", "surface": "", "name": "", "paved": true }, "geometry": { "type": "LineString", "coordinates": [ [ 9.206971, 44.421379 ], [ 9.206875, 44.4212 ], [ 9.206701, 44.420753 ] ] } },
{ "type": "Feature", "properties": { "osm_id": 215446943, "highway": "service", "surface": "", "name": "", "paved": false }, "geometry": { "type": "LineString", "coordinates": [ [ 9.21825, 44.416875 ], [ 9.218519, 44.416927 ], [ 9.218519, 44.417037 ], [ 9.21841, 44.417142 ] ] } },
{ "type": "Feature", "properties": { "osm_id": 220511908, "highway": "footway", "surface": "", "name": "Salita Ca dei Bazzurri", "paved": false }, "geometry": { "type": "LineString", "coordinates": [ [ 9.021641, 44.456378 ], [ 9.021676, 44.456337 ], [ 9.021863, 44.456047 ] ] } },
{ "type": "Feature", "properties": { "osm_id": 220511909, "highway": "footway", "surface": "", "name": "Salita Ca dei Bazzurri", "paved": false }, "geometry": { "type": "LineString", "coordinates": [ [ 9.021863, 44.456047 ], [ 9.021836, 44.455993 ], [ 9.021858, 44.455987 ], [ 9.02188, 44.455993 ], [ 9.021892, 44.455987 ], [ 9.021984, 44.455874 ], [ 9.022032, 44.455734 ], [ 9.022038, 44.4555 ], [ 9.022072, 44.455175 ], [ 9.022072, 44.454992 ] ] } },
{ "type": "Feature", "properties": { "osm_id": 220511910, "highway": "residential", "surface": "", "name": "Via Ca' di Costa", "paved": true }, "geometry": { "type": "LineString", "coordinates": [ [ 9.025618, 44.458754 ], [ 9.025657, 44.458748 ], [ 9.025685, 44.45875 ], [ 9.025786, 44.45878 ], [ 9.0259, 44.458821 ], [ 9.025932, 44.458855 ], [ 9.026003, 44.458962 ], [ 9.026056, 44.45902 ], [ 9.026122, 44.459076 ], [ 9.026164, 44.45912 ], [ 9.026207, 44.459192 ], [ 9.026236, 44.459286 ], [ 9.026266, 44.459333 ], [ 9.026289, 44.459353 ] ] } },
{ "type": "Feature", "properties": { "osm_id": 220511911, "highway": "residential", "surface": "asphalt", "name": "Via Ca' di Costa", "paved": true }, "geometry": { "type": "LineString", "coordinates": [ [ 9.022666, 44.458786 ], [ 9.022685, 44.458771 ], [ 9.022716, 44.458762 ], [ 9.022753, 44.458758 ], [ 9.022983, 44.458769 ], [ 9.023007, 44.458766 ], [ 9.023045, 44.458746 ], [ 9.02318, 44.458586 ], [ 9.023184, 44.458551 ], [ 9.02316, 44.458426 ], [ 9.023154, 44.458344 ] ] } },
{ "type": "Feature", "properties": { "osm_id": 220511914, "highway": "unclassified", "surface": "", "name": "Salita Gave", "paved": false }, "geometry": { "type": "LineString", "coordinates": [ [ 9.02456, 44.460032 ], [ 9.024561, 44.460066 ] ] } },
{ "type": "Feature", "properties": { "osm_id": 220511915, "highway": "unclassified", "surface": "asphalt", "name": "Salita Gave", "paved": true }, "geometry": { "type": "LineString", "coordinates": [ [ 9.02456, 44.460032 ], [ 9.024604, 44.460073 ], [ 9.024677, 44.460127 ], [ 9.024809, 44.460205 ], [ 9.025087, 44.460341 ] ] } },
{ "type": "Feature", "properties": { "osm_id": 220511916, "highway": "footway", "surface": "", "name": "Salita Loggia", "paved": false }, "geometry": { "type": "LineString", "coordinates": [ [ 9.019341, 44.454842 ], [ 9.0193, 44.454836 ], [ 9.019232, 44.454841 ], [ 9.019156, 44.454854 ], [ 9.01872, 44.454878 ], [ 9.018433, 44.454864 ], [ 9.018367, 44.454852 ] ] } },
{ "type": "Feature", "properties": { "osm_id": 220511918, "highway": "footway", "surface": "paved", "name": "Salita San Martino di Struppa", "paved": true }, "geometry": { "type": "LineString", "coordinates": [ [ 9.02172, 44.457244 ], [ 9.021745, 44.457256 ], [ 9.021746, 44.457263 ], [ 9.021573, 44.457486 ], [ 9.021575, 44.457493 ], [ 9.021823, 44.457571 ], [ 9.022062, 44.457635 ], [ 9.022116, 44.457684 ], [ 9.022123, 44.457709 ], [ 9.022122, 44.457745 ], [ 9.022073, 44.457949 ], [ 9.022077, 44.458007 ], [ 9.022062, 44.458045 ], [ 9.02205, 44.45814 ], [ 9.022056, 44.458176 ], [ 9.022076, 44.458196 ], [ 9.022123, 44.458231 ], [ 9.022229, 44.458293 ], [ 9.022352, 44.458379 ], [ 9.022436, 44.458442 ], [ 9.022468, 44.458485 ], [ 9.022541, 44.458604 ], [ 9.02263, 44.45872 ], [ 9.022666, 44.458786 ], [ 9.022697, 44.458853 ], [ 9.022727, 44.458953 ], [ 9.022771, 44.459045 ], [ 9.022797, 44.459163 ], [ 9.022823, 44.459213 ], [ 9.022851, 44.459251 ], [ 9.022898, 44.459282 ], [ 9.02318, 44.459432 ], [ 9.023284, 44.459496 ], [ 9.023643, 44.45974 ], [ 9.023765, 44.459789 ], [ 9.023816, 44.459803 ], [ 9.023848, 44.459805 ], [ 9.023923, 44.459784 ], [ 9.024153, 44.459736 ], [ 9.024221, 44.459748 ], [ 9.024255, 44.459762 ], [ 9.024289, 44.459785 ], [ 9.02437, 44.459883 ], [ 9.024413, 44.45992 ], [ 9.024458, 44.459949 ], [ 9.024512, 44.459963 ] ] } },
{ "type": "Feature", "properties": { "osm_id": 220511921, "highway": "footway", "surface": "paved", "name": "Salita San Martino Struppa", "paved": true }, "geometry": { "type": "LineString", "coordinates": [ [ 9.02135, 44.455752 ], [ 9.021419, 44.456106 ], [ 9.021586, 44.456272 ], [ 9.021641, 44.456378 ], [ 9.021654, 44.456424 ], [ 9.02167, 44.45644 ], [ 9.021692, 44.456446 ], [ 9.021719, 44.456445 ], [ 9.021735, 44.45645 ], [ 9.021748, 44.456475 ], [ 9.021752, 44.456518 ], [ 9.021735, 44.45667 ], [ 9.021723, 44.456859 ], [ 9.021733, 44.457084 ], [ 9.02173, 44.457142 ], [ 9.021734, 44.457149 ], [ 9.021807, 44.45718 ], [ 9.021812, 44.457188 ], [ 9.02178, 44.457224 ] ] } },
{ "type": "Feature", "properties": { "osm_id": 220511922, "highway": "footway", "surface": "", "name": "Salita Costa e Poggio", "paved": false }, "geometry": { "type": "LineString", "coordinates": [ [ 9.022067, 44.460851 ], [ 9.021927, 44.460766 ], [ 9.021837, 44.460698 ], [ 9.021781, 44.460638 ], [ 9.021638, 44.460534 ], [ 9.021662, 44.460517 ], [ 9.021689, 44.460503 ], [ 9.021815, 44.460526 ], [ 9.021889, 44.460534 ], [ 9.02197, 44.460536 ], [ 9.022039, 44.460526 ], [ 9.022063, 44.460508 ], [ 9.022422, 44.460422 ], [ 9.02247, 44.460415 ], [ 9.022491, 44.460401 ], [ 9.022496, 44.460363 ], [ 9.022558, 44.460303 ], [ 9.022644, 44.460257 ], [ 9.022706, 44.460234 ], [ 9.022778, 44.460221 ], [ 9.022992, 44.460217 ], [ 9.023047, 44.460212 ], [ 9.02333, 44.460166 ], [ 9.023372, 44.460163 ], [ 9.023996, 44.460178 ], [ 9.024273, 44.460177 ], [ 9.024495, 44.460158 ] ] } },
{ "type": "Feature", "properties": { "osm_id": 220511923, "highway": "tertiary", "surface": "asphalt", "name": "", "paved": true }, "geometry": { "type": "LineString", "coordinates": [ [ 9.024643, 44.460296 ], [ 9.024773, 44.460206 ], [ 9.024561, 44.460066 ], [ 9.024433, 44.460165 ], [ 9.024643, 44.460296 ] ] } },
{ "type": "Feature", "properties": { "osm_id": 220511924, "highway": "residential", "surface": "", "name": "Via Cavassolo", "paved": true }, "geometry": { "type": "LineString", "coordinates": [ [ 9.023235, 44.454988 ], [ 9.02334, 44.455039 ], [ 9.023473, 44.455092 ], [ 9.023728, 44.455154 ], [ 9.023855, 44.455192 ] ] } },
{ "type": "Feature", "properties": { "osm_id": 220511925, "highway": "residential", "surface": "", "name": "Via Cavassolo", "paved": true }, "geometry": { "type": "LineString", "coordinates": [ [ 9.02269, 44.454859 ], [ 9.022801, 44.454848 ], [ 9.022865, 44.454849 ], [ 9.022931, 44.454861 ], [ 9.022994, 44.454879 ], [ 9.023235, 44.454988 ] ] } },
{ "type": "Feature", "properties": { "osm_id": 220511927, "highway": "footway", "surface": "", "name": "Salita Cappelletta di Santa Maria Maddalena", "paved": false }, "geometry": { "type": "LineString", "coordinates": [ [ 9.020948, 44.45549 ], [ 9.020819, 44.455603 ], [ 9.020734, 44.455702 ], [ 9.020691, 44.455744 ], [ 9.020558, 44.455799 ], [ 9.02054, 44.455816 ], [ 9.020533, 44.455837 ], [ 9.020531, 44.455863 ], [ 9.020538, 44.455886 ], [ 9.020697, 44.45607 ], [ 9.020796, 44.456156 ], [ 9.020851, 44.456229 ], [ 9.020854, 44.456254 ], [ 9.020817, 44.456404 ] ] } },
{ "type": "Feature", "properties": { "osm_id": 220511928, "highway": "footway", "surface": "", "name": "Via Cavassolo", "paved": false }, "geometry": { "type": "LineString", "coordinates": [ [ 9.021054, 44.455222 ], [ 9.02115, 44.45523 ], [ 9.02126, 44.455223 ], [ 9.021295, 44.455219 ], [ 9.021319, 44.45521 ], [ 9.021359, 44.455141 ], [ 9.021372, 44.455131 ], [ 9.021388, 44.455123 ], [ 9.021471, 44.455104 ], [ 9.021505, 44.455083 ], [ 9.021547, 44.455046 ], [ 9.021594, 44.454991 ], [ 9.021625, 44.454929 ], [ 9.021644, 44.454911 ], [ 9.021665, 44.454903 ], [ 9.021693, 44.4549 ], [ 9.021744, 44.454901 ], [ 9.021824, 44.454908 ], [ 9.021862, 44.454916 ], [ 9.022072, 44.454992 ] ] } },
{ "type": "Feature", "properties": { "osm_id": 223170684, "highway": "unclassified", "surface": "asphalt", "name": "Via De Barbieri", "paved": true }, "geometry": { "type": "LineString", "coordinates": [ [ 9.203216, 44.428581 ], [ 9.203038, 44.428552 ], [ 9.202658, 44.42854 ], [ 9.201707, 44.428532 ], [ 9.201628, 44.428498 ], [ 9.201554, 44.428445 ], [ 9.201479, 44.428358 ], [ 9.201236, 44.428167 ], [ 9.20098, 44.428012 ], [ 9.200943, 44.427939 ], [ 9.200962, 44.427895 ], [ 9.201064, 44.427856 ], [ 9.20124, 44.427847 ], [ 9.20138, 44.427818 ], [ 9.201409, 44.427769 ], [ 9.201398, 44.427683 ], [ 9.201315, 44.427564 ], [ 9.201319, 44.427348 ], [ 9.201456, 44.427246 ], [ 9.201823, 44.427217 ], [ 9.202144, 44.427275 ], [ 9.202271, 44.427313 ], [ 9.202561, 44.427537 ], [ 9.202677, 44.427542 ], [ 9.202864, 44.427526 ], [ 9.203357, 44.427555 ], [ 9.203728, 44.427479 ], [ 9.203871, 44.427499 ], [ 9.204011, 44.427575 ], [ 9.204117, 44.427742 ], [ 9.204242, 44.427831 ], [ 9.204408, 44.42785 ], [ 9.204742, 44.427964 ], [ 9.204873, 44.427995 ], [ 9.205091, 44.427915 ], [ 9.205151, 44.427847 ], [ 9.205137, 44.427708 ], [ 9.205135, 44.427556 ], [ 9.205165, 44.427441 ], [ 9.205281, 44.427262 ], [ 9.20544, 44.427182 ], [ 9.205595, 44.427156 ], [ 9.205914, 44.427134 ], [ 9.206011, 44.427098 ], [ 9.206144, 44.426958 ], [ 9.206154, 44.426872 ], [ 9.206134, 44.42673 ], [ 9.206162, 44.426595 ], [ 9.206164, 44.426517 ], [ 9.206143, 44.42649 ], [ 9.205893, 44.426352 ], [ 9.20582, 44.426066 ], [ 9.205679, 44.425945 ], [ 9.205419, 44.425847 ], [ 9.205321, 44.425726 ], [ 9.205371, 44.425588 ], [ 9.20541, 44.425448 ], [ 9.205454, 44.425242 ], [ 9.205494, 44.425192 ], [ 9.205652, 44.425157 ], [ 9.206017, 44.425009 ], [ 9.206305, 44.424846 ], [ 9.206373, 44.424796 ], [ 9.206423, 44.424744 ], [ 9.206454, 44.424673 ], [ 9.206534, 44.424436 ], [ 9.206555, 44.424329 ], [ 9.206502, 44.423855 ], [ 9.206485, 44.423793 ], [ 9.206427, 44.423696 ], [ 9.206397, 44.423616 ], [ 9.206398, 44.423543 ], [ 9.206428, 44.423427 ], [ 9.206461, 44.423363 ], [ 9.206515, 44.423303 ], [ 9.206628, 44.423244 ] ] } },
{ "type": "Feature", "properties": { "osm_id": 223170691, "highway": "residential", "surface": "", "name": "", "paved": true }, "geometry": { "type": "LineString", "coordinates": [ [ 9.202444, 44.429961 ], [ 9.202455, 44.429989 ], [ 9.202438, 44.430015 ], [ 9.202413, 44.430029 ], [ 9.202284, 44.430079 ], [ 9.20207, 44.430202 ], [ 9.201981, 44.430289 ], [ 9.20177, 44.430377 ], [ 9.20162, 44.430391 ], [ 9.201154, 44.430514 ], [ 9.200985, 44.430576 ], [ 9.20095, 44.430635 ], [ 9.200956, 44.430701 ], [ 9.200966, 44.430709 ] ] } },
{ "type": "Feature", "properties": { "osm_id": 223170695, "highway": "residential", "surface": "ground", "name": "Freccio", "paved": false }, "geometry": { "type": "LineString", "coordinates": [ [ 9.205893, 44.426352 ], [ 9.205938, 44.426132 ], [ 9.206104, 44.425947 ], [ 9.206383, 44.425802 ], [ 9.206458, 44.425793 ], [ 9.206505, 44.425818 ], [ 9.206512, 44.425878 ], [ 9.206316, 44.426036 ], [ 9.206318, 44.426075 ], [ 9.206376, 44.426112 ], [ 9.206442, 44.426091 ], [ 9.206541, 44.425989 ], [ 9.206663, 44.425904 ], [ 9.206805, 44.425599 ], [ 9.206875, 44.425538 ], [ 9.207221, 44.425459 ], [ 9.207302, 44.425425 ], [ 9.207657, 44.425183 ], [ 9.207722, 44.425167 ], [ 9.207946, 44.425188 ], [ 9.208165, 44.42516 ], [ 9.208372, 44.425127 ], [ 9.208619, 44.425117 ], [ 9.20865, 44.425109 ] ] } },
{ "type": "Feature", "properties": { "osm_id": 223170699, "highway": "residential", "surface": "", "name": "", "paved": true }, "geometry": { "type": "LineString", "coordinates": [ [ 9.201416, 44.429372 ], [ 9.201218, 44.429221 ], [ 9.201087, 44.429031 ] ] } },
{ "type": "Feature", "properties": { "osm_id": 223170701, "highway": "unclassified", "surface": "", "name": "", "paved": false }, "geometry": { "type": "LineString", "coordinates": [ [ 9.198484, 44.431517 ], [ 9.198414, 44.431506 ], [ 9.198341, 44.431486 ], [ 9.198125, 44.431383 ], [ 9.198049, 44.43133 ], [ 9.197762, 44.430822 ], [ 9.197513, 44.430476 ], [ 9.197464, 44.430423 ], [ 9.197426, 44.43039 ], [ 9.197384, 44.430361 ], [ 9.197346, 44.430342 ], [ 9.197162, 44.430305 ], [ 9.197123, 44.430292 ], [ 9.197093, 44.430276 ], [ 9.196949, 44.430099 ], [ 9.196872, 44.430024 ], [ 9.196773, 44.429951 ], [ 9.196585, 44.429839 ], [ 9.196407, 44.429742 ], [ 9.196298, 44.429691 ], [ 9.196237, 44.42967 ], [ 9.196192, 44.429657 ], [ 9.196041, 44.429637 ], [ 9.195966, 44.429634 ], [ 9.195923, 44.42964 ], [ 9.195883, 44.429651 ], [ 9.195392, 44.429822 ], [ 9.195347, 44.429831 ], [ 9.195298, 44.429831 ], [ 9.194834, 44.429775 ], [ 9.194772, 44.429771 ], [ 9.194674, 44.429776 ], [ 9.194638, 44.429786 ], [ 9.19458, 44.429818 ], [ 9.194564, 44.429839 ], [ 9.194558, 44.42986 ], [ 9.194563, 44.429883 ], [ 9.194612, 44.430021 ], [ 9.194666, 44.430119 ], [ 9.194682, 44.430224 ], [ 9.194685, 44.430295 ], [ 9.194659, 44.430375 ], [ 9.194566, 44.430516 ], [ 9.194504, 44.430621 ], [ 9.194451, 44.431125 ], [ 9.194439, 44.431156 ], [ 9.194401, 44.43118 ], [ 9.194334, 44.431184 ], [ 9.194311, 44.431173 ], [ 9.194038, 44.430949 ], [ 9.193989, 44.4309 ], [ 9.19367, 44.430345 ], [ 9.193637, 44.430297 ], [ 9.193598, 44.430259 ], [ 9.193486, 44.43019 ], [ 9.193276, 44.430111 ], [ 9.192982, 44.430006 ], [ 9.192928, 44.42999 ], [ 9.192847, 44.429987 ], [ 9.192689, 44.430004 ], [ 9.192625, 44.43 ], [ 9.192545, 44.429986 ], [ 9.192424, 44.429931 ], [ 9.19237, 44.429914 ], [ 9.1923, 44.429904 ], [ 9.192261, 44.429907 ], [ 9.192229, 44.429917 ], [ 9.191893, 44.430149 ], [ 9.191746, 44.430234 ], [ 9.191691, 44.430258 ], [ 9.191638, 44.430273 ], [ 9.191576, 44.430281 ], [ 9.191487, 44.430281 ], [ 9.191142, 44.430264 ], [ 9.191091, 44.430276 ], [ 9.191053, 44.430292 ], [ 9.191017, 44.430315 ], [ 9.190981, 44.430357 ], [ 9.190886, 44.430532 ], [ 9.190853, 44.43058 ], [ 9.19079, 44.430641 ], [ 9.19073, 44.430681 ], [ 9.190665, 44.430713 ], [ 9.189819, 44.430986 ], [ 9.189788, 44.431007 ], [ 9.189768, 44.431034 ], [ 9.189755, 44.43108 ], [ 9.189773, 44.431125 ], [ 9.190053, 44.431344 ], [ 9.190244, 44.431485 ], [ 9.190257, 44.431511 ], [ 9.190244, 44.431552 ], [ 9.190227, 44.431577 ], [ 9.190173, 44.431612 ], [ 9.190125, 44.431616 ], [ 9.19008, 44.431606 ], [ 9.189858, 44.431516 ], [ 9.189785, 44.431499 ], [ 9.189651, 44.431498 ], [ 9.18959, 44.431514 ], [ 9.189536, 44.431543 ], [ 9.189494, 44.431579 ], [ 9.189467, 44.431619 ], [ 9.189448, 44.431666 ], [ 9.18942, 44.431846 ], [ 9.189391, 44.431886 ], [ 9.189352, 44.4319 ], [ 9.189323, 44.431897 ], [ 9.189299, 44.431887 ], [ 9.189246, 44.431849 ], [ 9.189147, 44.431758 ], [ 9.189036, 44.431681 ], [ 9.188934, 44.431625 ], [ 9.188824, 44.431581 ], [ 9.188355, 44.431441 ], [ 9.188079, 44.431391 ], [ 9.18779, 44.431315 ], [ 9.187747, 44.431299 ], [ 9.187722, 44.431284 ], [ 9.187707, 44.431261 ], [ 9.187703, 44.431229 ], [ 9.187715, 44.431127 ], [ 9.187712, 44.43108 ], [ 9.187645, 44.43061 ], [ 9.187624, 44.43057 ], [ 9.187588, 44.430539 ], [ 9.187537, 44.430518 ], [ 9.187482, 44.430507 ], [ 9.186793, 44.430557 ], [ 9.186688, 44.430556 ], [ 9.18661, 44.430547 ], [ 9.186181, 44.430428 ], [ 9.186024, 44.430419 ], [ 9.185876, 44.43042 ], [ 9.185694, 44.430432 ], [ 9.185619, 44.430472 ], [ 9.185541, 44.430525 ], [ 9.185488, 44.430598 ], [ 9.185464, 44.430669 ] ] } },
{ "type": "Feature", "properties": { "osm_id": 223725556, "highway": "unclassified", "surface": "", "name": "Via Cavassolo", "paved": false }, "geometry": { "type": "LineString", "coordinates": [ [ 9.038766, 44.456169 ], [ 9.039043, 44.456239 ] ] } },
{ "type": "Feature", "properties": { "osm_id": 225456983, "highway": "track", "surface": "", "name": "", "paved": false }, "geometry": { "type": "LineString", "coordinates": [ [ 9.047768, 44.452523 ], [ 9.047646, 44.452374 ], [ 9.047417, 44.452276 ], [ 9.047179, 44.452135 ] ] } },
{ "type": "Feature", "properties": { "osm_id": 225464225, "highway": "residential", "surface": "", "name": "", "paved": true }, "geometry": { "type": "LineString", "coordinates": [ [ 9.084186, 44.439568 ], [ 9.084073, 44.439499 ], [ 9.084013, 44.439421 ], [ 9.083792, 44.439044 ], [ 9.083708, 44.438969 ], [ 9.083664, 44.438882 ], [ 9.083694, 44.438783 ], [ 9.083871, 44.438582 ], [ 9.083879, 44.438515 ], [ 9.083847, 44.438459 ], [ 9.083778, 44.438375 ] ] } },
{ "type": "Feature", "properties": { "osm_id": 225464227, "highway": "residential", "surface": "", "name": "", "paved": true }, "geometry": { "type": "LineString", "coordinates": [ [ 9.092498, 44.437615 ], [ 9.092454, 44.437657 ], [ 9.092432, 44.437863 ], [ 9.092502, 44.438046 ], [ 9.092493, 44.438083 ], [ 9.092373, 44.438305 ], [ 9.092339, 44.438323 ], [ 9.092296, 44.438323 ], [ 9.09209, 44.438255 ], [ 9.091898, 44.438105 ], [ 9.09175, 44.438033 ] ] } },
{ "type": "Feature", "properties": { "osm_id": 225464228, "highway": "unclassified", "surface": "", "name": "", "paved": false }, "geometry": { "type": "LineString", "coordinates": [ [ 9.090114, 44.437865 ], [ 9.089994, 44.437792 ], [ 9.089961, 44.437729 ], [ 9.08993, 44.437524 ], [ 9.089937, 44.437332 ], [ 9.089911, 44.437208 ] ] } },
{ "type": "Feature", "properties": { "osm_id": 225464233, "highway": "residential", "surface": "", "name": "", "paved": true }, "geometry": { "type": "LineString", "coordinates": [ [ 9.088573, 44.437793 ], [ 9.088562, 44.437855 ], [ 9.088575, 44.438001 ], [ 9.088511, 44.438091 ], [ 9.088332, 44.438182 ], [ 9.088215, 44.43818 ], [ 9.088124, 44.438206 ], [ 9.087955, 44.438317 ], [ 9.087872, 44.438358 ] ] } },
{ "type": "Feature", "properties": { "osm_id": 251558371, "highway": "unclassified", "surface": "", "name": "Via Campopiano", "paved": false }, "geometry": { "type": "LineString", "coordinates": [ [ 9.208762, 44.428164 ], [ 9.208666, 44.428022 ], [ 9.208608, 44.427948 ], [ 9.208546, 44.42789 ], [ 9.208486, 44.427871 ], [ 9.208422, 44.427865 ], [ 9.20838, 44.427867 ], [ 9.208292, 44.427913 ], [ 9.208257, 44.427944 ], [ 9.208112, 44.428096 ], [ 9.207915, 44.42844 ] ] } },
{ "type": "Feature", "properties": { "osm_id": 257934628, "highway": "service", "surface": "", "name": "", "paved": false }, "geometry": { "type": "LineString", "coordinates": [ [ 9.163504, 44.439879 ], [ 9.16381, 44.439952 ], [ 9.164081, 44.43998 ], [ 9.164221, 44.439977 ], [ 9.16433, 44.439954 ], [ 9.164271, 44.439857 ], [ 9.16399, 44.439751 ], [ 9.163692, 44.439622 ], [ 9.163469, 44.439516 ], [ 9.163252, 44.439365 ], [ 9.163164, 44.439335 ], [ 9.163066, 44.439323 ] ] } },
{ "type": "Feature", "properties": { "osm_id": 257978296, "highway": "track", "surface": "", "name": "", "paved": false }, "geometry": { "type": "LineString", "coordinates": [ [ 9.129532, 44.440571 ], [ 9.129813, 44.440589 ], [ 9.129987, 44.440623 ], [ 9.130097, 44.440596 ], [ 9.130282, 44.440512 ], [ 9.130582, 44.440487 ], [ 9.130945, 44.440451 ], [ 9.1312, 44.440353 ], [ 9.131363, 44.440339 ], [ 9.131616, 44.440406 ], [ 9.131776, 44.440457 ], [ 9.131873, 44.440451 ], [ 9.13212, 44.440345 ], [ 9.132353, 44.440337 ], [ 9.132506, 44.440349 ], [ 9.132707, 44.440372 ], [ 9.132873, 44.440506 ], [ 9.133043, 44.440653 ], [ 9.133225, 44.440737 ] ] } },
{ "type": "Feature", "properties": { "osm_id": 257979866, "highway": "track", "surface": "", "name": "", "paved": false }, "geometry": { "type": "LineString", "coordinates": [ [ 9.1253, 44.43426 ], [ 9.125342, 44.434456 ], [ 9.125248, 44.434682 ], [ 9.125167, 44.434703 ], [ 9.124867, 44.434676 ], [ 9.124692, 44.434744 ], [ 9.124548, 44.434841 ], [ 9.124365, 44.434887 ], [ 9.124175, 44.434912 ], [ 9.123961, 44.434906 ], [ 9.123797, 44.434964 ], [ 9.123687, 44.435036 ], [ 9.123641, 44.435126 ], [ 9.123706, 44.435163 ], [ 9.12389, 44.435148 ], [ 9.124025, 44.435184 ], [ 9.124142, 44.435269 ], [ 9.12432, 44.43532 ], [ 9.124668, 44.435301 ], [ 9.124832, 44.435445 ], [ 9.125114, 44.435519 ], [ 9.125296, 44.435649 ], [ 9.125583, 44.435991 ], [ 9.125733, 44.436051 ], [ 9.125948, 44.436178 ], [ 9.125991, 44.436231 ], [ 9.125803, 44.436231 ], [ 9.125585, 44.436215 ] ] } },
{ "type": "Feature", "properties": { "osm_id": 257980215, "highway": "track", "surface": "", "name": "Strada delle Mogge", "paved": false }, "geometry": { "type": "LineString", "coordinates": [ [ 9.134409, 44.433903 ], [ 9.134179, 44.433804 ], [ 9.133971, 44.433696 ], [ 9.133725, 44.433499 ] ] } },
{ "type": "Feature", "properties": { "osm_id": 257980486, "highway": "path", "surface": "", "name": "", "paved": false }, "geometry": { "type": "LineString", "coordinates": [ [ 9.135517, 44.433422 ], [ 9.135634, 44.433485 ] ] } },
{ "type": "Feature", "properties": { "osm_id": 261293155, "highway": "service", "surface": "", "name": "", "paved": false }, "geometry": { "type": "LineString", "coordinates": [ [ 9.09297, 44.437435 ], [ 9.092923, 44.437393 ], [ 9.092731, 44.43735 ], [ 9.09254, 44.437299 ], [ 9.092439, 44.437241 ], [ 9.092474, 44.43713 ], [ 9.092593, 44.436988 ], [ 9.092611, 44.43689 ], [ 9.092602, 44.4368 ] ] } },
{ "type": "Feature", "properties": { "osm_id": 265056368, "highway": "service", "surface": "", "name": "", "paved": false }, "geometry": { "type": "LineString", "coordinates": [ [ 8.978158, 44.452183 ], [ 8.978283, 44.452089 ], [ 8.97853, 44.452157 ], [ 8.978514, 44.452314 ] ] } },
{ "type": "Feature", "properties": { "osm_id": 266506954, "highway": "footway", "surface": "", "name": "", "paved": false }, "geometry": { "type": "LineString", "coordinates": [ [ 9.072353, 44.447411 ], [ 9.07236, 44.447459 ], [ 9.07225, 44.447532 ], [ 9.072096, 44.447658 ], [ 9.072076, 44.447691 ] ] } },
{ "type": "Feature", "properties": { "osm_id": 266507065, "highway": "steps", "surface": "", "name": "", "paved": false }, "geometry": { "type": "LineString", "coordinates": [ [ 9.073262, 44.447444 ], [ 9.073348, 44.447507 ] ] } },
{ "type": "Feature", "properties": { "osm_id": 270804504, "highway": "service", "surface": "", "name": "Salita San Cosimo di Struppa", "paved": false }, "geometry": { "type": "LineString", "coordinates": [ [ 9.021102, 44.454238 ], [ 9.020732, 44.454143 ], [ 9.020693, 44.454118 ], [ 9.020679, 44.454085 ], [ 9.020739, 44.453959 ] ] } },
{ "type": "Feature", "properties": { "osm_id": 273326247, "highway": "pedestrian", "surface": "paving_stones", "name": "Piazza dell'Olmo", "paved": true }, "geometry": { "type": "LineString", "coordinates": [ [ 8.978025, 44.453368 ], [ 8.977723, 44.453215 ], [ 8.977857, 44.453078 ], [ 8.97803, 44.453129 ], [ 8.978172, 44.453207 ], [ 8.978025, 44.453368 ] ] } },
{ "type": "Feature", "properties": { "osm_id": 274785012, "highway": "unclassified", "surface": "", "name": "Via Cavassolo", "paved": false }, "geometry": { "type": "LineString", "coordinates": [ [ 9.037545, 44.45577 ], [ 9.037897, 44.455917 ] ] } },
{ "type": "Feature", "properties": { "osm_id": 274785016, "highway": "unclassified", "surface": "", "name": "Via Cavassolo", "paved": false }, "geometry": { "type": "LineString", "coordinates": [ [ 9.03611, 44.453606 ], [ 9.036232, 44.453923 ] ] } },
{ "type": "Feature", "properties": { "osm_id": 274785019, "highway": "unclassified", "surface": "", "name": "Via Cavassolo", "paved": false }, "geometry": { "type": "LineString", "coordinates": [ [ 9.036232, 44.453923 ], [ 9.036286, 44.453996 ], [ 9.03645, 44.454157 ], [ 9.036509, 44.454251 ], [ 9.036583, 44.454392 ], [ 9.036649, 44.454627 ], [ 9.036674, 44.454664 ], [ 9.03677, 44.454751 ], [ 9.037078, 44.45496 ], [ 9.037255, 44.455123 ], [ 9.037396, 44.45542 ], [ 9.037415, 44.45548 ], [ 9.037415, 44.455653 ], [ 9.037445, 44.455702 ], [ 9.03748, 44.455739 ], [ 9.037545, 44.45577 ] ] } },
{ "type": "Feature", "properties": { "osm_id": 274785020, "highway": "unclassified", "surface": "", "name": "Via Cavassolo", "paved": false }, "geometry": { "type": "LineString", "coordinates": [ [ 9.037897, 44.455917 ], [ 9.038191, 44.45602 ], [ 9.038766, 44.456169 ] ] } },
{ "type": "Feature", "properties": { "osm_id": 275479348, "highway": "footway", "surface": "", "name": "", "paved": false }, "geometry": { "type": "LineString", "coordinates": [ [ 8.971427, 44.449066 ], [ 8.97135, 44.449033 ] ] } },
{ "type": "Feature", "properties": { "osm_id": 276869795, "highway": "footway", "surface": "", "name": "", "paved": false }, "geometry": { "type": "LineString", "coordinates": [ [ 8.971307, 44.449098 ], [ 8.971377, 44.449132 ] ] } },
{ "type": "Feature", "properties": { "osm_id": 277519217, "highway": "primary", "surface": "", "name": "Via Giovanni Cevasco", "paved": true }, "geometry": { "type": "LineString", "coordinates": [ [ 9.076638, 44.439307 ], [ 9.076376, 44.439702 ], [ 9.076294, 44.439807 ], [ 9.076198, 44.439884 ], [ 9.076091, 44.439951 ], [ 9.075937, 44.440017 ], [ 9.075848, 44.440043 ], [ 9.075756, 44.440061 ], [ 9.075571, 44.440079 ], [ 9.075425, 44.440073 ], [ 9.075295, 44.440057 ], [ 9.075081, 44.440008 ], [ 9.074894, 44.439949 ], [ 9.074675, 44.439903 ], [ 9.074544, 44.439894 ], [ 9.074419, 44.439902 ], [ 9.073248, 44.440179 ], [ 9.073004, 44.440293 ], [ 9.0725, 44.440676 ], [ 9.072346, 44.440758 ], [ 9.072159, 44.440807 ], [ 9.071983, 44.440806 ], [ 9.071725, 44.440766 ], [ 9.071061, 44.44065 ], [ 9.070822, 44.440614 ], [ 9.070583, 44.440603 ], [ 9.070377, 44.440657 ], [ 9.070218, 44.44076 ], [ 9.069941, 44.440984 ], [ 9.069713, 44.441095 ], [ 9.069508, 44.441152 ], [ 9.069309, 44.441168 ], [ 9.069206, 44.441167 ], [ 9.068529, 44.441047 ], [ 9.068355, 44.441069 ], [ 9.068179, 44.441112 ], [ 9.067647, 44.441367 ], [ 9.066798, 44.442007 ], [ 9.06661, 44.442089 ], [ 9.066471, 44.442121 ], [ 9.066339, 44.442134 ], [ 9.066161, 44.442129 ], [ 9.065281, 44.441912 ] ] } },
{ "type": "Feature", "properties": { "osm_id": 277655456, "highway": "path", "surface": "", "name": "", "paved": false }, "geometry": { "type": "LineString", "coordinates": [ [ 9.036126, 44.449957 ], [ 9.036145, 44.449967 ], [ 9.036188, 44.449968 ], [ 9.036265, 44.449935 ], [ 9.036293, 44.449938 ], [ 9.036321, 44.449952 ], [ 9.036423, 44.45003 ], [ 9.036555, 44.450096 ], [ 9.036732, 44.450149 ], [ 9.03689, 44.450168 ], [ 9.037, 44.450149 ], [ 9.037161, 44.450176 ], [ 9.037349, 44.450214 ], [ 9.037499, 44.450199 ], [ 9.037832, 44.450119 ], [ 9.037952, 44.450045 ], [ 9.038352, 44.449977 ], [ 9.038434, 44.44992 ], [ 9.038476, 44.44982 ], [ 9.038411, 44.44974 ], [ 9.038449, 44.449632 ], [ 9.038438, 44.449441 ], [ 9.03846, 44.449303 ], [ 9.038497, 44.449169 ], [ 9.038524, 44.448809 ], [ 9.03858, 44.448758 ], [ 9.038733, 44.448717 ], [ 9.038867, 44.448698 ], [ 9.03898, 44.448698 ], [ 9.03911, 44.448628 ], [ 9.039221, 44.448529 ], [ 9.039211, 44.448437 ], [ 9.039128, 44.448396 ] ] } },
{ "type": "Feature", "properties": { "osm_id": 279159707, "highway": "unclassified", "surface": "", "name": "Salita Sant'Eusebio", "paved": false }, "geometry": { "type": "LineString", "coordinates": [ [ 8.989639, 44.446612 ], [ 8.989603, 44.446665 ], [ 8.989574, 44.446693 ], [ 8.989461, 44.446755 ], [ 8.989387, 44.44682 ], [ 8.989336, 44.446884 ], [ 8.9893, 44.446981 ], [ 8.989315, 44.447055 ], [ 8.989413, 44.447261 ], [ 8.989519, 44.447619 ], [ 8.989534, 44.447641 ], [ 8.989558, 44.447662 ], [ 8.989587, 44.447671 ], [ 8.989619, 44.447667 ], [ 8.989645, 44.447654 ], [ 8.989651, 44.447632 ], [ 8.98965, 44.447568 ], [ 8.989698, 44.44709 ], [ 8.989717, 44.447059 ], [ 8.989748, 44.447049 ], [ 8.989779, 44.447056 ], [ 8.989802, 44.447076 ], [ 8.989819, 44.447107 ], [ 8.989833, 44.447156 ], [ 8.989836, 44.447283 ], [ 8.989847, 44.447398 ], [ 8.989893, 44.44758 ], [ 8.989984, 44.447818 ], [ 8.990033, 44.447896 ], [ 8.990078, 44.447918 ], [ 8.990132, 44.4479 ], [ 8.990142, 44.447879 ], [ 8.990114, 44.447679 ], [ 8.990105, 44.447498 ], [ 8.990127, 44.447444 ], [ 8.990158, 44.447414 ], [ 8.990211, 44.447398 ], [ 8.990261, 44.447406 ], [ 8.990296, 44.44743 ], [ 8.990312, 44.44759 ], [ 8.990326, 44.447646 ], [ 8.990354, 44.4477 ], [ 8.9904, 44.447752 ], [ 8.990568, 44.448 ], [ 8.990612, 44.448101 ], [ 8.990629, 44.448172 ], [ 8.990667, 44.448454 ], [ 8.99078, 44.448839 ], [ 8.990803, 44.449205 ], [ 8.99122, 44.450156 ], [ 8.991226, 44.450287 ], [ 8.991197, 44.450384 ], [ 8.991204, 44.450425 ], [ 8.991226, 44.450438 ], [ 8.99125, 44.450438 ], [ 8.991301, 44.450367 ], [ 8.991316, 44.450333 ], [ 8.991329, 44.450276 ], [ 8.991342, 44.450159 ], [ 8.991349, 44.450017 ], [ 8.991375, 44.44996 ], [ 8.991482, 44.449835 ], [ 8.99154, 44.449779 ], [ 8.991606, 44.44972 ], [ 8.991648, 44.449692 ], [ 8.991698, 44.449673 ] ] } },
{ "type": "Feature", "properties": { "osm_id": 282189731, "highway": "footway", "surface": "paved", "name": "Salita Ca' da Ria", "paved": true }, "geometry": { "type": "LineString", "coordinates": [ [ 8.994435, 44.454043 ], [ 8.994513, 44.454125 ], [ 8.994664, 44.454257 ], [ 8.994823, 44.454412 ], [ 8.994852, 44.454477 ], [ 8.994912, 44.454544 ], [ 8.995008, 44.454603 ], [ 8.995107, 44.454636 ], [ 8.995222, 44.454642 ], [ 8.995363, 44.454624 ], [ 8.995484, 44.454593 ], [ 8.995569, 44.454506 ], [ 8.995622, 44.454424 ], [ 8.99569, 44.454367 ], [ 8.995776, 44.454335 ], [ 8.996083, 44.454315 ] ] } },
{ "type": "Feature", "properties": { "osm_id": 282190182, "highway": "path", "surface": "dirt", "name": "Via ai Piani di Struppa", "paved": false }, "geometry": { "type": "LineString", "coordinates": [ [ 8.99648, 44.454919 ], [ 8.996525, 44.454947 ], [ 8.996566, 44.455036 ], [ 8.996537, 44.455203 ], [ 8.996472, 44.455281 ], [ 8.996211, 44.455427 ], [ 8.996101, 44.4555 ], [ 8.996008, 44.455653 ], [ 8.995982, 44.455767 ], [ 8.995779, 44.456047 ], [ 8.99571, 44.456185 ], [ 8.995593, 44.456575 ], [ 8.995539, 44.456616 ], [ 8.99549, 44.456727 ], [ 8.995421, 44.456844 ], [ 8.995319, 44.456972 ], [ 8.995209, 44.457125 ], [ 8.995168, 44.457214 ], [ 8.995085, 44.457348 ], [ 8.994964, 44.457441 ], [ 8.994911, 44.457496 ], [ 8.99489, 44.457535 ], [ 8.994742, 44.457637 ], [ 8.994545, 44.457701 ], [ 8.99448, 44.457699 ], [ 8.994353, 44.457712 ], [ 8.994178, 44.457851 ], [ 8.993963, 44.458042 ], [ 8.993742, 44.458171 ], [ 8.993699, 44.45825 ] ] } },
{ "type": "Feature", "properties": { "osm_id": 282192731, "highway": "path", "surface": "dirt", "name": "", "paved": false }, "geometry": { "type": "LineString", "coordinates": [ [ 8.998699, 44.458995 ], [ 8.998494, 44.458945 ], [ 8.998212, 44.458911 ], [ 8.998054, 44.458997 ], [ 8.99788, 44.459015 ], [ 8.997637, 44.459053 ], [ 8.997703, 44.459185 ], [ 8.997858, 44.459411 ], [ 8.997949, 44.459495 ], [ 8.998001, 44.459583 ], [ 8.998066, 44.459674 ], [ 8.998114, 44.459763 ], [ 8.998101, 44.459771 ], [ 8.998038, 44.459758 ], [ 8.997959, 44.459728 ], [ 8.997941, 44.459698 ], [ 8.997853, 44.45966 ], [ 8.997779, 44.45966 ], [ 8.997684, 44.459707 ], [ 8.997656, 44.459738 ], [ 8.997633, 44.459846 ], [ 8.997605, 44.459887 ], [ 8.997483, 44.459944 ] ] } },
{ "type": "Feature", "properties": { "osm_id": 282208086, "highway": "residential", "surface": "", "name": "Via Elia Bernardini", "paved": true }, "geometry": { "type": "LineString", "coordinates": [ [ 8.976273, 44.453564 ], [ 8.976218, 44.453561 ], [ 8.976172, 44.453565 ], [ 8.976131, 44.453581 ], [ 8.9761, 44.453603 ], [ 8.976022, 44.453772 ], [ 8.97584, 44.454098 ], [ 8.975794, 44.454168 ] ] } },
{ "type": "Feature", "properties": { "osm_id": 282210946, "highway": "footway", "surface": "paved", "name": "", "paved": true }, "geometry": { "type": "LineString", "coordinates": [ [ 8.992923, 44.453913 ], [ 8.992579, 44.454043 ], [ 8.991961, 44.454148 ], [ 8.991743, 44.454181 ], [ 8.99169, 44.454203 ], [ 8.991649, 44.454228 ], [ 8.991616, 44.454263 ], [ 8.991612, 44.454302 ], [ 8.991627, 44.454348 ], [ 8.991711, 44.454521 ], [ 8.991694, 44.454996 ], [ 8.991679, 44.455025 ], [ 8.991549, 44.455213 ] ] } },
{ "type": "Feature", "properties": { "osm_id": 282210952, "highway": "path", "surface": "", "name": "", "paved": false }, "geometry": { "type": "LineString", "coordinates": [ [ 8.993617, 44.458283 ], [ 8.993396, 44.458271 ], [ 8.993304, 44.45822 ], [ 8.993276, 44.458195 ], [ 8.993252, 44.458151 ], [ 8.993198, 44.458083 ], [ 8.993106, 44.45801 ], [ 8.993055, 44.458006 ], [ 8.992997, 44.45801 ], [ 8.99295, 44.458019 ], [ 8.992903, 44.457981 ], [ 8.992878, 44.457922 ], [ 8.992772, 44.457848 ], [ 8.992743, 44.457831 ], [ 8.992628, 44.457823 ], [ 8.992546, 44.457779 ], [ 8.992513, 44.457769 ] ] } },
{ "type": "Feature", "properties": { "osm_id": 282210953, "highway": "path", "surface": "dirt", "name": "Via del Perdono", "paved": false }, "geometry": { "type": "LineString", "coordinates": [ [ 8.997483, 44.459944 ], [ 8.997298, 44.459983 ], [ 8.997193, 44.460013 ], [ 8.997088, 44.460061 ], [ 8.997061, 44.460113 ], [ 8.997034, 44.460122 ], [ 8.996992, 44.460106 ], [ 8.996958, 44.460085 ], [ 8.996938, 44.460035 ], [ 8.996919, 44.459928 ], [ 8.996863, 44.459853 ], [ 8.99677, 44.459812 ], [ 8.996491, 44.459812 ], [ 8.996362, 44.459789 ], [ 8.99611, 44.459602 ], [ 8.995959, 44.459511 ], [ 8.995903, 44.459457 ], [ 8.9958, 44.459396 ], [ 8.995671, 44.459343 ], [ 8.995587, 44.459316 ], [ 8.995429, 44.459238 ], [ 8.995382, 44.459205 ], [ 8.995326, 44.459145 ], [ 8.99531, 44.459088 ], [ 8.995079, 44.459051 ], [ 8.995018, 44.459148 ], [ 8.994871, 44.459151 ], [ 8.99471, 44.459096 ], [ 8.994675, 44.459097 ], [ 8.994633, 44.459065 ], [ 8.994555, 44.459028 ], [ 8.994475, 44.458926 ], [ 8.99444, 44.458839 ], [ 8.994437, 44.458801 ], [ 8.994466, 44.458717 ], [ 8.994584, 44.458638 ], [ 8.99474, 44.45855 ], [ 8.994861, 44.458463 ], [ 8.994901, 44.458428 ], [ 8.994898, 44.458391 ], [ 8.994866, 44.45837 ], [ 8.994813, 44.458362 ], [ 8.994665, 44.458401 ], [ 8.994335, 44.458466 ], [ 8.994317, 44.45845 ], [ 8.99433, 44.458421 ], [ 8.994494, 44.45829 ], [ 8.994662, 44.458224 ], [ 8.994728, 44.458211 ], [ 8.994743, 44.458196 ], [ 8.99474, 44.458167 ], [ 8.994699, 44.458161 ], [ 8.994596, 44.458166 ], [ 8.994218, 44.458253 ], [ 8.994118, 44.458267 ], [ 8.993987, 44.458277 ], [ 8.99387, 44.458269 ], [ 8.993699, 44.45825 ] ] } },
{ "type": "Feature", "properties": { "osm_id": 282210955, "highway": "path", "surface": "", "name": "", "paved": false }, "geometry": { "type": "LineString", "coordinates": [ [ 8.99531, 44.459088 ], [ 8.995226, 44.459027 ], [ 8.995166, 44.458935 ], [ 8.995133, 44.458912 ], [ 8.995081, 44.458899 ], [ 8.994977, 44.458895 ], [ 8.994935, 44.458921 ], [ 8.994866, 44.458941 ], [ 8.994779, 44.458952 ], [ 8.994702, 44.458979 ], [ 8.994698, 44.45903 ], [ 8.99471, 44.459096 ] ] } },
{ "type": "Feature", "properties": { "osm_id": 282210956, "highway": "path", "surface": "", "name": "", "paved": false }, "geometry": { "type": "LineString", "coordinates": [ [ 9.002272, 44.459627 ], [ 9.002264, 44.459687 ], [ 9.002369, 44.4598 ], [ 9.002385, 44.459845 ], [ 9.002406, 44.459873 ], [ 9.002442, 44.4599 ], [ 9.002501, 44.45991 ], [ 9.002531, 44.459924 ], [ 9.002561, 44.459945 ], [ 9.002569, 44.460008 ], [ 9.002664, 44.460167 ], [ 9.002813, 44.460445 ], [ 9.002878, 44.460646 ], [ 9.002983, 44.460913 ], [ 9.003106, 44.461176 ], [ 9.003187, 44.461277 ], [ 9.003202, 44.461359 ], [ 9.003177, 44.461412 ], [ 9.003116, 44.461429 ], [ 9.003066, 44.461456 ], [ 9.003035, 44.461484 ], [ 9.003032, 44.461522 ], [ 9.00306, 44.46159 ], [ 9.00302, 44.461713 ], [ 9.00302, 44.461736 ], [ 9.002998, 44.461761 ], [ 9.002982, 44.461767 ] ] } },
{ "type": "Feature", "properties": { "osm_id": 282210957, "highway": "path", "surface": "dirt", "name": "", "paved": false }, "geometry": { "type": "LineString", "coordinates": [ [ 8.998699, 44.458995 ], [ 8.998863, 44.459046 ], [ 8.998915, 44.459055 ], [ 8.998977, 44.459047 ], [ 8.999045, 44.459058 ], [ 8.999152, 44.45904 ], [ 8.999561, 44.459143 ], [ 8.999707, 44.459206 ], [ 8.999805, 44.459259 ], [ 8.999864, 44.459263 ], [ 8.99993, 44.459288 ], [ 9.000009, 44.459335 ], [ 9.000127, 44.45936 ], [ 9.000413, 44.459398 ], [ 9.000536, 44.459433 ], [ 9.000779, 44.459455 ], [ 9.000884, 44.459473 ], [ 9.000961, 44.459465 ], [ 9.001221, 44.459465 ], [ 9.001319, 44.459484 ], [ 9.001422, 44.459492 ], [ 9.001538, 44.459485 ], [ 9.00168, 44.459536 ], [ 9.001896, 44.459552 ], [ 9.001967, 44.459564 ] ] } },
{ "type": "Feature", "properties": { "osm_id": 282712084, "highway": "residential", "surface": "", "name": "Via Campodenego", "paved": true }, "geometry": { "type": "LineString", "coordinates": [ [ 8.99589, 44.454411 ], [ 8.996083, 44.454315 ], [ 8.996215, 44.454338 ], [ 8.996824, 44.454416 ] ] } },
{ "type": "Feature", "properties": { "osm_id": 284269209, "highway": "service", "surface": "concrete", "name": "Salita San Bazà", "paved": true }, "geometry": { "type": "LineString", "coordinates": [ [ 8.997648, 44.451354 ], [ 8.997451, 44.451356 ] ] } },
{ "type": "Feature", "properties": { "osm_id": 284269215, "highway": "service", "surface": "concrete", "name": "Salita superiore Ca' dei Baghini", "paved": true }, "geometry": { "type": "LineString", "coordinates": [ [ 8.997962, 44.451784 ], [ 8.997931, 44.451657 ], [ 8.997897, 44.451584 ], [ 8.997902, 44.451523 ] ] } },
{ "type": "Feature", "properties": { "osm_id": 284269323, "highway": "service", "surface": "", "name": "", "paved": false }, "geometry": { "type": "LineString", "coordinates": [ [ 8.996067, 44.450581 ], [ 8.996109, 44.450513 ], [ 8.996309, 44.450333 ] ] } },
{ "type": "Feature", "properties": { "osm_id": 284269328, "highway": "service", "surface": "", "name": "", "paved": false }, "geometry": { "type": "LineString", "coordinates": [ [ 8.996233, 44.450868 ], [ 8.996235, 44.45082 ], [ 8.996067, 44.450581 ], [ 8.995829, 44.450258 ], [ 8.995824, 44.450212 ], [ 8.995876, 44.450165 ], [ 8.996063, 44.450054 ] ] } },
{ "type": "Feature", "properties": { "osm_id": 285105599, "highway": "footway", "surface": "", "name": "Via Giovanni Aicardi", "paved": false }, "geometry": { "type": "LineString", "coordinates": [ [ 9.007116, 44.455669 ], [ 9.007446, 44.455507 ], [ 9.007562, 44.455473 ], [ 9.007726, 44.455477 ], [ 9.007901, 44.455504 ], [ 9.008216, 44.455591 ], [ 9.008432, 44.45563 ], [ 9.008663, 44.45568 ], [ 9.008987, 44.455777 ], [ 9.00931, 44.455738 ] ] } },
{ "type": "Feature", "properties": { "osm_id": 285105600, "highway": "footway", "surface": "", "name": "Via Giovanni Aicardi", "paved": false }, "geometry": { "type": "LineString", "coordinates": [ [ 9.007074, 44.455666 ], [ 9.007116, 44.455669 ] ] } },
{ "type": "Feature", "properties": { "osm_id": 285105601, "highway": "footway", "surface": "paved", "name": "Via Roccatagliata", "paved": true }, "geometry": { "type": "LineString", "coordinates": [ [ 8.991549, 44.455213 ], [ 8.9915, 44.455223 ], [ 8.991484, 44.45522 ] ] } },
{ "type": "Feature", "properties": { "osm_id": 285105602, "highway": "footway", "surface": "paved", "name": "", "paved": true }, "geometry": { "type": "LineString", "coordinates": [ [ 8.991484, 44.45522 ], [ 8.991435, 44.455173 ], [ 8.991306, 44.455093 ], [ 8.990852, 44.45491 ], [ 8.990718, 44.454883 ], [ 8.990544, 44.454869 ], [ 8.990387, 44.454841 ], [ 8.9903, 44.454854 ], [ 8.990051, 44.454923 ], [ 8.98995, 44.454987 ], [ 8.989863, 44.455065 ], [ 8.98976, 44.45517 ], [ 8.989658, 44.455228 ], [ 8.989295, 44.455342 ], [ 8.989081, 44.455418 ] ] } },
{ "type": "Feature", "properties": { "osm_id": 285105603, "highway": "residential", "surface": "", "name": "Via alla Chiesa di San Siro di Struppa", "paved": true }, "geometry": { "type": "LineString", "coordinates": [ [ 8.999887, 44.453243 ], [ 8.999928, 44.453263 ] ] } },
{ "type": "Feature", "properties": { "osm_id": 285105604, "highway": "residential", "surface": "", "name": "Via alla Chiesa di San Siro di Struppa", "paved": true }, "geometry": { "type": "LineString", "coordinates": [ [ 8.999928, 44.453263 ], [ 8.999947, 44.453271 ], [ 8.999976, 44.453274 ], [ 9.000044, 44.453265 ], [ 9.000464, 44.45323 ] ] } },
{ "type": "Feature", "properties": { "osm_id": 285105605, "highway": "residential", "surface": "", "name": "Via alla Chiesa di San Siro di Struppa", "paved": true }, "geometry": { "type": "LineString", "coordinates": [ [ 8.998262, 44.452856 ], [ 8.998298, 44.452848 ], [ 8.99835, 44.452844 ], [ 8.998629, 44.45286 ], [ 8.998704, 44.452858 ], [ 8.998773, 44.452849 ], [ 8.998991, 44.452795 ], [ 8.999088, 44.452785 ], [ 8.999167, 44.452783 ], [ 8.999479, 44.452822 ], [ 8.999592, 44.452844 ], [ 8.999652, 44.452862 ], [ 8.999711, 44.45289 ], [ 8.999773, 44.452927 ], [ 8.999815, 44.452963 ], [ 8.99987, 44.453054 ], [ 8.999895, 44.453109 ] ] } },
{ "type": "Feature", "properties": { "osm_id": 285105606, "highway": "service", "surface": "paved", "name": "Via alla Costa di San Siro", "paved": true }, "geometry": { "type": "LineString", "coordinates": [ [ 8.994303, 44.454105 ], [ 8.994323, 44.454096 ] ] } },
{ "type": "Feature", "properties": { "osm_id": 285105607, "highway": "service", "surface": "paved", "name": "Via alla Costa di San Siro", "paved": true }, "geometry": { "type": "LineString", "coordinates": [ [ 8.994323, 44.454096 ], [ 8.994435, 44.454043 ] ] } },
{ "type": "Feature", "properties": { "osm_id": 285106375, "highway": "residential", "surface": "", "name": "Via Campodenego", "paved": true }, "geometry": { "type": "LineString", "coordinates": [ [ 8.999887, 44.453243 ], [ 8.999542, 44.453054 ], [ 8.999472, 44.453033 ], [ 8.999332, 44.453005 ], [ 8.999253, 44.452996 ], [ 8.999197, 44.452997 ], [ 8.999096, 44.453011 ], [ 8.998902, 44.453044 ], [ 8.998813, 44.453069 ], [ 8.998786, 44.453082 ], [ 8.998748, 44.453107 ], [ 8.998731, 44.453141 ], [ 8.998726, 44.45316 ], [ 8.998733, 44.453203 ], [ 8.998905, 44.453452 ], [ 8.998958, 44.453536 ], [ 8.999023, 44.453655 ] ] } },
{ "type": "Feature", "properties": { "osm_id": 285106376, "highway": "pedestrian", "surface": "paving_stones", "name": "", "paved": true }, "geometry": { "type": "LineString", "coordinates": [ [ 8.998209, 44.451728 ], [ 8.998161, 44.451743 ], [ 8.997882, 44.451801 ], [ 8.997854, 44.451816 ], [ 8.997824, 44.451841 ], [ 8.997802, 44.451901 ], [ 8.997791, 44.451958 ], [ 8.997768, 44.452027 ], [ 8.99773, 44.452099 ], [ 8.997699, 44.452139 ], [ 8.997647, 44.452173 ], [ 8.997571, 44.452211 ], [ 8.997477, 44.452247 ], [ 8.997374, 44.452265 ], [ 8.997286, 44.452272 ], [ 8.99719, 44.452272 ], [ 8.997093, 44.452293 ], [ 8.996968, 44.452362 ], [ 8.996913, 44.452397 ], [ 8.996685, 44.452663 ], [ 8.996653, 44.452681 ] ] } },
{ "type": "Feature", "properties": { "osm_id": 285106377, "highway": "pedestrian", "surface": "paving_stones", "name": "Ponte San Siro", "paved": true }, "geometry": { "type": "LineString", "coordinates": [ [ 8.993792, 44.45386 ], [ 8.993754, 44.453895 ] ] } },
{ "type": "Feature", "properties": { "osm_id": 285106379, "highway": "pedestrian", "surface": "", "name": "", "paved": false }, "geometry": { "type": "LineString", "coordinates": [ [ 8.996653, 44.452681 ], [ 8.996601, 44.452681 ] ] } },
{ "type": "Feature", "properties": { "osm_id": 285106380, "highway": "footway", "surface": "concrete", "name": "", "paved": true }, "geometry": { "type": "LineString", "coordinates": [ [ 8.993754, 44.453895 ], [ 8.993675, 44.453906 ], [ 8.993628, 44.453899 ], [ 8.993559, 44.45388 ], [ 8.993507, 44.453854 ], [ 8.99346, 44.453839 ], [ 8.993348, 44.453813 ] ] } },
{ "type": "Feature", "properties": { "osm_id": 285106382, "highway": "pedestrian", "surface": "", "name": "", "paved": false }, "geometry": { "type": "LineString", "coordinates": [ [ 8.996601, 44.452681 ], [ 8.996552, 44.452653 ], [ 8.996483, 44.45258 ], [ 8.996457, 44.452539 ], [ 8.996413, 44.452498 ], [ 8.996367, 44.452462 ], [ 8.996321, 44.452433 ], [ 8.996282, 44.452417 ], [ 8.996251, 44.452406 ], [ 8.99622, 44.452402 ], [ 8.996126, 44.452406 ], [ 8.995995, 44.45243 ], [ 8.995518, 44.452582 ], [ 8.995485, 44.452592 ], [ 8.995451, 44.452588 ], [ 8.995407, 44.452573 ], [ 8.995373, 44.452557 ], [ 8.995164, 44.452381 ], [ 8.994997, 44.452267 ], [ 8.994944, 44.452239 ], [ 8.994771, 44.452106 ], [ 8.994713, 44.45207 ], [ 8.994626, 44.452032 ], [ 8.994524, 44.451997 ], [ 8.994438, 44.45198 ], [ 8.994391, 44.451989 ], [ 8.99436, 44.452008 ], [ 8.994333, 44.452033 ], [ 8.994318, 44.452055 ], [ 8.994306, 44.4521 ], [ 8.994303, 44.452161 ], [ 8.994318, 44.452688 ], [ 8.994289, 44.452838 ], [ 8.994215, 44.452982 ], [ 8.994117, 44.453304 ], [ 8.993925, 44.453465 ], [ 8.9938, 44.453602 ], [ 8.993789, 44.453625 ], [ 8.993782, 44.453729 ], [ 8.993792, 44.45386 ] ] } },
{ "type": "Feature", "properties": { "osm_id": 285465173, "highway": "footway", "surface": "", "name": "Salita Fassolo di Struppa", "paved": false }, "geometry": { "type": "LineString", "coordinates": [ [ 9.014384, 44.454838 ], [ 9.014307, 44.454918 ], [ 9.014196, 44.454944 ] ] } },
{ "type": "Feature", "properties": { "osm_id": 285465176, "highway": "residential", "surface": "", "name": "Salita Ca Giana", "paved": true }, "geometry": { "type": "LineString", "coordinates": [ [ 9.019953, 44.456882 ], [ 9.019754, 44.456831 ], [ 9.019526, 44.456742 ], [ 9.01936, 44.456713 ], [ 9.019251, 44.45671 ], [ 9.018895, 44.456723 ], [ 9.018695, 44.456739 ], [ 9.01865, 44.456734 ], [ 9.018524, 44.456704 ], [ 9.018236, 44.456707 ], [ 9.018159, 44.4567 ], [ 9.018086, 44.456685 ], [ 9.018029, 44.456664 ], [ 9.017925, 44.456598 ], [ 9.017801, 44.456539 ], [ 9.017684, 44.456448 ], [ 9.017644, 44.456409 ], [ 9.017425, 44.456071 ], [ 9.017298, 44.455917 ], [ 9.017258, 44.455882 ], [ 9.017211, 44.455851 ], [ 9.017138, 44.455824 ], [ 9.016978, 44.455797 ], [ 9.016637, 44.455769 ], [ 9.016579, 44.455752 ], [ 9.016518, 44.455718 ], [ 9.016248, 44.455583 ], [ 9.016176, 44.455562 ], [ 9.0161, 44.455562 ], [ 9.015981, 44.455574 ], [ 9.015927, 44.455573 ], [ 9.01579, 44.455553 ], [ 9.015561, 44.455546 ], [ 9.015323, 44.455598 ], [ 9.015268, 44.455615 ], [ 9.015178, 44.455656 ], [ 9.015086, 44.455706 ], [ 9.014967, 44.455779 ], [ 9.01467, 44.456017 ], [ 9.014566, 44.456071 ] ] } },
{ "type": "Feature", "properties": { "osm_id": 286203161, "highway": "residential", "surface": "", "name": "Via alla Chiesa di San Siro di Struppa", "paved": true }, "geometry": { "type": "LineString", "coordinates": [ [ 8.996948, 44.453484 ], [ 8.996978, 44.453437 ], [ 8.997067, 44.453371 ], [ 8.997142, 44.45333 ], [ 8.997196, 44.453305 ], [ 8.997348, 44.453275 ], [ 8.997428, 44.453256 ], [ 8.997477, 44.453238 ], [ 8.997534, 44.453204 ], [ 8.997575, 44.453169 ], [ 8.997657, 44.453126 ], [ 8.997841, 44.453046 ], [ 8.998015, 44.452941 ], [ 8.998121, 44.4529 ], [ 8.998262, 44.452856 ] ] } },
{ "type": "Feature", "properties": { "osm_id": 286203162, "highway": "residential", "surface": "wood", "name": "Via Campodenego", "paved": true }, "geometry": { "type": "LineString", "coordinates": [ [ 8.996824, 44.454416 ], [ 8.996886, 44.454417 ] ] } },
{ "type": "Feature", "properties": { "osm_id": 286203163, "highway": "residential", "surface": "", "name": "Via Campodenego", "paved": true }, "geometry": { "type": "LineString", "coordinates": [ [ 8.996886, 44.454417 ], [ 8.996909, 44.454412 ], [ 8.996933, 44.454396 ], [ 8.996945, 44.454374 ], [ 8.99694, 44.454325 ], [ 8.996918, 44.454267 ], [ 8.996923, 44.454244 ], [ 8.996938, 44.454229 ], [ 8.996966, 44.454214 ], [ 8.997555, 44.454082 ], [ 8.998055, 44.453982 ], [ 8.998518, 44.453874 ] ] } },
{ "type": "Feature", "properties": { "osm_id": 286203164, "highway": "residential", "surface": "", "name": "Via alla Chiesa di San Siro di Struppa", "paved": true }, "geometry": { "type": "LineString", "coordinates": [ [ 8.996854, 44.453527 ], [ 8.996906, 44.453524 ], [ 8.996938, 44.453503 ], [ 8.996948, 44.453484 ] ] } },
{ "type": "Feature", "properties": { "osm_id": 287118959, "highway": "unclassified", "surface": "asphalt", "name": "Via Salvo D'Acquisto", "paved": true }, "geometry": { "type": "LineString", "coordinates": [ [ 8.977443, 44.453991 ], [ 8.977543, 44.453918 ], [ 8.978064, 44.453424 ] ] } },
{ "type": "Feature", "properties": { "osm_id": 287120094, "highway": "path", "surface": "", "name": "Via del Perdono", "paved": false }, "geometry": { "type": "LineString", "coordinates": [ [ 8.993617, 44.458283 ], [ 8.993699, 44.45825 ] ] } },
{ "type": "Feature", "properties": { "osm_id": 287241281, "highway": "residential", "surface": "gravel", "name": "Via di Creto", "paved": false }, "geometry": { "type": "LineString", "coordinates": [ [ 9.006385, 44.455548 ], [ 9.006368, 44.455559 ], [ 9.006346, 44.455564 ], [ 9.006318, 44.455559 ], [ 9.005998, 44.455464 ], [ 9.005847, 44.455406 ], [ 9.00583, 44.455401 ], [ 9.005813, 44.455405 ], [ 9.005804, 44.455418 ], [ 9.005802, 44.455433 ], [ 9.005813, 44.455471 ], [ 9.005896, 44.45556 ], [ 9.006141, 44.455728 ], [ 9.006223, 44.455792 ], [ 9.006297, 44.455868 ], [ 9.006313, 44.455891 ], [ 9.006327, 44.455938 ], [ 9.006325, 44.455973 ], [ 9.006315, 44.455997 ], [ 9.006296, 44.456024 ], [ 9.006205, 44.456089 ] ] } },
{ "type": "Feature", "properties": { "osm_id": 287510170, "highway": "footway", "surface": "paved", "name": "", "paved": true }, "geometry": { "type": "LineString", "coordinates": [ [ 9.10526, 44.435861 ], [ 9.105247, 44.436023 ], [ 9.105255, 44.436194 ], [ 9.105301, 44.436514 ], [ 9.105331, 44.43653 ] ] } },
{ "type": "Feature", "properties": { "osm_id": 287510172, "highway": "tertiary", "surface": "asphalt", "name": "", "paved": true }, "geometry": { "type": "MultiLineString", "coordinates": [ [ [ 9.108653, 44.435363 ], [ 9.108671, 44.435274 ], [ 9.108649, 44.435137 ], [ 9.108556, 44.434976 ], [ 9.108457, 44.434849 ], [ 9.108415, 44.434736 ] ], [ [ 9.109459, 44.43464 ], [ 9.109465, 44.434652 ], [ 9.109561, 44.434694 ], [ 9.110278, 44.43477 ], [ 9.110367, 44.434823 ], [ 9.110434, 44.434923 ], [ 9.110449, 44.435045 ], [ 9.110423, 44.435113 ], [ 9.11029, 44.43524 ], [ 9.110264, 44.435383 ], [ 9.110278, 44.435483 ], [ 9.11043, 44.435747 ], [ 9.110423, 44.435807 ], [ 9.110323, 44.435929 ], [ 9.110319, 44.435976 ], [ 9.110356, 44.436026 ], [ 9.110456, 44.436092 ], [ 9.1107, 44.436166 ], [ 9.110836, 44.436245 ], [ 9.110959, 44.436383 ], [ 9.111284, 44.43686 ] ] ] } },
{ "type": "Feature", "properties": { "osm_id": 287510182, "highway": "tertiary", "surface": "asphalt", "name": "", "paved": true }, "geometry": { "type": "LineString", "coordinates": [ [ 9.104825, 44.435595 ], [ 9.104814, 44.435423 ], [ 9.104803, 44.43537 ], [ 9.104747, 44.43524 ], [ 9.104651, 44.435081 ] ] } },
{ "type": "Feature", "properties": { "osm_id": 287704211, "highway": "residential", "surface": "", "name": "Salita San Bazà", "paved": true }, "geometry": { "type": "LineString", "coordinates": [ [ 8.994627, 44.45101 ], [ 8.994519, 44.450995 ] ] } },
{ "type": "Feature", "properties": { "osm_id": 287704212, "highway": "residential", "surface": "asphalt", "name": "Salita San Bazà", "paved": true }, "geometry": { "type": "LineString", "coordinates": [ [ 8.992703, 44.450923 ], [ 8.992699, 44.450903 ], [ 8.992705, 44.450887 ], [ 8.992719, 44.450875 ], [ 8.992742, 44.450868 ], [ 8.992768, 44.450868 ], [ 8.99285, 44.450877 ], [ 8.992872, 44.450871 ], [ 8.992883, 44.450861 ], [ 8.992884, 44.450828 ], [ 8.992858, 44.450765 ], [ 8.992838, 44.450692 ], [ 8.992854, 44.450628 ], [ 8.99288, 44.4506 ], [ 8.99291, 44.450583 ], [ 8.992952, 44.45057 ], [ 8.993006, 44.450564 ], [ 8.993243, 44.450571 ], [ 8.993341, 44.450583 ], [ 8.993503, 44.450638 ], [ 8.993768, 44.450754 ], [ 8.994086, 44.450878 ], [ 8.994269, 44.450957 ], [ 8.994519, 44.450995 ] ] } },
{ "type": "Feature", "properties": { "osm_id": 289917260, "highway": "pedestrian", "surface": "", "name": "Via Elia Bernardini", "paved": false }, "geometry": { "type": "LineString", "coordinates": [ [ 8.976651, 44.454125 ], [ 8.976595, 44.45402 ] ] } },
{ "type": "Feature", "properties": { "osm_id": 295494150, "highway": "service", "surface": "", "name": "Via Olivo", "paved": false }, "geometry": { "type": "LineString", "coordinates": [ [ 8.98912, 44.455446 ], [ 8.989313, 44.455375 ] ] } },
{ "type": "Feature", "properties": { "osm_id": 295494172, "highway": "service", "surface": "asphalt", "name": "", "paved": true }, "geometry": { "type": "LineString", "coordinates": [ [ 8.991208, 44.45321 ], [ 8.991115, 44.45311 ] ] } },
{ "type": "Feature", "properties": { "osm_id": 295494174, "highway": "service", "surface": "asphalt", "name": "", "paved": true }, "geometry": { "type": "LineString", "coordinates": [ [ 8.990477, 44.453547 ], [ 8.990387, 44.45343 ] ] } },
{ "type": "Feature", "properties": { "osm_id": 295494175, "highway": "service", "surface": "asphalt", "name": "", "paved": true }, "geometry": { "type": "LineString", "coordinates": [ [ 8.990929, 44.453357 ], [ 8.990825, 44.453245 ] ] } },
{ "type": "Feature", "properties": { "osm_id": 295494177, "highway": "pedestrian", "surface": "asphalt", "name": "Via Struppa", "paved": true }, "geometry": { "type": "LineString", "coordinates": [ [ 8.991357, 44.453005 ], [ 8.99139, 44.4531 ] ] } },
{ "type": "Feature", "properties": { "osm_id": 295494178, "highway": "service", "surface": "asphalt", "name": "", "paved": true }, "geometry": { "type": "LineString", "coordinates": [ [ 8.99061, 44.453494 ], [ 8.990518, 44.453385 ] ] } },
{ "type": "Feature", "properties": { "osm_id": 295494180, "highway": "pedestrian", "surface": "asphalt", "name": "Via Struppa", "paved": true }, "geometry": { "type": "LineString", "coordinates": [ [ 8.991723, 44.452731 ], [ 8.991732, 44.452786 ] ] } },
{ "type": "Feature", "properties": { "osm_id": 295494181, "highway": "pedestrian", "surface": "asphalt", "name": "Via Struppa", "paved": true }, "geometry": { "type": "LineString", "coordinates": [ [ 8.991771, 44.452693 ], [ 8.99171, 44.452599 ] ] } },
{ "type": "Feature", "properties": { "osm_id": 295494182, "highway": "service", "surface": "asphalt", "name": "", "paved": true }, "geometry": { "type": "LineString", "coordinates": [ [ 8.991072, 44.45328 ], [ 8.990984, 44.453175 ] ] } },
{ "type": "Feature", "properties": { "osm_id": 295494184, "highway": "footway", "surface": "asphalt", "name": "", "paved": true }, "geometry": { "type": "LineString", "coordinates": [ [ 8.991955, 44.452564 ], [ 8.991949, 44.452624 ], [ 8.991732, 44.452786 ] ] } },
{ "type": "Feature", "properties": { "osm_id": 295494191, "highway": "secondary", "surface": "asphalt", "name": "Via Nazionale", "paved": true }, "geometry": { "type": "LineString", "coordinates": [ [ 8.97578, 44.451906 ], [ 8.975841, 44.45193 ], [ 8.97593, 44.451974 ], [ 8.976687, 44.452377 ], [ 8.977169, 44.452605 ], [ 8.977933, 44.45291 ], [ 8.978686, 44.453148 ] ] } },
{ "type": "Feature", "properties": { "osm_id": 295494192, "highway": "service", "surface": "", "name": "", "paved": false }, "geometry": { "type": "LineString", "coordinates": [ [ 8.991208, 44.45321 ], [ 8.991345, 44.453333 ], [ 8.991385, 44.453375 ], [ 8.991385, 44.453393 ], [ 8.991366, 44.453425 ], [ 8.991363, 44.453441 ], [ 8.991376, 44.453475 ], [ 8.991367, 44.453486 ], [ 8.991344, 44.453496 ], [ 8.991247, 44.45352 ], [ 8.991244, 44.45353 ], [ 8.991256, 44.453539 ], [ 8.991386, 44.453542 ], [ 8.991493, 44.45357 ], [ 8.991524, 44.453573 ], [ 8.99158, 44.453565 ], [ 8.991666, 44.453539 ], [ 8.991798, 44.45349 ], [ 8.991851, 44.453484 ], [ 8.991859, 44.453495 ], [ 8.99186, 44.453509 ], [ 8.991848, 44.453522 ], [ 8.991636, 44.453591 ], [ 8.99147, 44.453604 ] ] } },
{ "type": "Feature", "properties": { "osm_id": 295494195, "highway": "pedestrian", "surface": "asphalt", "name": "Via Struppa", "paved": true }, "geometry": { "type": "LineString", "coordinates": [ [ 8.992257, 44.45231 ], [ 8.992123, 44.452388 ], [ 8.991955, 44.452564 ], [ 8.991771, 44.452693 ], [ 8.991393, 44.452974 ], [ 8.991277, 44.453075 ] ] } },
{ "type": "Feature", "properties": { "osm_id": 295494196, "highway": "pedestrian", "surface": "paving_stones", "name": "", "paved": true }, "geometry": { "type": "LineString", "coordinates": [ [ 8.992671, 44.452292 ], [ 8.992614, 44.45235 ], [ 8.992564, 44.452371 ], [ 8.992487, 44.452372 ], [ 8.992415, 44.452345 ], [ 8.99229, 44.452355 ], [ 8.992251, 44.452302 ], [ 8.992374, 44.452178 ], [ 8.992405, 44.452203 ], [ 8.992671, 44.452292 ] ] } },
{ "type": "Feature", "properties": { "osm_id": 295494198, "highway": "residential", "surface": "asphalt", "name": "", "paved": true }, "geometry": { "type": "LineString", "coordinates": [ [ 8.990765, 44.453431 ], [ 8.990929, 44.453357 ], [ 8.991208, 44.45321 ], [ 8.99139, 44.4531 ], [ 8.991544, 44.452972 ], [ 8.991732, 44.452786 ] ] } },
{ "type": "Feature", "properties": { "osm_id": 296923495, "highway": "service", "surface": "", "name": "", "paved": false }, "geometry": { "type": "MultiLineString", "coordinates": [ [ [ 9.009088, 44.454702 ], [ 9.009192, 44.454791 ], [ 9.00945, 44.454985 ], [ 9.0095, 44.455013 ], [ 9.009545, 44.455023 ], [ 9.009594, 44.455027 ], [ 9.009647, 44.455026 ], [ 9.009763, 44.455005 ], [ 9.009814, 44.454993 ], [ 9.009922, 44.454959 ], [ 9.01031, 44.454738 ] ], [ [ 9.010765, 44.45475 ], [ 9.010772, 44.454846 ], [ 9.01075, 44.454923 ], [ 9.010709, 44.455014 ], [ 9.010618, 44.455157 ] ] ] } },
{ "type": "Feature", "properties": { "osm_id": 299753892, "highway": "primary", "surface": "asphalt", "name": "Strada statale 225 della Fontanabuona", "paved": true }, "geometry": { "type": "LineString", "coordinates": [ [ 9.152311, 44.439443 ], [ 9.151706, 44.439525 ] ] } },
{ "type": "Feature", "properties": { "osm_id": 299753893, "highway": "primary", "surface": "asphalt", "name": "Strada statale 225 della Fontanabuona", "paved": true }, "geometry": { "type": "LineString", "coordinates": [ [ 9.145915, 44.440185 ], [ 9.145766, 44.440137 ], [ 9.145564, 44.440019 ], [ 9.144761, 44.439413 ], [ 9.144438, 44.439318 ], [ 9.144179, 44.439285 ], [ 9.143916, 44.439297 ], [ 9.143715, 44.439351 ], [ 9.142843, 44.439895 ], [ 9.142533, 44.440332 ] ] } },
{ "type": "Feature", "properties": { "osm_id": 299753899, "highway": "footway", "surface": "", "name": "", "paved": false }, "geometry": { "type": "LineString", "coordinates": [ [ 9.190124, 44.427004 ], [ 9.190549, 44.426924 ] ] } },
{ "type": "Feature", "properties": { "osm_id": 299753900, "highway": "footway", "surface": "", "name": "", "paved": false }, "geometry": { "type": "LineString", "coordinates": [ [ 9.190549, 44.426924 ], [ 9.190503, 44.426622 ], [ 9.190551, 44.42659 ] ] } },
{ "type": "Feature", "properties": { "osm_id": 307150311, "highway": "service", "surface": "asphalt", "name": "", "paved": true }, "geometry": { "type": "LineString", "coordinates": [ [ 8.985139, 44.453558 ], [ 8.985131, 44.453477 ] ] } },
{ "type": "Feature", "properties": { "osm_id": 307286327, "highway": "primary", "surface": "asphalt", "name": "Strada Statale di Val Trebbia", "paved": true }, "geometry": { "type": "LineString", "coordinates": [ [ 9.084143, 44.440567 ], [ 9.083952, 44.440504 ], [ 9.083687, 44.440372 ], [ 9.083364, 44.440169 ], [ 9.082773, 44.439611 ], [ 9.082344, 44.439263 ] ] } },
{ "type": "Feature", "properties": { "osm_id": 307286328, "highway": "primary", "surface": "", "name": "", "paved": true }, "geometry": { "type": "MultiLineString", "coordinates": [ [ [ 9.033141, 44.450544 ], [ 9.03311, 44.450613 ], [ 9.032938, 44.451127 ], [ 9.032875, 44.451222 ], [ 9.03282, 44.45128 ], [ 9.032751, 44.451333 ], [ 9.032682, 44.451366 ], [ 9.032629, 44.451382 ], [ 9.032527, 44.451397 ], [ 9.032465, 44.451399 ], [ 9.032402, 44.451395 ], [ 9.032337, 44.451386 ], [ 9.032209, 44.451351 ], [ 9.032083, 44.45128 ], [ 9.031902, 44.451069 ], [ 9.031478, 44.450591 ], [ 9.031323, 44.450439 ], [ 9.031223, 44.450374 ] ], [ [ 9.029436, 44.450519 ], [ 9.029347, 44.450576 ], [ 9.029108, 44.450749 ], [ 9.028847, 44.450844 ], [ 9.028737, 44.450867 ], [ 9.028623, 44.450867 ], [ 9.028426, 44.45082 ], [ 9.028262, 44.450721 ], [ 9.028209, 44.450665 ] ] ] } },
{ "type": "Feature", "properties": { "osm_id": 307286329, "highway": "primary", "surface": "", "name": "", "paved": true }, "geometry": { "type": "LineString", "coordinates": [ [ 9.037428, 44.449035 ], [ 9.037423, 44.449047 ], [ 9.037338, 44.449125 ], [ 9.037221, 44.449178 ], [ 9.037087, 44.449201 ], [ 9.036949, 44.449191 ], [ 9.036875, 44.449167 ] ] } },
{ "type": "Feature", "properties": { "osm_id": 307286331, "highway": "residential", "surface": "", "name": "Via Aimone Martini", "paved": true }, "geometry": { "type": "LineString", "coordinates": [ [ 9.088469, 44.444665 ], [ 9.088307, 44.444764 ] ] } },
{ "type": "Feature", "properties": { "osm_id": 307286333, "highway": "primary", "surface": "asphalt", "name": "Via Aimone Martini", "paved": true }, "geometry": { "type": "LineString", "coordinates": [ [ 9.091664, 44.442765 ], [ 9.091482, 44.442966 ], [ 9.091399, 44.443086 ] ] } },
{ "type": "Feature", "properties": { "osm_id": 307286334, "highway": "primary", "surface": "asphalt", "name": "Via Aimone Martini", "paved": true }, "geometry": { "type": "LineString", "coordinates": [ [ 9.091399, 44.443086 ], [ 9.091413, 44.443032 ], [ 9.091459, 44.442904 ], [ 9.091461, 44.442749 ] ] } },
{ "type": "Feature", "properties": { "osm_id": 307286336, "highway": "residential", "surface": "", "name": "Via Aimone Martini", "paved": true }, "geometry": { "type": "LineString", "coordinates": [ [ 9.09134, 44.443181 ], [ 9.091396, 44.443259 ], [ 9.091414, 44.443349 ], [ 9.091377, 44.443422 ], [ 9.091271, 44.443462 ], [ 9.09118, 44.443471 ] ] } },
{ "type": "Feature", "properties": { "osm_id": 307286338, "highway": "primary", "surface": "asphalt", "name": "Via Giovanni Cevasco", "paved": true }, "geometry": { "type": "LineString", "coordinates": [ [ 9.090758, 44.44234 ], [ 9.090603, 44.442335 ], [ 9.09048, 44.442342 ], [ 9.089812, 44.44248 ], [ 9.089588, 44.442491 ], [ 9.089321, 44.442423 ], [ 9.088617, 44.442091 ], [ 9.088274, 44.441999 ], [ 9.086972, 44.441767 ], [ 9.086625, 44.441616 ], [ 9.08618, 44.441288 ] ] } },
{ "type": "Feature", "properties": { "osm_id": 307286339, "highway": "primary", "surface": "asphalt", "name": "Via Giovanni Cevasco", "paved": true }, "geometry": { "type": "LineString", "coordinates": [ [ 9.091392, 44.442705 ], [ 9.09124, 44.44259 ], [ 9.091101, 44.442499 ], [ 9.090962, 44.442427 ], [ 9.090758, 44.44234 ] ] } },
{ "type": "Feature", "properties": { "osm_id": 307286340, "highway": "service", "surface": "", "name": "Via Giovanni Cevasco", "paved": false }, "geometry": { "type": "LineString", "coordinates": [ [ 9.090435, 44.442351 ], [ 9.090474, 44.442294 ], [ 9.090547, 44.44227 ], [ 9.090863, 44.442301 ], [ 9.091271, 44.442402 ], [ 9.091393, 44.442402 ] ] } },
{ "type": "Feature", "properties": { "osm_id": 307286342, "highway": "primary", "surface": "", "name": "Via dei Partigiani", "paved": true }, "geometry": { "type": "LineString", "coordinates": [ [ 9.065281, 44.441912 ], [ 9.065092, 44.441906 ], [ 9.064905, 44.441955 ], [ 9.064732, 44.442056 ], [ 9.064443, 44.442341 ], [ 9.064356, 44.4424 ], [ 9.064183, 44.442452 ], [ 9.06401, 44.442446 ], [ 9.062498, 44.442198 ], [ 9.062254, 44.442179 ], [ 9.061981, 44.442204 ], [ 9.061333, 44.44232 ], [ 9.061087, 44.442333 ], [ 9.060877, 44.442307 ], [ 9.059979, 44.442139 ], [ 9.059593, 44.442143 ], [ 9.058999, 44.44225 ], [ 9.058607, 44.442345 ], [ 9.057893, 44.442639 ], [ 9.057538, 44.442724 ], [ 9.057051, 44.442689 ], [ 9.056588, 44.442698 ], [ 9.055923, 44.442767 ], [ 9.055053, 44.443015 ], [ 9.054396, 44.443238 ], [ 9.054165, 44.443267 ], [ 9.053919, 44.443195 ], [ 9.053783, 44.443078 ], [ 9.053744, 44.442969 ] ] } },
{ "type": "Feature", "properties": { "osm_id": 307286345, "highway": "footway", "surface": "", "name": "", "paved": false }, "geometry": { "type": "LineString", "coordinates": [ [ 9.092007, 44.443315 ], [ 9.091968, 44.443315 ], [ 9.091899, 44.443249 ], [ 9.091853, 44.443241 ], [ 9.091849, 44.443361 ], [ 9.091834, 44.443428 ], [ 9.091844, 44.443464 ], [ 9.091833, 44.443468 ], [ 9.091734, 44.443402 ], [ 9.091636, 44.443362 ], [ 9.091414, 44.443349 ] ] } },
{ "type": "Feature", "properties": { "osm_id": 307286354, "highway": "service", "surface": "", "name": "", "paved": false }, "geometry": { "type": "LineString", "coordinates": [ [ 9.064414, 44.442445 ], [ 9.064313, 44.442489 ], [ 9.064193, 44.44251 ], [ 9.064138, 44.442451 ] ] } },
{ "type": "Feature", "properties": { "osm_id": 307286357, "highway": "residential", "surface": "", "name": "", "paved": true }, "geometry": { "type": "LineString", "coordinates": [ [ 9.088326, 44.44482 ], [ 9.08834, 44.444815 ], [ 9.088289, 44.444736 ], [ 9.088155, 44.444745 ], [ 9.088101, 44.44482 ], [ 9.088099, 44.444855 ] ] } },
{ "type": "Feature", "properties": { "osm_id": 307497708, "highway": "primary", "surface": "asphalt", "name": "Via Aimone Martini", "paved": true }, "geometry": { "type": "LineString", "coordinates": [ [ 9.088519, 44.44479 ], [ 9.088505, 44.444774 ], [ 9.088462, 44.444645 ], [ 9.088506, 44.444509 ], [ 9.088614, 44.44439 ], [ 9.08904, 44.444081 ], [ 9.089193, 44.443994 ], [ 9.089365, 44.443939 ], [ 9.089673, 44.443925 ], [ 9.089838, 44.443901 ], [ 9.089981, 44.443854 ], [ 9.091188, 44.443351 ], [ 9.091258, 44.443294 ], [ 9.091312, 44.443227 ], [ 9.091399, 44.443086 ] ] } },
{ "type": "Feature", "properties": { "osm_id": 317379797, "highway": "residential", "surface": "", "name": "", "paved": true }, "geometry": { "type": "LineString", "coordinates": [ [ 9.146698, 44.43515 ], [ 9.147047, 44.435152 ], [ 9.147579, 44.435077 ], [ 9.147868, 44.435007 ], [ 9.148083, 44.43492 ], [ 9.148197, 44.434894 ], [ 9.148364, 44.434911 ], [ 9.148449, 44.434993 ], [ 9.148473, 44.435045 ], [ 9.148396, 44.435135 ], [ 9.148327, 44.435239 ], [ 9.148368, 44.435353 ], [ 9.148412, 44.435434 ], [ 9.148421, 44.435518 ], [ 9.148347, 44.435582 ], [ 9.14814, 44.435666 ], [ 9.147868, 44.435759 ], [ 9.147522, 44.435837 ], [ 9.147185, 44.435895 ], [ 9.146957, 44.435913 ], [ 9.146791, 44.435884 ] ] } },
{ "type": "Feature", "properties": { "osm_id": 318309139, "highway": "footway", "surface": "", "name": "Salita Landolfo", "paved": false }, "geometry": { "type": "LineString", "coordinates": [ [ 9.010639, 44.461953 ], [ 9.010906, 44.461584 ], [ 9.010933, 44.46152 ], [ 9.010878, 44.461449 ] ] } },
{ "type": "Feature", "properties": { "osm_id": 318376874, "highway": "tertiary", "surface": "asphalt", "name": "", "paved": true }, "geometry": { "type": "LineString", "coordinates": [ [ 9.219782, 44.41536 ], [ 9.21967, 44.415349 ], [ 9.219318, 44.415383 ], [ 9.219012, 44.415461 ], [ 9.218817, 44.415457 ], [ 9.218667, 44.415441 ] ] } },
{ "type": "Feature", "properties": { "osm_id": 319709217, "highway": "primary", "surface": "asphalt", "name": "Strada statale 225 della Fontanabuona", "paved": true }, "geometry": { "type": "LineString", "coordinates": [ [ 9.170128, 44.434183 ], [ 9.169585, 44.434261 ] ] } },
{ "type": "Feature", "properties": { "osm_id": 320458043, "highway": "footway", "surface": "", "name": "Via Piane di Rosso", "paved": false }, "geometry": { "type": "LineString", "coordinates": [ [ 9.07244, 44.447257 ], [ 9.072404, 44.44722 ], [ 9.072466, 44.447022 ], [ 9.072656, 44.446882 ], [ 9.072651, 44.446859 ] ] } },
{ "type": "Feature", "properties": { "osm_id": 320458045, "highway": "service", "surface": "", "name": "", "paved": false }, "geometry": { "type": "LineString", "coordinates": [ [ 9.073262, 44.446643 ], [ 9.073169, 44.446624 ], [ 9.072949, 44.446745 ] ] } },
{ "type": "Feature", "properties": { "osm_id": 320458046, "highway": "steps", "surface": "", "name": "Via Piane di Rosso", "paved": false }, "geometry": { "type": "LineString", "coordinates": [ [ 9.072651, 44.446859 ], [ 9.072529, 44.446839 ], [ 9.072459, 44.446776 ], [ 9.072471, 44.446742 ], [ 9.072634, 44.446569 ], [ 9.07271, 44.446346 ] ] } },
{ "type": "Feature", "properties": { "osm_id": 320458047, "highway": "steps", "surface": "", "name": "Via Piane di Rosso", "paved": false }, "geometry": { "type": "LineString", "coordinates": [ [ 9.072651, 44.446859 ], [ 9.072682, 44.44686 ], [ 9.072949, 44.446745 ] ] } },
{ "type": "Feature", "properties": { "osm_id": 320458367, "highway": "steps", "surface": "", "name": "", "paved": false }, "geometry": { "type": "LineString", "coordinates": [ [ 9.069697, 44.447848 ], [ 9.069251, 44.447499 ], [ 9.069276, 44.447474 ], [ 9.06925, 44.447441 ], [ 9.069275, 44.447403 ] ] } },
{ "type": "Feature", "properties": { "osm_id": 320458369, "highway": "footway", "surface": "", "name": "", "paved": false }, "geometry": { "type": "LineString", "coordinates": [ [ 9.068594, 44.447629 ], [ 9.068629, 44.447688 ], [ 9.06868, 44.447572 ], [ 9.068758, 44.447506 ], [ 9.068889, 44.447461 ], [ 9.069, 44.447469 ], [ 9.06915, 44.447453 ], [ 9.069275, 44.447403 ] ] } },
{ "type": "Feature", "properties": { "osm_id": 320458371, "highway": "footway", "surface": "", "name": "", "paved": false }, "geometry": { "type": "LineString", "coordinates": [ [ 9.069275, 44.447403 ], [ 9.069375, 44.447328 ], [ 9.06949, 44.447276 ], [ 9.06966, 44.447257 ], [ 9.069774, 44.447279 ], [ 9.069923, 44.447262 ], [ 9.070081, 44.447214 ], [ 9.070358, 44.447103 ] ] } },
{ "type": "Feature", "properties": { "osm_id": 320458374, "highway": "footway", "surface": "", "name": "", "paved": false }, "geometry": { "type": "LineString", "coordinates": [ [ 9.070409, 44.447106 ], [ 9.07054, 44.447049 ], [ 9.07058, 44.447009 ], [ 9.070585, 44.446979 ], [ 9.07069, 44.446861 ], [ 9.070751, 44.446819 ], [ 9.070909, 44.446789 ], [ 9.070968, 44.446799 ], [ 9.071039, 44.446643 ], [ 9.071189, 44.446587 ], [ 9.071296, 44.446571 ], [ 9.071319, 44.446582 ], [ 9.071285, 44.446645 ], [ 9.071363, 44.446678 ], [ 9.07142, 44.446633 ] ] } },
{ "type": "Feature", "properties": { "osm_id": 320458376, "highway": "footway", "surface": "", "name": "", "paved": false }, "geometry": { "type": "LineString", "coordinates": [ [ 9.071115, 44.446997 ], [ 9.071183, 44.446979 ], [ 9.071225, 44.446886 ], [ 9.071363, 44.446716 ], [ 9.07142, 44.446633 ] ] } },
{ "type": "Feature", "properties": { "osm_id": 320458377, "highway": "footway", "surface": "", "name": "", "paved": false }, "geometry": { "type": "LineString", "coordinates": [ [ 9.07142, 44.446633 ], [ 9.071495, 44.446585 ] ] } },
{ "type": "Feature", "properties": { "osm_id": 320458378, "highway": "footway", "surface": "", "name": "", "paved": false }, "geometry": { "type": "LineString", "coordinates": [ [ 9.071495, 44.446585 ], [ 9.07219, 44.446415 ], [ 9.072495, 44.446331 ], [ 9.072619, 44.446313 ], [ 9.07271, 44.446346 ] ] } },
{ "type": "Feature", "properties": { "osm_id": 320458380, "highway": "footway", "surface": "", "name": "", "paved": false }, "geometry": { "type": "LineString", "coordinates": [ [ 9.071495, 44.446585 ], [ 9.071839, 44.446377 ], [ 9.071996, 44.446189 ], [ 9.072053, 44.446169 ], [ 9.072106, 44.446129 ], [ 9.072193, 44.446081 ], [ 9.072251, 44.446071 ], [ 9.072436, 44.446001 ], [ 9.072725, 44.445939 ], [ 9.072941, 44.445875 ] ] } },
{ "type": "Feature", "properties": { "osm_id": 320458381, "highway": "footway", "surface": "", "name": "", "paved": false }, "geometry": { "type": "LineString", "coordinates": [ [ 9.072941, 44.445875 ], [ 9.07293, 44.445962 ], [ 9.072805, 44.446164 ], [ 9.072797, 44.446245 ], [ 9.072775, 44.446289 ], [ 9.07271, 44.446346 ] ] } },
{ "type": "Feature", "properties": { "osm_id": 320458383, "highway": "footway", "surface": "", "name": "", "paved": false }, "geometry": { "type": "LineString", "coordinates": [ [ 9.071117, 44.446614 ], [ 9.070928, 44.446493 ], [ 9.070894, 44.446497 ], [ 9.070835, 44.446445 ], [ 9.070768, 44.446256 ], [ 9.070517, 44.446172 ], [ 9.070527, 44.445867 ] ] } },
{ "type": "Feature", "properties": { "osm_id": 320458384, "highway": "steps", "surface": "", "name": "", "paved": false }, "geometry": { "type": "LineString", "coordinates": [ [ 9.070527, 44.445867 ], [ 9.070176, 44.44566 ], [ 9.070182, 44.445548 ] ] } },
{ "type": "Feature", "properties": { "osm_id": 320458386, "highway": "footway", "surface": "", "name": "", "paved": false }, "geometry": { "type": "LineString", "coordinates": [ [ 9.070527, 44.445867 ], [ 9.07082, 44.445621 ], [ 9.070948, 44.445439 ], [ 9.071022, 44.445362 ], [ 9.07121, 44.445309 ], [ 9.07098, 44.445207 ], [ 9.070983, 44.445171 ] ] } },
{ "type": "Feature", "properties": { "osm_id": 320458387, "highway": "footway", "surface": "", "name": "", "paved": false }, "geometry": { "type": "LineString", "coordinates": [ [ 9.069467, 44.44821 ], [ 9.069473, 44.448192 ], [ 9.069545, 44.448107 ], [ 9.069565, 44.448104 ], [ 9.069614, 44.448057 ] ] } },
{ "type": "Feature", "properties": { "osm_id": 320458388, "highway": "steps", "surface": "", "name": "", "paved": false }, "geometry": { "type": "LineString", "coordinates": [ [ 9.069614, 44.448057 ], [ 9.06947, 44.447963 ] ] } },
{ "type": "Feature", "properties": { "osm_id": 320458391, "highway": "footway", "surface": "", "name": "", "paved": false }, "geometry": { "type": "LineString", "coordinates": [ [ 9.069082, 44.448227 ], [ 9.069209, 44.448073 ], [ 9.069344, 44.447976 ] ] } },
{ "type": "Feature", "properties": { "osm_id": 320458393, "highway": "steps", "surface": "", "name": "", "paved": false }, "geometry": { "type": "LineString", "coordinates": [ [ 9.069346, 44.448043 ], [ 9.069344, 44.447976 ] ] } },
{ "type": "Feature", "properties": { "osm_id": 320458636, "highway": "path", "surface": "", "name": "", "paved": false }, "geometry": { "type": "LineString", "coordinates": [ [ 9.06725, 44.448278 ], [ 9.066925, 44.448181 ], [ 9.066665, 44.448149 ], [ 9.066458, 44.448109 ], [ 9.06635, 44.448021 ], [ 9.066206, 44.44789 ], [ 9.065725, 44.447726 ], [ 9.065405, 44.447716 ], [ 9.06511, 44.447659 ], [ 9.064874, 44.447718 ], [ 9.06478, 44.447712 ], [ 9.06451, 44.447556 ], [ 9.064219, 44.447482 ], [ 9.064026, 44.447318 ], [ 9.063984, 44.447299 ], [ 9.063912, 44.44711 ], [ 9.063785, 44.447031 ], [ 9.063723, 44.446905 ], [ 9.063684, 44.446846 ], [ 9.063618, 44.44668 ], [ 9.063575, 44.446523 ], [ 9.063441, 44.446429 ], [ 9.063285, 44.446402 ], [ 9.063182, 44.446391 ], [ 9.062839, 44.446203 ], [ 9.062741, 44.446162 ], [ 9.062562, 44.44614 ], [ 9.061981, 44.446124 ], [ 9.061551, 44.446166 ], [ 9.061491, 44.446177 ], [ 9.061445, 44.446191 ], [ 9.061209, 44.446295 ], [ 9.060874, 44.446423 ], [ 9.060772, 44.446446 ] ] } },
{ "type": "Feature", "properties": { "osm_id": 320458637, "highway": "footway", "surface": "", "name": "", "paved": false }, "geometry": { "type": "LineString", "coordinates": [ [ 9.060384, 44.446366 ], [ 9.060275, 44.446366 ], [ 9.060124, 44.446398 ], [ 9.060036, 44.44644 ], [ 9.059745, 44.446494 ], [ 9.059613, 44.446485 ], [ 9.059143, 44.446552 ], [ 9.059092, 44.446566 ], [ 9.059025, 44.446601 ], [ 9.058945, 44.446684 ], [ 9.058914, 44.4467 ], [ 9.058876, 44.446694 ], [ 9.058859, 44.446669 ], [ 9.058865, 44.446639 ], [ 9.058898, 44.446555 ], [ 9.058893, 44.446538 ], [ 9.058848, 44.44651 ], [ 9.058839, 44.44651 ] ] } },
{ "type": "Feature", "properties": { "osm_id": 320458841, "highway": "path", "surface": "", "name": "", "paved": false }, "geometry": { "type": "LineString", "coordinates": [ [ 9.072539, 44.446673 ], [ 9.072422, 44.4467 ], [ 9.07205, 44.447045 ], [ 9.072004, 44.447073 ], [ 9.071937, 44.447174 ], [ 9.071924, 44.447317 ], [ 9.071484, 44.447497 ], [ 9.071111, 44.447632 ], [ 9.071029, 44.447638 ], [ 9.071011, 44.447671 ], [ 9.070767, 44.447686 ], [ 9.070747, 44.447761 ] ] } },
{ "type": "Feature", "properties": { "osm_id": 325067220, "highway": "path", "surface": "ground", "name": "", "paved": false }, "geometry": { "type": "LineString", "coordinates": [ [ 9.052555, 44.450841 ], [ 9.052436, 44.45073 ], [ 9.052279, 44.450445 ], [ 9.052139, 44.450223 ], [ 9.0521, 44.450021 ], [ 9.052143, 44.449819 ], [ 9.05219, 44.449731 ], [ 9.052158, 44.449676 ], [ 9.052105, 44.449648 ], [ 9.051963, 44.449385 ], [ 9.051963, 44.449356 ], [ 9.05193, 44.449285 ], [ 9.051943, 44.449235 ], [ 9.051883, 44.449187 ], [ 9.051687, 44.449009 ], [ 9.051533, 44.448935 ], [ 9.05138, 44.448771 ], [ 9.051347, 44.448662 ], [ 9.051474, 44.448279 ], [ 9.05131, 44.447946 ], [ 9.051194, 44.447685 ], [ 9.051087, 44.44754 ], [ 9.050801, 44.447435 ], [ 9.050508, 44.447492 ], [ 9.050052, 44.447499 ], [ 9.049752, 44.447557 ], [ 9.049452, 44.447523 ], [ 9.048823, 44.447573 ], [ 9.048424, 44.44753 ], [ 9.048104, 44.447362 ], [ 9.047907, 44.447152 ], [ 9.047628, 44.446594 ], [ 9.047371, 44.446377 ], [ 9.047205, 44.446387 ], [ 9.047088, 44.446335 ], [ 9.047092, 44.446149 ], [ 9.047048, 44.44604 ], [ 9.046815, 44.445679 ], [ 9.046665, 44.445481 ], [ 9.046602, 44.445367 ], [ 9.046509, 44.445151 ], [ 9.046565, 44.445056 ], [ 9.046713, 44.445059 ], [ 9.046797, 44.445052 ] ] } },
{ "type": "Feature", "properties": { "osm_id": 329699493, "highway": "trunk", "surface": "asphalt", "name": "Strada statale 225 della Fontanabuona", "paved": true }, "geometry": { "type": "LineString", "coordinates": [ [ 9.092771, 44.442103 ], [ 9.092518, 44.442179 ] ] } },
{ "type": "Feature", "properties": { "osm_id": 340459660, "highway": "path", "surface": "", "name": "", "paved": false }, "geometry": { "type": "LineString", "coordinates": [ [ 9.00931, 44.455738 ], [ 9.009337, 44.455752 ], [ 9.009472, 44.455855 ], [ 9.009637, 44.455994 ], [ 9.009747, 44.456029 ], [ 9.009989, 44.456074 ], [ 9.010048, 44.45611 ], [ 9.010168, 44.456204 ], [ 9.010224, 44.456285 ], [ 9.010243, 44.456343 ], [ 9.010189, 44.456615 ], [ 9.010146, 44.456716 ], [ 9.010146, 44.456823 ], [ 9.010181, 44.45691 ], [ 9.010181, 44.457 ], [ 9.01017, 44.457059 ], [ 9.01023, 44.457136 ], [ 9.010271, 44.45722 ], [ 9.010479, 44.457383 ], [ 9.010529, 44.457456 ], [ 9.010643, 44.457566 ] ] } },
{ "type": "Feature", "properties": { "osm_id": 340582560, "highway": "path", "surface": "", "name": "", "paved": false }, "geometry": { "type": "LineString", "coordinates": [ [ 9.010168, 44.456204 ], [ 9.010207, 44.456188 ], [ 9.010244, 44.4561 ] ] } },
{ "type": "Feature", "properties": { "osm_id": 340582561, "highway": "path", "surface": "", "name": "", "paved": false }, "geometry": { "type": "LineString", "coordinates": [ [ 9.009747, 44.456029 ], [ 9.009868, 44.456082 ], [ 9.009952, 44.456142 ], [ 9.009996, 44.456215 ], [ 9.01002, 44.456311 ], [ 9.009974, 44.456358 ] ] } },
{ "type": "Feature", "properties": { "osm_id": 340585695, "highway": "service", "surface": "", "name": "", "paved": false }, "geometry": { "type": "LineString", "coordinates": [ [ 9.029905, 44.450574 ], [ 9.029983, 44.450668 ], [ 9.029986, 44.450683 ], [ 9.029974, 44.450696 ], [ 9.029887, 44.45076 ], [ 9.029758, 44.450869 ], [ 9.029616, 44.45094 ], [ 9.029488, 44.450957 ], [ 9.029396, 44.450992 ] ] } },
{ "type": "Feature", "properties": { "osm_id": 340585697, "highway": "service", "surface": "", "name": "", "paved": false }, "geometry": { "type": "LineString", "coordinates": [ [ 9.029802, 44.450486 ], [ 9.029905, 44.450574 ] ] } },
{ "type": "Feature", "properties": { "osm_id": 340757732, "highway": "path", "surface": "", "name": "", "paved": false }, "geometry": { "type": "LineString", "coordinates": [ [ 9.189407, 44.434484 ], [ 9.189375, 44.434463 ], [ 9.18931, 44.434386 ], [ 9.189259, 44.434274 ], [ 9.189237, 44.434139 ], [ 9.189216, 44.434075 ], [ 9.189198, 44.433984 ], [ 9.189185, 44.433963 ], [ 9.189096, 44.433846 ], [ 9.188965, 44.433707 ], [ 9.188899, 44.433613 ], [ 9.188875, 44.433589 ], [ 9.188866, 44.43354 ], [ 9.188805, 44.433483 ], [ 9.188664, 44.433332 ], [ 9.188651, 44.43327 ], [ 9.188651, 44.433174 ], [ 9.188582, 44.433046 ], [ 9.188586, 44.432993 ], [ 9.188515, 44.432882 ], [ 9.188494, 44.432832 ], [ 9.188476, 44.432809 ], [ 9.188423, 44.43279 ], [ 9.188362, 44.432683 ], [ 9.188319, 44.432637 ], [ 9.188267, 44.432566 ], [ 9.188216, 44.432529 ], [ 9.188144, 44.432487 ], [ 9.188101, 44.43243 ], [ 9.188083, 44.432311 ], [ 9.188049, 44.432264 ], [ 9.187946, 44.432207 ], [ 9.187902, 44.432198 ], [ 9.187822, 44.432164 ], [ 9.187779, 44.432122 ], [ 9.187713, 44.4321 ], [ 9.187643, 44.432093 ], [ 9.187562, 44.432049 ], [ 9.187505, 44.432012 ], [ 9.187451, 44.431963 ], [ 9.187384, 44.431913 ], [ 9.187328, 44.431905 ] ] } },
{ "type": "Feature", "properties": { "osm_id": 343158198, "highway": "footway", "surface": "", "name": "", "paved": false }, "geometry": { "type": "LineString", "coordinates": [ [ 8.989132, 44.446517 ], [ 8.989139, 44.446483 ] ] } },
{ "type": "Feature", "properties": { "osm_id": 353329960, "highway": "footway", "surface": "", "name": "", "paved": false }, "geometry": { "type": "LineString", "coordinates": [ [ 9.07091, 44.447763 ], [ 9.071057, 44.447825 ], [ 9.071204, 44.447879 ], [ 9.07127, 44.447885 ], [ 9.071609, 44.447792 ], [ 9.071836, 44.447759 ], [ 9.072076, 44.447691 ] ] } },
{ "type": "Feature", "properties": { "osm_id": 353329961, "highway": "footway", "surface": "", "name": "", "paved": false }, "geometry": { "type": "LineString", "coordinates": [ [ 9.072076, 44.447691 ], [ 9.072247, 44.447637 ], [ 9.072392, 44.447626 ], [ 9.072534, 44.447584 ], [ 9.072797, 44.447547 ], [ 9.072971, 44.447501 ], [ 9.07303, 44.447461 ], [ 9.073073, 44.44739 ], [ 9.073177, 44.447332 ] ] } },
{ "type": "Feature", "properties": { "osm_id": 353721578, "highway": "secondary", "surface": "asphalt", "name": "", "paved": true }, "geometry": { "type": "LineString", "coordinates": [ [ 9.010416, 44.461948 ], [ 9.010878, 44.461449 ], [ 9.010982, 44.461345 ], [ 9.011134, 44.461219 ], [ 9.011812, 44.460851 ] ] } },
{ "type": "Feature", "properties": { "osm_id": 354196095, "highway": "service", "surface": "", "name": "", "paved": false }, "geometry": { "type": "LineString", "coordinates": [ [ 8.972869, 44.44978 ], [ 8.97281, 44.449895 ], [ 8.972912, 44.449994 ], [ 8.973103, 44.449968 ] ] } },
{ "type": "Feature", "properties": { "osm_id": 355359378, "highway": "residential", "surface": "", "name": "Via Don Luigi Egiziano", "paved": true }, "geometry": { "type": "LineString", "coordinates": [ [ 9.184523, 44.428537 ], [ 9.184536, 44.428457 ], [ 9.184556, 44.42838 ], [ 9.184567, 44.428365 ], [ 9.184603, 44.428345 ], [ 9.184653, 44.428343 ], [ 9.185513, 44.428493 ], [ 9.185877, 44.428565 ], [ 9.186329, 44.428688 ] ] } },
{ "type": "Feature", "properties": { "osm_id": 355359380, "highway": "residential", "surface": "", "name": "Via Don Luigi Egiziano", "paved": true }, "geometry": { "type": "LineString", "coordinates": [ [ 9.186397, 44.42924 ], [ 9.186548, 44.428877 ], [ 9.186554, 44.428822 ], [ 9.186548, 44.428788 ], [ 9.186523, 44.428758 ], [ 9.186451, 44.428722 ], [ 9.186329, 44.428688 ] ] } },
{ "type": "Feature", "properties": { "osm_id": 355359382, "highway": "primary", "surface": "asphalt", "name": "Via del Commercio", "paved": true }, "geometry": { "type": "LineString", "coordinates": [ [ 9.18847, 44.42944 ], [ 9.188069, 44.429428 ], [ 9.187435, 44.429367 ], [ 9.186944, 44.429312 ], [ 9.186644, 44.429272 ] ] } },
{ "type": "Feature", "properties": { "osm_id": 355359406, "highway": "steps", "surface": "", "name": "", "paved": false }, "geometry": { "type": "LineString", "coordinates": [ [ 9.185749, 44.4287 ], [ 9.185818, 44.428706 ], [ 9.185829, 44.428695 ], [ 9.185877, 44.428565 ] ] } },
{ "type": "Feature", "properties": { "osm_id": 356794116, "highway": "steps", "surface": "", "name": "Salita Castelluzzo", "paved": false }, "geometry": { "type": "LineString", "coordinates": [ [ 8.994303, 44.454105 ], [ 8.994292, 44.454123 ], [ 8.994257, 44.454136 ], [ 8.994173, 44.454133 ], [ 8.994173, 44.454168 ], [ 8.994198, 44.454214 ], [ 8.994203, 44.454253 ], [ 8.994189, 44.454255 ], [ 8.994131, 44.45423 ], [ 8.993974, 44.45421 ] ] } },
{ "type": "Feature", "properties": { "osm_id": 356794124, "highway": "footway", "surface": "", "name": "", "paved": false }, "geometry": { "type": "LineString", "coordinates": [ [ 8.971135, 44.449683 ], [ 8.971158, 44.449687 ], [ 8.971205, 44.449706 ], [ 8.971386, 44.449703 ], [ 8.97175, 44.449748 ], [ 8.971797, 44.449764 ], [ 8.971818, 44.449765 ] ] } },
{ "type": "Feature", "properties": { "osm_id": 356794127, "highway": "steps", "surface": "", "name": "", "paved": false }, "geometry": { "type": "LineString", "coordinates": [ [ 8.995744, 44.453589 ], [ 8.996028, 44.454162 ], [ 8.996045, 44.454186 ], [ 8.996083, 44.454315 ] ] } },
{ "type": "Feature", "properties": { "osm_id": 358542127, "highway": "footway", "surface": "", "name": "Passo Ca' dei Luxoro", "paved": false }, "geometry": { "type": "LineString", "coordinates": [ [ 8.99622, 44.452402 ], [ 8.996191, 44.452513 ], [ 8.996196, 44.452593 ], [ 8.996188, 44.452685 ], [ 8.996139, 44.452742 ], [ 8.996076, 44.452794 ], [ 8.995893, 44.452874 ] ] } },
{ "type": "Feature", "properties": { "osm_id": 360144034, "highway": "footway", "surface": "", "name": "Salita Binoia", "paved": false }, "geometry": { "type": "LineString", "coordinates": [ [ 9.012754, 44.454958 ], [ 9.012857, 44.45485 ], [ 9.012922, 44.454802 ] ] } },
{ "type": "Feature", "properties": { "osm_id": 360610756, "highway": "residential", "surface": "paving_stones", "name": "Belvedere Piazza Basso Chiesa", "paved": true }, "geometry": { "type": "LineString", "coordinates": [ [ 9.18528, 44.429573 ], [ 9.18532, 44.429603 ], [ 9.185368, 44.429624 ], [ 9.185394, 44.429659 ], [ 9.18539, 44.429684 ], [ 9.185362, 44.429703 ], [ 9.185308, 44.429712 ], [ 9.18506, 44.429664 ], [ 9.18489, 44.429645 ], [ 9.184739, 44.429638 ], [ 9.184566, 44.429622 ], [ 9.184363, 44.42962 ], [ 9.184044, 44.429597 ], [ 9.183983, 44.4296 ], [ 9.183932, 44.429613 ], [ 9.183916, 44.429645 ], [ 9.183915, 44.429697 ], [ 9.183976, 44.429756 ], [ 9.184065, 44.429826 ], [ 9.184325, 44.429971 ], [ 9.184788, 44.430165 ] ] } },
{ "type": "Feature", "properties": { "osm_id": 362574403, "highway": "service", "surface": "", "name": "", "paved": false }, "geometry": { "type": "LineString", "coordinates": [ [ 9.201225, 44.424306 ], [ 9.201244, 44.424331 ], [ 9.201243, 44.424355 ], [ 9.20125, 44.424383 ], [ 9.201342, 44.424423 ], [ 9.201409, 44.424445 ], [ 9.201469, 44.424491 ], [ 9.201543, 44.424568 ], [ 9.201554, 44.424616 ], [ 9.20156, 44.424689 ] ] } },
{ "type": "Feature", "properties": { "osm_id": 362574404, "highway": "service", "surface": "", "name": "", "paved": false }, "geometry": { "type": "LineString", "coordinates": [ [ 9.20189, 44.424564 ], [ 9.201838, 44.424424 ], [ 9.201804, 44.424348 ], [ 9.201757, 44.424304 ], [ 9.201698, 44.424286 ], [ 9.201561, 44.424269 ] ] } },
{ "type": "Feature", "properties": { "osm_id": 365880023, "highway": "footway", "surface": "", "name": "Via vecchia di Creto", "paved": false }, "geometry": { "type": "LineString", "coordinates": [ [ 9.011887, 44.460373 ], [ 9.01189, 44.460355 ], [ 9.011858, 44.460301 ] ] } },
{ "type": "Feature", "properties": { "osm_id": 365880024, "highway": "footway", "surface": "", "name": "Via vecchia di Creto", "paved": false }, "geometry": { "type": "LineString", "coordinates": [ [ 9.011887, 44.460373 ], [ 9.011863, 44.460375 ], [ 9.011826, 44.460351 ], [ 9.011805, 44.460313 ] ] } },
{ "type": "Feature", "properties": { "osm_id": 365880025, "highway": "footway", "surface": "", "name": "Via vecchia di Creto", "paved": false }, "geometry": { "type": "LineString", "coordinates": [ [ 9.006619, 44.456415 ], [ 9.00658, 44.456442 ], [ 9.006581, 44.456455 ], [ 9.006685, 44.456569 ], [ 9.006801, 44.456758 ], [ 9.00687, 44.456825 ], [ 9.006976, 44.456889 ], [ 9.007022, 44.456906 ], [ 9.007051, 44.456908 ], [ 9.00713, 44.456899 ], [ 9.007419, 44.456782 ], [ 9.007468, 44.456774 ], [ 9.007469, 44.45682 ], [ 9.007488, 44.456844 ], [ 9.007753, 44.456907 ], [ 9.007942, 44.456973 ], [ 9.00814, 44.45709 ], [ 9.008467, 44.457258 ], [ 9.00865, 44.457338 ], [ 9.00878, 44.457371 ], [ 9.008978, 44.457455 ], [ 9.009047, 44.4575 ], [ 9.009169, 44.457639 ], [ 9.009204, 44.457671 ], [ 9.009255, 44.457697 ], [ 9.009309, 44.457769 ], [ 9.009352, 44.457792 ], [ 9.00941, 44.457912 ], [ 9.009452, 44.458048 ], [ 9.009439, 44.458199 ], [ 9.009442, 44.45829 ], [ 9.009457, 44.458357 ], [ 9.009488, 44.458455 ], [ 9.009548, 44.458546 ], [ 9.009736, 44.458803 ], [ 9.009976, 44.458972 ], [ 9.010237, 44.45917 ], [ 9.010408, 44.459334 ], [ 9.010464, 44.459375 ], [ 9.011067, 44.459726 ], [ 9.011137, 44.459785 ], [ 9.011365, 44.460044 ], [ 9.01147, 44.460229 ], [ 9.011583, 44.460379 ], [ 9.011638, 44.460547 ], [ 9.011626, 44.460669 ] ] } },
{ "type": "Feature", "properties": { "osm_id": 365880026, "highway": "footway", "surface": "", "name": "Via vecchia di Creto", "paved": false }, "geometry": { "type": "LineString", "coordinates": [ [ 9.011626, 44.460669 ], [ 9.011756, 44.460593 ], [ 9.011807, 44.460548 ], [ 9.011864, 44.460445 ], [ 9.011887, 44.460373 ] ] } },
{ "type": "Feature", "properties": { "osm_id": 365880027, "highway": "footway", "surface": "", "name": "Via vecchia di Creto", "paved": false }, "geometry": { "type": "LineString", "coordinates": [ [ 9.010878, 44.461449 ], [ 9.010859, 44.461424 ], [ 9.010905, 44.461335 ], [ 9.011014, 44.461191 ], [ 9.011061, 44.461148 ], [ 9.011228, 44.461046 ], [ 9.011559, 44.460751 ], [ 9.011626, 44.460669 ] ] } },
{ "type": "Feature", "properties": { "osm_id": 366198699, "highway": "footway", "surface": "paved", "name": "Salita Costa e Poggio", "paved": true }, "geometry": { "type": "LineString", "coordinates": [ [ 9.022067, 44.460851 ], [ 9.022054, 44.460883 ], [ 9.022123, 44.46107 ], [ 9.022148, 44.461187 ], [ 9.022184, 44.461426 ], [ 9.022184, 44.461475 ], [ 9.022171, 44.461596 ], [ 9.022176, 44.461635 ] ] } },
{ "type": "Feature", "properties": { "osm_id": 366198701, "highway": "footway", "surface": "cement", "name": "Via Leani", "paved": false }, "geometry": { "type": "LineString", "coordinates": [ [ 9.023691, 44.460962 ], [ 9.023609, 44.460918 ], [ 9.023409, 44.460831 ], [ 9.023284, 44.460794 ], [ 9.022981, 44.46073 ], [ 9.022894, 44.460727 ], [ 9.022783, 44.460732 ], [ 9.022615, 44.460755 ], [ 9.022407, 44.460772 ], [ 9.022292, 44.460791 ], [ 9.022067, 44.460851 ] ] } },
{ "type": "Feature", "properties": { "osm_id": 366530805, "highway": "path", "surface": "", "name": "", "paved": false }, "geometry": { "type": "LineString", "coordinates": [ [ 9.002844, 44.460541 ], [ 9.003073, 44.460643 ], [ 9.003714, 44.460874 ], [ 9.00428, 44.46102 ], [ 9.004549, 44.461104 ], [ 9.004849, 44.461143 ], [ 9.00508, 44.461213 ], [ 9.005297, 44.461188 ], [ 9.005621, 44.461035 ], [ 9.005831, 44.460971 ], [ 9.006132, 44.46108 ], [ 9.006814, 44.460976 ], [ 9.007357, 44.460805 ], [ 9.007669, 44.460652 ], [ 9.007748, 44.460542 ], [ 9.007717, 44.459965 ], [ 9.007849, 44.459692 ], [ 9.007805, 44.459386 ], [ 9.007901, 44.459195 ], [ 9.007877, 44.45902 ], [ 9.007682, 44.458772 ], [ 9.007238, 44.45836 ], [ 9.006948, 44.45818 ], [ 9.006482, 44.458035 ], [ 9.006109, 44.457906 ], [ 9.005419, 44.457464 ] ] } },
{ "type": "Feature", "properties": { "osm_id": 366530811, "highway": "steps", "surface": "", "name": "Salita della Chiosa", "paved": false }, "geometry": { "type": "LineString", "coordinates": [ [ 9.002851, 44.454856 ], [ 9.002872, 44.454798 ], [ 9.002938, 44.454684 ], [ 9.003046, 44.454562 ] ] } },
{ "type": "Feature", "properties": { "osm_id": 366530812, "highway": "residential", "surface": "", "name": "Salita superiore Ca' dei Baghini", "paved": true }, "geometry": { "type": "LineString", "coordinates": [ [ 8.998518, 44.453874 ], [ 8.998542, 44.453863 ], [ 8.998553, 44.453851 ], [ 8.998552, 44.453834 ], [ 8.998498, 44.45374 ], [ 8.998399, 44.453483 ], [ 8.998355, 44.453417 ], [ 8.998335, 44.453378 ], [ 8.998316, 44.453321 ], [ 8.998304, 44.453224 ], [ 8.998233, 44.453057 ], [ 8.998227, 44.453018 ], [ 8.998233, 44.452979 ], [ 8.998269, 44.452947 ], [ 8.998301, 44.452931 ], [ 8.998338, 44.452924 ], [ 8.998467, 44.452908 ], [ 8.998648, 44.452899 ], [ 8.998743, 44.452898 ], [ 8.998994, 44.452841 ], [ 8.999101, 44.452829 ], [ 8.999168, 44.45283 ], [ 8.999327, 44.452843 ], [ 8.999532, 44.45287 ], [ 8.999627, 44.452895 ], [ 8.99968, 44.452918 ], [ 8.999766, 44.452981 ], [ 8.999798, 44.453016 ], [ 8.999822, 44.453058 ], [ 8.999829, 44.453087 ], [ 8.999832, 44.453172 ], [ 8.999824, 44.45321 ] ] } },
{ "type": "Feature", "properties": { "osm_id": 366530813, "highway": "steps", "surface": "", "name": "Salita superiore Ca' dei Baghini", "paved": false }, "geometry": { "type": "LineString", "coordinates": [ [ 8.998121, 44.4529 ], [ 8.998253, 44.4532 ], [ 8.998263, 44.453243 ], [ 8.998267, 44.453328 ], [ 8.998299, 44.453422 ], [ 8.998349, 44.45348 ], [ 8.998382, 44.453552 ], [ 8.998405, 44.453625 ], [ 8.998505, 44.453834 ], [ 8.998518, 44.453874 ] ] } },
{ "type": "Feature", "properties": { "osm_id": 366530814, "highway": "residential", "surface": "", "name": "Via Campo Danego", "paved": true }, "geometry": { "type": "LineString", "coordinates": [ [ 8.999723, 44.453619 ], [ 8.999669, 44.453612 ] ] } },
{ "type": "Feature", "properties": { "osm_id": 366530815, "highway": "residential", "surface": "", "name": "Via Campo Danego", "paved": true }, "geometry": { "type": "LineString", "coordinates": [ [ 8.999947, 44.453271 ], [ 8.999884, 44.453356 ], [ 8.999815, 44.453487 ], [ 8.999764, 44.453603 ], [ 8.999751, 44.453612 ], [ 8.999723, 44.453619 ] ] } },
{ "type": "Feature", "properties": { "osm_id": 366530816, "highway": "residential", "surface": "", "name": "Via Campodenego", "paved": true }, "geometry": { "type": "LineString", "coordinates": [ [ 8.998636, 44.453811 ], [ 8.998777, 44.453736 ], [ 8.999023, 44.453655 ], [ 8.9993, 44.453574 ], [ 8.999401, 44.453557 ] ] } },
{ "type": "Feature", "properties": { "osm_id": 366530817, "highway": "residential", "surface": "", "name": "Via Campodenego", "paved": true }, "geometry": { "type": "LineString", "coordinates": [ [ 8.999669, 44.453612 ], [ 8.99953, 44.453553 ], [ 8.999503, 44.453546 ], [ 8.999471, 44.453545 ], [ 8.999401, 44.453557 ] ] } },
{ "type": "Feature", "properties": { "osm_id": 366530818, "highway": "footway", "surface": "", "name": "Via Campodenego", "paved": false }, "geometry": { "type": "LineString", "coordinates": [ [ 8.999401, 44.453557 ], [ 8.999388, 44.453592 ], [ 8.999329, 44.453642 ], [ 8.99915, 44.45373 ], [ 8.999041, 44.453795 ], [ 8.998747, 44.453906 ], [ 8.998629, 44.45396 ], [ 8.998604, 44.453969 ], [ 8.998586, 44.453963 ], [ 8.99857, 44.45395 ], [ 8.998518, 44.453874 ] ] } },
{ "type": "Feature", "properties": { "osm_id": 366530819, "highway": "footway", "surface": "", "name": "Via Giovanni Aicardi", "paved": false }, "geometry": { "type": "LineString", "coordinates": [ [ 9.00931, 44.455738 ], [ 9.009353, 44.45573 ] ] } },
{ "type": "Feature", "properties": { "osm_id": 366530821, "highway": "footway", "surface": "", "name": "Via Giovanni Aicardi", "paved": false }, "geometry": { "type": "LineString", "coordinates": [ [ 9.009353, 44.45573 ], [ 9.009401, 44.455715 ] ] } },
{ "type": "Feature", "properties": { "osm_id": 366530827, "highway": "steps", "surface": "", "name": "", "paved": false }, "geometry": { "type": "LineString", "coordinates": [ [ 9.010792, 44.455286 ], [ 9.010842, 44.455321 ], [ 9.010916, 44.4553 ], [ 9.010954, 44.455344 ], [ 9.010937, 44.455404 ] ] } },
{ "type": "Feature", "properties": { "osm_id": 366530828, "highway": "steps", "surface": "", "name": "", "paved": false }, "geometry": { "type": "LineString", "coordinates": [ [ 9.006801, 44.454864 ], [ 9.006777, 44.454879 ], [ 9.006793, 44.454914 ], [ 9.006784, 44.454961 ], [ 9.006733, 44.455017 ], [ 9.006773, 44.455035 ], [ 9.006748, 44.455066 ], [ 9.006684, 44.455039 ], [ 9.006615, 44.455111 ], [ 9.006634, 44.455154 ], [ 9.006629, 44.455161 ] ] } },
{ "type": "Feature", "properties": { "osm_id": 370734271, "highway": "residential", "surface": "", "name": "Piazza Basso Vittorio", "paved": true }, "geometry": { "type": "LineString", "coordinates": [ [ 9.185043, 44.429504 ], [ 9.184718, 44.429454 ] ] } },
{ "type": "Feature", "properties": { "osm_id": 372940783, "highway": "secondary", "surface": "asphalt", "name": "Via Nazionale", "paved": true }, "geometry": { "type": "LineString", "coordinates": [ [ 8.978686, 44.453148 ], [ 8.979563, 44.453457 ] ] } },
{ "type": "Feature", "properties": { "osm_id": 386905785, "highway": "secondary", "surface": "asphalt", "name": "Rotonda dei Tonni Suicidi", "paved": true }, "geometry": { "type": "LineString", "coordinates": [ [ 8.975534, 44.452003 ], [ 8.975509, 44.452025 ], [ 8.975478, 44.452042 ], [ 8.975442, 44.452053 ], [ 8.975403, 44.452057 ] ] } },
{ "type": "Feature", "properties": { "osm_id": 386905786, "highway": "secondary", "surface": "asphalt", "name": "Via Molassana", "paved": true }, "geometry": { "type": "LineString", "coordinates": [ [ 8.975243, 44.45194 ], [ 8.97503, 44.45187 ], [ 8.974512, 44.451598 ], [ 8.97367, 44.451165 ], [ 8.972583, 44.450586 ], [ 8.972512, 44.450544 ] ] } },
{ "type": "Feature", "properties": { "osm_id": 386905787, "highway": "secondary", "surface": "asphalt", "name": "Via Molassana", "paved": true }, "geometry": { "type": "LineString", "coordinates": [ [ 8.975534, 44.452003 ], [ 8.975719, 44.452211 ] ] } },
{ "type": "Feature", "properties": { "osm_id": 388638980, "highway": "unclassified", "surface": "", "name": "Via Mareggia", "paved": false }, "geometry": { "type": "LineString", "coordinates": [ [ 9.044366, 44.450355 ], [ 9.044419, 44.450361 ], [ 9.044446, 44.450409 ], [ 9.044348, 44.450552 ], [ 9.04418, 44.450749 ], [ 9.044147, 44.450865 ], [ 9.044173, 44.450961 ], [ 9.04425, 44.451072 ], [ 9.044334, 44.451152 ], [ 9.044531, 44.451311 ], [ 9.04466, 44.451365 ], [ 9.04491, 44.451406 ], [ 9.044982, 44.451435 ], [ 9.04504, 44.451483 ], [ 9.04504, 44.451534 ], [ 9.045013, 44.451594 ], [ 9.044955, 44.451677 ], [ 9.044937, 44.451773 ], [ 9.044942, 44.451849 ], [ 9.044968, 44.451923 ], [ 9.045049, 44.451977 ], [ 9.045165, 44.452015 ], [ 9.045334, 44.452047 ], [ 9.045437, 44.452085 ], [ 9.045749, 44.452305 ], [ 9.045839, 44.452331 ], [ 9.04595, 44.45235 ], [ 9.046594, 44.452358 ] ] } },
{ "type": "Feature", "properties": { "osm_id": 388638981, "highway": "unclassified", "surface": "", "name": "Via Calvari", "paved": false }, "geometry": { "type": "LineString", "coordinates": [ [ 9.046594, 44.452358 ], [ 9.046718, 44.452366 ], [ 9.04683, 44.452385 ], [ 9.046924, 44.452417 ], [ 9.047232, 44.452573 ], [ 9.047321, 44.452605 ], [ 9.047419, 44.452624 ], [ 9.047477, 44.452656 ], [ 9.047508, 44.452716 ], [ 9.047531, 44.452786 ], [ 9.047509, 44.453031 ] ] } },
{ "type": "Feature", "properties": { "osm_id": 388954728, "highway": "service", "surface": "asphalt", "name": "", "paved": true }, "geometry": { "type": "LineString", "coordinates": [ [ 8.977572, 44.452861 ], [ 8.977146, 44.45266 ], [ 8.97707, 44.452744 ] ] } },
{ "type": "Feature", "properties": { "osm_id": 389084443, "highway": "secondary", "surface": "asphalt", "name": "Via Nazionale", "paved": true }, "geometry": { "type": "LineString", "coordinates": [ [ 8.97578, 44.451906 ], [ 8.975556, 44.451949 ] ] } },
{ "type": "Feature", "properties": { "osm_id": 389084444, "highway": "footway", "surface": "paving_stones", "name": "", "paved": true }, "geometry": { "type": "LineString", "coordinates": [ [ 8.9768, 44.452614 ], [ 8.976696, 44.452721 ] ] } },
{ "type": "Feature", "properties": { "osm_id": 389084445, "highway": "secondary", "surface": "asphalt", "name": "Via Nazionale", "paved": true }, "geometry": { "type": "LineString", "coordinates": [ [ 8.980263, 44.453613 ], [ 8.980209, 44.453578 ], [ 8.980153, 44.45356 ], [ 8.979769, 44.45351 ], [ 8.979563, 44.453457 ] ] } },
{ "type": "Feature", "properties": { "osm_id": 389084446, "highway": "tertiary", "surface": "asphalt", "name": "Via Nazionale", "paved": true }, "geometry": { "type": "LineString", "coordinates": [ [ 8.979563, 44.453457 ], [ 8.980183, 44.45352 ], [ 8.980344, 44.453563 ] ] } },
{ "type": "Feature", "properties": { "osm_id": 389084447, "highway": "service", "surface": "sett", "name": "", "paved": true }, "geometry": { "type": "LineString", "coordinates": [ [ 8.978594, 44.453632 ], [ 8.978739, 44.453498 ] ] } },
{ "type": "Feature", "properties": { "osm_id": 389084449, "highway": "service", "surface": "asphalt", "name": "", "paved": true }, "geometry": { "type": "LineString", "coordinates": [ [ 8.975922, 44.452164 ], [ 8.975797, 44.452251 ] ] } },
{ "type": "Feature", "properties": { "osm_id": 389084450, "highway": "secondary", "surface": "asphalt", "name": "Via Nazionale", "paved": true }, "geometry": { "type": "LineString", "coordinates": [ [ 8.975523, 44.451876 ], [ 8.975623, 44.451872 ], [ 8.97578, 44.451906 ] ] } },
{ "type": "Feature", "properties": { "osm_id": 389084451, "highway": "service", "surface": "", "name": "", "paved": false }, "geometry": { "type": "LineString", "coordinates": [ [ 8.978501, 44.453092 ], [ 8.978469, 44.453142 ], [ 8.978472, 44.453161 ], [ 8.978497, 44.453174 ] ] } },
{ "type": "Feature", "properties": { "osm_id": 389084453, "highway": "service", "surface": "asphalt", "name": "", "paved": true }, "geometry": { "type": "LineString", "coordinates": [ [ 8.980344, 44.453563 ], [ 8.980542, 44.45361 ] ] } },
{ "type": "Feature", "properties": { "osm_id": 389084454, "highway": "service", "surface": "asphalt", "name": "", "paved": true }, "geometry": { "type": "LineString", "coordinates": [ [ 8.976242, 44.452323 ], [ 8.976291, 44.45227 ], [ 8.976294, 44.452253 ], [ 8.9761, 44.452143 ], [ 8.976053, 44.452096 ], [ 8.976022, 44.452024 ] ] } },
{ "type": "Feature", "properties": { "osm_id": 392294653, "highway": "path", "surface": "", "name": "", "paved": false }, "geometry": { "type": "LineString", "coordinates": [ [ 9.18453, 44.431738 ], [ 9.184593, 44.431802 ], [ 9.184742, 44.431838 ], [ 9.184878, 44.431864 ], [ 9.185237, 44.431755 ] ] } },
{ "type": "Feature", "properties": { "osm_id": 392294654, "highway": "path", "surface": "", "name": "", "paved": false }, "geometry": { "type": "LineString", "coordinates": [ [ 9.185237, 44.431755 ], [ 9.185239, 44.431847 ], [ 9.185306, 44.431931 ], [ 9.185545, 44.432069 ], [ 9.185614, 44.432152 ], [ 9.185767, 44.432203 ], [ 9.185802, 44.432297 ], [ 9.185947, 44.432404 ] ] } },
{ "type": "Feature", "properties": { "osm_id": 392294655, "highway": "path", "surface": "", "name": "", "paved": false }, "geometry": { "type": "LineString", "coordinates": [ [ 9.185947, 44.432404 ], [ 9.186051, 44.432607 ], [ 9.186086, 44.432854 ], [ 9.186068, 44.432958 ], [ 9.185829, 44.433213 ], [ 9.185711, 44.433351 ], [ 9.185582, 44.433471 ], [ 9.185483, 44.433594 ], [ 9.185588, 44.433678 ], [ 9.185663, 44.433705 ], [ 9.185668, 44.43378 ], [ 9.18559, 44.433831 ], [ 9.185515, 44.43395 ], [ 9.185622, 44.434103 ], [ 9.185751, 44.434205 ], [ 9.185791, 44.434601 ], [ 9.185942, 44.434764 ], [ 9.185956, 44.434914 ], [ 9.185899, 44.43503 ], [ 9.185754, 44.435136 ], [ 9.185638, 44.435331 ], [ 9.18563, 44.43549 ], [ 9.185701, 44.435587 ] ] } },
{ "type": "Feature", "properties": { "osm_id": 394123389, "highway": "footway", "surface": "asphalt", "name": "", "paved": true }, "geometry": { "type": "LineString", "coordinates": [ [ 9.036719, 44.450803 ], [ 9.036862, 44.450842 ], [ 9.036958, 44.450873 ], [ 9.036997, 44.450901 ], [ 9.037111, 44.450956 ], [ 9.037187, 44.451 ], [ 9.037299, 44.451077 ], [ 9.037401, 44.451173 ], [ 9.037577, 44.451368 ], [ 9.037729, 44.451517 ], [ 9.03777, 44.451441 ], [ 9.037823, 44.451415 ], [ 9.037869, 44.45142 ] ] } },
{ "type": "Feature", "properties": { "osm_id": 394123390, "highway": "footway", "surface": "paved", "name": "", "paved": true }, "geometry": { "type": "LineString", "coordinates": [ [ 9.034544, 44.450771 ], [ 9.034564, 44.45074 ], [ 9.034565, 44.450719 ], [ 9.034517, 44.450653 ], [ 9.034504, 44.450605 ], [ 9.03454, 44.450595 ], [ 9.034717, 44.450643 ], [ 9.034829, 44.450644 ], [ 9.034928, 44.450618 ], [ 9.035046, 44.450646 ], [ 9.035243, 44.450614 ], [ 9.035315, 44.450609 ], [ 9.035377, 44.450631 ], [ 9.035449, 44.450643 ], [ 9.035537, 44.450671 ], [ 9.035579, 44.450676 ], [ 9.035678, 44.450643 ], [ 9.035716, 44.450622 ], [ 9.035766, 44.450582 ], [ 9.035791, 44.450588 ], [ 9.035805, 44.450606 ], [ 9.035785, 44.450637 ], [ 9.035802, 44.450672 ], [ 9.035836, 44.450691 ], [ 9.035908, 44.450681 ], [ 9.036084, 44.450693 ], [ 9.036169, 44.450677 ] ] } },
{ "type": "Feature", "properties": { "osm_id": 394123391, "highway": "path", "surface": "dirt", "name": "", "paved": false }, "geometry": { "type": "LineString", "coordinates": [ [ 9.038755, 44.452453 ], [ 9.038874, 44.452549 ], [ 9.039413, 44.453194 ], [ 9.039498, 44.453321 ], [ 9.039599, 44.453404 ], [ 9.039758, 44.453411 ], [ 9.039926, 44.453454 ], [ 9.040171, 44.453616 ], [ 9.040214, 44.453687 ], [ 9.040289, 44.453726 ], [ 9.040421, 44.453711 ], [ 9.040575, 44.453658 ], [ 9.040714, 44.453601 ], [ 9.040861, 44.45352 ], [ 9.041039, 44.45348 ], [ 9.04131, 44.4535 ], [ 9.041421, 44.453498 ], [ 9.041573, 44.45345 ], [ 9.041722, 44.453432 ], [ 9.04189, 44.453387 ], [ 9.042013, 44.453341 ], [ 9.04219, 44.45329 ], [ 9.042269, 44.453274 ], [ 9.04244, 44.45322 ], [ 9.042555, 44.453195 ], [ 9.042898, 44.453144 ], [ 9.043347, 44.453056 ], [ 9.0435, 44.453019 ], [ 9.043685, 44.452942 ] ] } },
{ "type": "Feature", "properties": { "osm_id": 394137895, "highway": "steps", "surface": "concrete", "name": "", "paved": true }, "geometry": { "type": "LineString", "coordinates": [ [ 9.044182, 44.452582 ], [ 9.044133, 44.452594 ], [ 9.044042, 44.452598 ], [ 9.043967, 44.452621 ], [ 9.043891, 44.452651 ], [ 9.043898, 44.452674 ], [ 9.043996, 44.452701 ], [ 9.044007, 44.452781 ], [ 9.043949, 44.452863 ] ] } },
{ "type": "Feature", "properties": { "osm_id": 397772939, "highway": "track", "surface": "", "name": "", "paved": false }, "geometry": { "type": "LineString", "coordinates": [ [ 9.028685, 44.451953 ], [ 9.028601, 44.452004 ], [ 9.028496, 44.452033 ], [ 9.028478, 44.452054 ], [ 9.028511, 44.452064 ], [ 9.028632, 44.452053 ], [ 9.028776, 44.452026 ], [ 9.028913, 44.452035 ], [ 9.029045, 44.452112 ], [ 9.029159, 44.452153 ], [ 9.029318, 44.452166 ], [ 9.02962, 44.452116 ], [ 9.029901, 44.452079 ], [ 9.030123, 44.451984 ], [ 9.030209, 44.451942 ], [ 9.030254, 44.451958 ], [ 9.030319, 44.452022 ], [ 9.030368, 44.452087 ], [ 9.030478, 44.452193 ], [ 9.030485, 44.452219 ], [ 9.030442, 44.452205 ], [ 9.030371, 44.452168 ], [ 9.030282, 44.452133 ], [ 9.030209, 44.452128 ], [ 9.029978, 44.452201 ] ] } },
{ "type": "Feature", "properties": { "osm_id": 397772940, "highway": "footway", "surface": "", "name": "", "paved": false }, "geometry": { "type": "LineString", "coordinates": [ [ 9.028685, 44.451953 ], [ 9.028794, 44.451933 ], [ 9.028866, 44.451908 ], [ 9.028936, 44.451907 ], [ 9.029009, 44.451929 ], [ 9.029143, 44.45194 ], [ 9.029262, 44.451916 ], [ 9.029389, 44.451864 ], [ 9.029736, 44.45165 ], [ 9.02988, 44.451523 ], [ 9.030023, 44.451387 ], [ 9.030161, 44.451273 ], [ 9.030296, 44.451209 ], [ 9.030389, 44.451182 ], [ 9.030508, 44.451189 ], [ 9.030583, 44.451222 ], [ 9.030656, 44.451288 ], [ 9.030757, 44.451305 ] ] } },
{ "type": "Feature", "properties": { "osm_id": 397775651, "highway": "service", "surface": "asphalt", "name": "Via del Castello di Struppa", "paved": true }, "geometry": { "type": "MultiLineString", "coordinates": [ [ [ 9.027084, 44.45127 ], [ 9.027017, 44.45121 ], [ 9.026947, 44.45118 ], [ 9.026871, 44.451158 ], [ 9.026735, 44.451156 ], [ 9.026656, 44.451163 ] ], [ [ 9.026468, 44.451247 ], [ 9.026357, 44.451313 ], [ 9.026172, 44.451387 ], [ 9.026138, 44.451394 ] ] ] } },
{ "type": "Feature", "properties": { "osm_id": 398955142, "highway": "footway", "surface": "", "name": "Salita Maggiolo di Struppa", "paved": false }, "geometry": { "type": "LineString", "coordinates": [ [ 9.026325, 44.459527 ], [ 9.02636, 44.459554 ], [ 9.026507, 44.459603 ], [ 9.026614, 44.459661 ] ] } },
{ "type": "Feature", "properties": { "osm_id": 398955143, "highway": "footway", "surface": "", "name": "Salita Paxo", "paved": false }, "geometry": { "type": "LineString", "coordinates": [ [ 9.021629, 44.457415 ], [ 9.021564, 44.45739 ], [ 9.02146, 44.45732 ], [ 9.021353, 44.45727 ], [ 9.021182, 44.45712 ], [ 9.0211, 44.457066 ], [ 9.021057, 44.457053 ] ] } },
{ "type": "Feature", "properties": { "osm_id": 398955144, "highway": "footway", "surface": "", "name": "Salita Piloni", "paved": false }, "geometry": { "type": "LineString", "coordinates": [ [ 9.03404, 44.451844 ], [ 9.034235, 44.451876 ], [ 9.034429, 44.451915 ] ] } },
{ "type": "Feature", "properties": { "osm_id": 400555156, "highway": "track", "surface": "", "name": "Salita Ca dei Zerbi", "paved": false }, "geometry": { "type": "LineString", "coordinates": [ [ 9.025995, 44.454948 ], [ 9.026085, 44.454909 ], [ 9.02636, 44.454728 ], [ 9.026544, 44.454559 ], [ 9.026796, 44.454394 ], [ 9.026871, 44.45429 ], [ 9.026903, 44.454219 ], [ 9.026967, 44.454027 ], [ 9.02698, 44.45392 ], [ 9.027033, 44.453827 ], [ 9.027085, 44.45378 ], [ 9.027271, 44.453674 ], [ 9.027307, 44.45366 ] ] } },
{ "type": "Feature", "properties": { "osm_id": 400555157, "highway": "track", "surface": "", "name": "Salita Ca dei Zerbi", "paved": false }, "geometry": { "type": "LineString", "coordinates": [ [ 9.027307, 44.45366 ], [ 9.02753, 44.453561 ], [ 9.027629, 44.453555 ], [ 9.028321, 44.453807 ], [ 9.028507, 44.45385 ], [ 9.028753, 44.453937 ], [ 9.029055, 44.453988 ], [ 9.029235, 44.453997 ], [ 9.029347, 44.45399 ], [ 9.029473, 44.45396 ], [ 9.029571, 44.453951 ], [ 9.029762, 44.453967 ], [ 9.029965, 44.453966 ], [ 9.029999, 44.453978 ], [ 9.03, 44.453989 ] ] } },
{ "type": "Feature", "properties": { "osm_id": 400555158, "highway": "path", "surface": "", "name": "Salita Codoro", "paved": false }, "geometry": { "type": "LineString", "coordinates": [ [ 9.02444, 44.453838 ], [ 9.024532, 44.45367 ], [ 9.02477, 44.453509 ], [ 9.024957, 44.453335 ], [ 9.025184, 44.453158 ], [ 9.02527, 44.453106 ], [ 9.025326, 44.453043 ], [ 9.025458, 44.452936 ], [ 9.025699, 44.452713 ], [ 9.025835, 44.452547 ], [ 9.025884, 44.452504 ], [ 9.025931, 44.452477 ], [ 9.026092, 44.452416 ], [ 9.026112, 44.45244 ], [ 9.026086, 44.45254 ], [ 9.026088, 44.452587 ], [ 9.026071, 44.452653 ], [ 9.026102, 44.452702 ], [ 9.026129, 44.452813 ], [ 9.026139, 44.452885 ], [ 9.026168, 44.452951 ], [ 9.026187, 44.453042 ], [ 9.026175, 44.453082 ], [ 9.02612, 44.453112 ], [ 9.026091, 44.453173 ], [ 9.026109, 44.45325 ], [ 9.026184, 44.453337 ], [ 9.026228, 44.453412 ], [ 9.026255, 44.453512 ], [ 9.026253, 44.453554 ], [ 9.026212, 44.453639 ], [ 9.026209, 44.45369 ], [ 9.026274, 44.453858 ], [ 9.026198, 44.453992 ], [ 9.026167, 44.454092 ], [ 9.026171, 44.454114 ], [ 9.026262, 44.454223 ], [ 9.026279, 44.45426 ], [ 9.026282, 44.454332 ], [ 9.026233, 44.454393 ], [ 9.026199, 44.454452 ], [ 9.026201, 44.454499 ], [ 9.026221, 44.454574 ], [ 9.026318, 44.454753 ] ] } },
{ "type": "Feature", "properties": { "osm_id": 400555159, "highway": "track", "surface": "", "name": "Salita La Parte", "paved": false }, "geometry": { "type": "LineString", "coordinates": [ [ 9.02424, 44.455296 ], [ 9.024252, 44.45529 ], [ 9.024295, 44.455294 ], [ 9.02437, 44.455316 ], [ 9.024544, 44.455391 ], [ 9.024611, 44.455432 ], [ 9.024721, 44.455588 ], [ 9.024772, 44.455635 ], [ 9.024822, 44.455652 ], [ 9.024866, 44.455648 ], [ 9.024984, 44.455583 ], [ 9.025367, 44.455465 ], [ 9.025593, 44.455387 ], [ 9.025863, 44.455278 ] ] } },
{ "type": "Feature", "properties": { "osm_id": 400555160, "highway": "path", "surface": "", "name": "Salita La Parte", "paved": false }, "geometry": { "type": "LineString", "coordinates": [ [ 9.027871, 44.457847 ], [ 9.027954, 44.457818 ], [ 9.027979, 44.457793 ], [ 9.027979, 44.457743 ], [ 9.027918, 44.457616 ], [ 9.027615, 44.457217 ], [ 9.02757, 44.457123 ], [ 9.027539, 44.457031 ], [ 9.027528, 44.456937 ], [ 9.027568, 44.456693 ], [ 9.027542, 44.456175 ], [ 9.027531, 44.456162 ], [ 9.027487, 44.456155 ], [ 9.027456, 44.456158 ], [ 9.027418, 44.456174 ], [ 9.02733, 44.456183 ], [ 9.027257, 44.456151 ], [ 9.027242, 44.45611 ] ] } },
{ "type": "Feature", "properties": { "osm_id": 400555161, "highway": "track", "surface": "", "name": "Salita La Parte", "paved": false }, "geometry": { "type": "LineString", "coordinates": [ [ 9.027242, 44.45611 ], [ 9.027247, 44.456051 ], [ 9.027299, 44.455923 ], [ 9.027316, 44.455856 ], [ 9.027314, 44.455825 ], [ 9.02727, 44.455774 ], [ 9.027086, 44.455659 ], [ 9.027024, 44.455529 ], [ 9.026957, 44.455495 ], [ 9.026894, 44.455475 ], [ 9.026884, 44.455467 ], [ 9.026845, 44.455403 ], [ 9.026773, 44.455359 ], [ 9.026662, 44.455357 ], [ 9.026301, 44.455305 ], [ 9.026172, 44.455307 ], [ 9.02611, 44.455297 ], [ 9.02605, 44.455278 ] ] } },
{ "type": "Feature", "properties": { "osm_id": 400555162, "highway": "track", "surface": "", "name": "Salita La Parte", "paved": false }, "geometry": { "type": "LineString", "coordinates": [ [ 9.025993, 44.455238 ], [ 9.026004, 44.455251 ], [ 9.02605, 44.455278 ] ] } },
{ "type": "Feature", "properties": { "osm_id": 400555163, "highway": "track", "surface": "", "name": "Salita La Parte", "paved": false }, "geometry": { "type": "LineString", "coordinates": [ [ 9.025863, 44.455278 ], [ 9.025899, 44.455263 ], [ 9.025993, 44.455238 ] ] } },
{ "type": "Feature", "properties": { "osm_id": 400555164, "highway": "path", "surface": "", "name": "Salita La Parte", "paved": false }, "geometry": { "type": "LineString", "coordinates": [ [ 9.026903, 44.458074 ], [ 9.026964, 44.458055 ], [ 9.027129, 44.457982 ], [ 9.027218, 44.457933 ], [ 9.027326, 44.457918 ], [ 9.027751, 44.457883 ], [ 9.027871, 44.457847 ] ] } },
{ "type": "Feature", "properties": { "osm_id": 400555165, "highway": "track", "surface": "", "name": "Salita Loja", "paved": false }, "geometry": { "type": "LineString", "coordinates": [ [ 9.022704, 44.45809 ], [ 9.022596, 44.458014 ], [ 9.022534, 44.457955 ], [ 9.02241, 44.457809 ], [ 9.022279, 44.457737 ], [ 9.022141, 44.457678 ], [ 9.022062, 44.457635 ] ] } },
{ "type": "Feature", "properties": { "osm_id": 400574298, "highway": "footway", "surface": "", "name": "Salita Ca' Driella", "paved": false }, "geometry": { "type": "LineString", "coordinates": [ [ 9.018253, 44.454902 ], [ 9.018202, 44.455042 ], [ 9.018115, 44.455162 ], [ 9.018054, 44.455196 ], [ 9.017981, 44.455222 ], [ 9.017955, 44.455224 ], [ 9.017941, 44.455221 ], [ 9.017697, 44.455061 ], [ 9.017681, 44.455012 ], [ 9.017652, 44.454986 ] ] } },
{ "type": "Feature", "properties": { "osm_id": 400574300, "highway": "track", "surface": "", "name": "Salita Ca del Greco", "paved": false }, "geometry": { "type": "LineString", "coordinates": [ [ 9.021476, 44.458429 ], [ 9.021297, 44.458506 ], [ 9.021232, 44.458509 ], [ 9.021172, 44.458479 ], [ 9.020966, 44.458286 ], [ 9.020859, 44.45822 ], [ 9.020791, 44.458192 ], [ 9.020694, 44.458182 ], [ 9.020443, 44.458034 ], [ 9.02037, 44.458015 ], [ 9.020227, 44.458008 ], [ 9.019864, 44.458008 ], [ 9.019806, 44.458015 ], [ 9.019685, 44.458041 ], [ 9.019553, 44.458082 ], [ 9.019527, 44.458078 ], [ 9.019508, 44.458017 ], [ 9.0195, 44.457899 ] ] } },
{ "type": "Feature", "properties": { "osm_id": 400574303, "highway": "residential", "surface": "", "name": "Salita Ca del Greco", "paved": true }, "geometry": { "type": "LineString", "coordinates": [ [ 9.020337, 44.457541 ], [ 9.020027, 44.45744 ], [ 9.019684, 44.457359 ] ] } },
{ "type": "Feature", "properties": { "osm_id": 405708602, "highway": "path", "surface": "", "name": "", "paved": false }, "geometry": { "type": "LineString", "coordinates": [ [ 9.180289, 44.432838 ], [ 9.180211, 44.43293 ], [ 9.180241, 44.433114 ], [ 9.180312, 44.43336 ], [ 9.18031, 44.433465 ], [ 9.180059, 44.433997 ], [ 9.18008, 44.434296 ] ] } },
{ "type": "Feature", "properties": { "osm_id": 405708603, "highway": "path", "surface": "ground", "name": "", "paved": false }, "geometry": { "type": "LineString", "coordinates": [ [ 9.179946, 44.436496 ], [ 9.179964, 44.436567 ], [ 9.179888, 44.436729 ], [ 9.179856, 44.436829 ], [ 9.179866, 44.437156 ] ] } },
{ "type": "Feature", "properties": { "osm_id": 405708604, "highway": "track", "surface": "ground", "name": "", "paved": false }, "geometry": { "type": "LineString", "coordinates": [ [ 9.176829, 44.43732 ], [ 9.176513, 44.437286 ], [ 9.17638, 44.437263 ], [ 9.176196, 44.437155 ], [ 9.175828, 44.436966 ], [ 9.175626, 44.436899 ], [ 9.1754, 44.436887 ], [ 9.175271, 44.436908 ], [ 9.175106, 44.437098 ], [ 9.175027, 44.437412 ], [ 9.17495, 44.437558 ], [ 9.174749, 44.437584 ], [ 9.174409, 44.437598 ], [ 9.17416, 44.437794 ], [ 9.17362, 44.43792 ], [ 9.173191, 44.438028 ] ] } },
{ "type": "Feature", "properties": { "osm_id": 405712391, "highway": "track", "surface": "ground", "name": "", "paved": false }, "geometry": { "type": "LineString", "coordinates": [ [ 9.173191, 44.438028 ], [ 9.172598, 44.43835 ] ] } },
{ "type": "Feature", "properties": { "osm_id": 405712393, "highway": "service", "surface": "", "name": "", "paved": false }, "geometry": { "type": "LineString", "coordinates": [ [ 9.172598, 44.43835 ], [ 9.172275, 44.438526 ], [ 9.172147, 44.438706 ], [ 9.172054, 44.438917 ], [ 9.17192, 44.439006 ], [ 9.171879, 44.439054 ] ] } },
{ "type": "Feature", "properties": { "osm_id": 405712395, "highway": "footway", "surface": "concrete", "name": "", "paved": true }, "geometry": { "type": "MultiLineString", "coordinates": [ [ [ 9.170928, 44.439386 ], [ 9.170922, 44.439391 ] ], [ [ 9.170545, 44.439489 ], [ 9.170492, 44.43948 ], [ 9.170394, 44.439498 ], [ 9.170265, 44.439559 ] ] ] } },
{ "type": "Feature", "properties": { "osm_id": 415303652, "highway": "secondary", "surface": "asphalt", "name": "Via Molassana", "paved": true }, "geometry": { "type": "LineString", "coordinates": [ [ 8.978064, 44.453424 ], [ 8.977389, 44.453078 ] ] } },
{ "type": "Feature", "properties": { "osm_id": 415303653, "highway": "service", "surface": "asphalt", "name": "", "paved": true }, "geometry": { "type": "LineString", "coordinates": [ [ 8.978497, 44.453174 ], [ 8.978923, 44.453305 ], [ 8.979532, 44.453516 ], [ 8.979462, 44.453622 ] ] } },
{ "type": "Feature", "properties": { "osm_id": 415364311, "highway": "secondary", "surface": "asphalt", "name": "Rotonda dei Tonni Suicidi", "paved": true }, "geometry": { "type": "LineString", "coordinates": [ [ 8.975328, 44.451845 ], [ 8.975362, 44.451836 ], [ 8.975398, 44.451833 ], [ 8.975433, 44.451836 ], [ 8.975468, 44.451844 ], [ 8.975498, 44.451858 ], [ 8.975523, 44.451876 ], [ 8.975549, 44.451911 ], [ 8.975556, 44.451949 ] ] } },
{ "type": "Feature", "properties": { "osm_id": 415364312, "highway": "secondary", "surface": "asphalt", "name": "Rotonda dei Tonni Suicidi", "paved": true }, "geometry": { "type": "LineString", "coordinates": [ [ 8.975403, 44.452057 ], [ 8.975361, 44.452054 ], [ 8.975321, 44.452042 ], [ 8.975288, 44.452023 ], [ 8.975262, 44.451999 ], [ 8.975247, 44.45197 ], [ 8.975243, 44.45194 ] ] } },
{ "type": "Feature", "properties": { "osm_id": 416452380, "highway": "secondary", "surface": "asphalt", "name": "Via Cavassolo", "paved": true }, "geometry": { "type": "LineString", "coordinates": [ [ 9.035091, 44.450059 ], [ 9.034883, 44.45008 ], [ 9.034819, 44.450097 ], [ 9.034733, 44.450134 ], [ 9.034652, 44.450181 ], [ 9.034504, 44.450277 ], [ 9.034404, 44.450371 ], [ 9.034366, 44.450432 ] ] } },
{ "type": "Feature", "properties": { "osm_id": 416452381, "highway": "secondary", "surface": "asphalt", "name": "Via Cavassolo", "paved": true }, "geometry": { "type": "LineString", "coordinates": [ [ 9.033816, 44.450653 ], [ 9.033859, 44.450658 ], [ 9.033898, 44.450642 ], [ 9.033914, 44.450627 ], [ 9.034144, 44.450282 ], [ 9.034209, 44.450214 ], [ 9.034317, 44.450131 ], [ 9.034715, 44.449928 ], [ 9.034823, 44.449891 ], [ 9.03493, 44.449872 ], [ 9.035068, 44.449884 ], [ 9.035315, 44.449917 ], [ 9.035594, 44.449891 ], [ 9.035989, 44.449823 ], [ 9.036029, 44.44982 ], [ 9.036064, 44.449824 ], [ 9.036095, 44.449833 ], [ 9.03612, 44.449848 ], [ 9.036139, 44.449869 ], [ 9.036147, 44.449894 ], [ 9.036146, 44.449919 ], [ 9.03614, 44.44994 ], [ 9.036126, 44.449957 ] ] } },
{ "type": "Feature", "properties": { "osm_id": 417014327, "highway": "steps", "surface": "", "name": "", "paved": false }, "geometry": { "type": "LineString", "coordinates": [ [ 9.074107, 44.447013 ], [ 9.074089, 44.446956 ], [ 9.074049, 44.44689 ], [ 9.074035, 44.446801 ], [ 9.074127, 44.446707 ], [ 9.074064, 44.446681 ], [ 9.074068, 44.446579 ], [ 9.074044, 44.446517 ], [ 9.074021, 44.446493 ], [ 9.073979, 44.44641 ] ] } },
{ "type": "Feature", "properties": { "osm_id": 417014334, "highway": "footway", "surface": "", "name": "Via Noceto", "paved": false }, "geometry": { "type": "LineString", "coordinates": [ [ 9.074107, 44.447013 ], [ 9.074039, 44.447083 ], [ 9.074089, 44.44712 ], [ 9.073963, 44.447195 ], [ 9.074006, 44.447225 ], [ 9.073948, 44.447265 ], [ 9.073909, 44.447311 ], [ 9.073848, 44.44735 ], [ 9.073827, 44.447406 ] ] } },
{ "type": "Feature", "properties": { "osm_id": 418286553, "highway": "service", "surface": "", "name": "", "paved": false }, "geometry": { "type": "LineString", "coordinates": [ [ 9.181983, 44.430696 ], [ 9.182049, 44.430697 ], [ 9.182277, 44.430765 ] ] } },
{ "type": "Feature", "properties": { "osm_id": 418286554, "highway": "service", "surface": "", "name": "", "paved": false }, "geometry": { "type": "LineString", "coordinates": [ [ 9.181983, 44.430696 ], [ 9.182035, 44.430771 ], [ 9.182263, 44.430864 ], [ 9.182402, 44.430933 ] ] } },
{ "type": "Feature", "properties": { "osm_id": 421123433, "highway": "service", "surface": "asphalt", "name": "", "paved": true }, "geometry": { "type": "LineString", "coordinates": [ [ 8.979532, 44.453516 ], [ 8.979563, 44.453506 ], [ 8.979608, 44.453507 ], [ 8.979693, 44.453527 ], [ 8.979749, 44.453551 ], [ 8.979805, 44.4536 ], [ 8.979815, 44.453618 ] ] } },
{ "type": "Feature", "properties": { "osm_id": 421966750, "highway": "path", "surface": "ground", "name": "Chiapparino Ognio", "paved": false }, "geometry": { "type": "LineString", "coordinates": [ [ 9.158471, 44.435907 ], [ 9.158439, 44.435859 ], [ 9.158296, 44.435792 ], [ 9.158149, 44.435637 ], [ 9.158133, 44.435544 ], [ 9.158106, 44.4355 ], [ 9.158065, 44.435455 ], [ 9.157908, 44.435378 ], [ 9.157874, 44.435356 ], [ 9.15773, 44.435355 ], [ 9.157655, 44.43537 ], [ 9.157597, 44.435394 ], [ 9.157542, 44.435404 ], [ 9.157488, 44.435356 ], [ 9.157521, 44.435273 ], [ 9.157401, 44.435193 ], [ 9.15732, 44.435149 ], [ 9.157246, 44.435142 ], [ 9.15718, 44.435156 ], [ 9.157041, 44.43521 ], [ 9.156935, 44.435258 ], [ 9.1569, 44.435295 ], [ 9.15687, 44.435381 ], [ 9.156699, 44.435497 ], [ 9.156356, 44.435589 ], [ 9.156285, 44.43562 ], [ 9.156135, 44.435601 ], [ 9.156064, 44.43558 ], [ 9.15592, 44.435628 ], [ 9.155873, 44.435654 ], [ 9.155742, 44.435667 ], [ 9.155618, 44.435712 ], [ 9.155359, 44.435922 ], [ 9.155332, 44.435991 ], [ 9.155292, 44.436184 ], [ 9.155212, 44.43629 ], [ 9.155127, 44.436696 ], [ 9.154985, 44.436947 ], [ 9.154739, 44.437058 ], [ 9.154674, 44.437159 ], [ 9.15471, 44.437302 ], [ 9.155004, 44.437351 ], [ 9.155004, 44.437504 ], [ 9.154939, 44.437826 ], [ 9.154973, 44.438038 ], [ 9.154853, 44.438393 ], [ 9.154882, 44.438614 ], [ 9.154703, 44.438822 ], [ 9.154636, 44.438963 ] ] } },
{ "type": "Feature", "properties": { "osm_id": 427379994, "highway": "footway", "surface": "asphalt", "name": "", "paved": true }, "geometry": { "type": "LineString", "coordinates": [ [ 8.992026, 44.44975 ], [ 8.992969, 44.449232 ], [ 8.993055, 44.449239 ] ] } },
{ "type": "Feature", "properties": { "osm_id": 428738914, "highway": "track", "surface": "", "name": "Passo Ca' dei Luxoro", "paved": false }, "geometry": { "type": "LineString", "coordinates": [ [ 8.995032, 44.453018 ], [ 8.995071, 44.453082 ], [ 8.995093, 44.453099 ], [ 8.995119, 44.453106 ], [ 8.995333, 44.453092 ], [ 8.995476, 44.453076 ], [ 8.995605, 44.453032 ], [ 8.995829, 44.452944 ], [ 8.995849, 44.452898 ], [ 8.995893, 44.452874 ] ] } },
{ "type": "Feature", "properties": { "osm_id": 428738915, "highway": "steps", "surface": "", "name": "Salita superiore Ca' dei Baghini", "paved": false }, "geometry": { "type": "LineString", "coordinates": [ [ 8.998277, 44.452745 ], [ 8.99834, 44.452711 ], [ 8.998299, 44.452666 ] ] } },
{ "type": "Feature", "properties": { "osm_id": 428738916, "highway": "steps", "surface": "", "name": "Salita superiore Ca' dei Baghini", "paved": false }, "geometry": { "type": "LineString", "coordinates": [ [ 8.998262, 44.452856 ], [ 8.998247, 44.452785 ], [ 8.998277, 44.452745 ] ] } },
{ "type": "Feature", "properties": { "osm_id": 428738917, "highway": "track", "surface": "", "name": "", "paved": false }, "geometry": { "type": "LineString", "coordinates": [ [ 8.997951, 44.451746 ], [ 8.997843, 44.451774 ], [ 8.997628, 44.451954 ], [ 8.997576, 44.45199 ] ] } },
{ "type": "Feature", "properties": { "osm_id": 428738918, "highway": "steps", "surface": "", "name": "", "paved": false }, "geometry": { "type": "LineString", "coordinates": [ [ 8.995254, 44.452224 ], [ 8.995095, 44.452181 ], [ 8.994989, 44.452132 ], [ 8.994928, 44.452096 ] ] } },
{ "type": "Feature", "properties": { "osm_id": 428738919, "highway": "service", "surface": "", "name": "Salita Serroni", "paved": false }, "geometry": { "type": "LineString", "coordinates": [ [ 8.994824, 44.451995 ], [ 8.994928, 44.452096 ], [ 8.994938, 44.452154 ], [ 8.994951, 44.452185 ], [ 8.994988, 44.452235 ], [ 8.994997, 44.452267 ] ] } },
{ "type": "Feature", "properties": { "osm_id": 428738920, "highway": "service", "surface": "", "name": "", "paved": false }, "geometry": { "type": "LineString", "coordinates": [ [ 8.995509, 44.452404 ], [ 8.99535, 44.452456 ], [ 8.995327, 44.452449 ], [ 8.995234, 44.452379 ], [ 8.995203, 44.452373 ], [ 8.995164, 44.452381 ] ] } },
{ "type": "Feature", "properties": { "osm_id": 430073712, "highway": "residential", "surface": "", "name": "Salita La Parte", "paved": true }, "geometry": { "type": "LineString", "coordinates": [ [ 9.023974, 44.455246 ], [ 9.023855, 44.455192 ] ] } },
{ "type": "Feature", "properties": { "osm_id": 430073713, "highway": "footway", "surface": "", "name": "Salita Loggia", "paved": false }, "geometry": { "type": "LineString", "coordinates": [ [ 9.019515, 44.4551 ], [ 9.019453, 44.455038 ] ] } },
{ "type": "Feature", "properties": { "osm_id": 430073716, "highway": "residential", "surface": "", "name": "Via Cavassolo", "paved": true }, "geometry": { "type": "LineString", "coordinates": [ [ 9.023855, 44.455192 ], [ 9.024005, 44.455166 ] ] } },
{ "type": "Feature", "properties": { "osm_id": 430073717, "highway": "residential", "surface": "", "name": "Via Cavassolo", "paved": true }, "geometry": { "type": "LineString", "coordinates": [ [ 9.02444, 44.453838 ], [ 9.024311, 44.453794 ], [ 9.024169, 44.453722 ] ] } },
{ "type": "Feature", "properties": { "osm_id": 430073718, "highway": "service", "surface": "gravel", "name": "Via Cavassolo", "paved": false }, "geometry": { "type": "LineString", "coordinates": [ [ 9.027084, 44.45127 ], [ 9.027188, 44.45133 ], [ 9.027386, 44.451433 ], [ 9.027517, 44.451529 ], [ 9.027604, 44.451612 ], [ 9.027729, 44.451655 ], [ 9.027854, 44.451706 ], [ 9.027942, 44.451775 ], [ 9.028009, 44.451915 ], [ 9.02808, 44.451998 ], [ 9.028209, 44.452029 ], [ 9.028358, 44.452029 ], [ 9.028547, 44.451978 ], [ 9.028685, 44.451953 ] ] } },
{ "type": "Feature", "properties": { "osm_id": 430073719, "highway": "footway", "surface": "", "name": "", "paved": false }, "geometry": { "type": "LineString", "coordinates": [ [ 9.020729, 44.455064 ], [ 9.020748, 44.454996 ] ] } },
{ "type": "Feature", "properties": { "osm_id": 430073720, "highway": "steps", "surface": "", "name": "", "paved": false }, "geometry": { "type": "LineString", "coordinates": [ [ 9.030161, 44.451273 ], [ 9.03013, 44.451237 ] ] } },
{ "type": "Feature", "properties": { "osm_id": 430073722, "highway": "footway", "surface": "", "name": "", "paved": false }, "geometry": { "type": "LineString", "coordinates": [ [ 9.01972, 44.454882 ], [ 9.019645, 44.454793 ] ] } },
{ "type": "Feature", "properties": { "osm_id": 430073725, "highway": "service", "surface": "concrete", "name": "", "paved": true }, "geometry": { "type": "LineString", "coordinates": [ [ 9.023301, 44.452846 ], [ 9.02314, 44.453015 ], [ 9.022989, 44.453085 ], [ 9.022867, 44.45311 ], [ 9.022783, 44.453121 ], [ 9.022764, 44.453108 ], [ 9.022817, 44.452965 ], [ 9.022822, 44.452864 ] ] } },
{ "type": "Feature", "properties": { "osm_id": 434577859, "highway": "steps", "surface": "concrete", "name": "", "paved": true }, "geometry": { "type": "LineString", "coordinates": [ [ 8.992954, 44.453882 ], [ 8.992923, 44.453913 ] ] } },
{ "type": "Feature", "properties": { "osm_id": 434577861, "highway": "footway", "surface": "ground", "name": "", "paved": false }, "geometry": { "type": "LineString", "coordinates": [ [ 8.993108, 44.453652 ], [ 8.993037, 44.453673 ], [ 8.993016, 44.453685 ], [ 8.992996, 44.45371 ], [ 8.992976, 44.453774 ], [ 8.992939, 44.453846 ], [ 8.992939, 44.453865 ], [ 8.992954, 44.453882 ] ] } },
{ "type": "Feature", "properties": { "osm_id": 434577868, "highway": "service", "surface": "unpaved", "name": "", "paved": false }, "geometry": { "type": "LineString", "coordinates": [ [ 8.994143, 44.451317 ], [ 8.9942, 44.451309 ], [ 8.994227, 44.451312 ], [ 8.994243, 44.451323 ], [ 8.994314, 44.451434 ], [ 8.994446, 44.451544 ], [ 8.994497, 44.451568 ], [ 8.994606, 44.451607 ], [ 8.994701, 44.45163 ], [ 8.995017, 44.451645 ], [ 8.995457, 44.451721 ], [ 8.995591, 44.451726 ], [ 8.995819, 44.45172 ], [ 8.995919, 44.451702 ], [ 8.995951, 44.45169 ], [ 8.995963, 44.451666 ], [ 8.995921, 44.45155 ], [ 8.995803, 44.45139 ], [ 8.99577, 44.45127 ], [ 8.995752, 44.451231 ], [ 8.995731, 44.451202 ], [ 8.995593, 44.451129 ], [ 8.995515, 44.451104 ], [ 8.995316, 44.451108 ], [ 8.995145, 44.451133 ], [ 8.994818, 44.451112 ], [ 8.994784, 44.451105 ], [ 8.994762, 44.451092 ], [ 8.994756, 44.451027 ] ] } },
{ "type": "Feature", "properties": { "osm_id": 434577871, "highway": "steps", "surface": "", "name": "Salita Serroni", "paved": false }, "geometry": { "type": "LineString", "coordinates": [ [ 8.994824, 44.451995 ], [ 8.994647, 44.451868 ], [ 8.994326, 44.451671 ], [ 8.994217, 44.451649 ], [ 8.994194, 44.451638 ], [ 8.994175, 44.451621 ], [ 8.994088, 44.451484 ], [ 8.994037, 44.451489 ], [ 8.994025, 44.451485 ], [ 8.993927, 44.451261 ], [ 8.993889, 44.451145 ], [ 8.993899, 44.451077 ], [ 8.993924, 44.450987 ], [ 8.993972, 44.450873 ], [ 8.993983, 44.45087 ], [ 8.993995, 44.450873 ], [ 8.994061, 44.450893 ], [ 8.994072, 44.45089 ], [ 8.994086, 44.450878 ] ] } },
{ "type": "Feature", "properties": { "osm_id": 434577873, "highway": "service", "surface": "", "name": "", "paved": false }, "geometry": { "type": "LineString", "coordinates": [ [ 8.997647, 44.451938 ], [ 8.997577, 44.451924 ], [ 8.997435, 44.451925 ], [ 8.996751, 44.452006 ] ] } },
{ "type": "Feature", "properties": { "osm_id": 434577875, "highway": "service", "surface": "", "name": "", "paved": false }, "geometry": { "type": "LineString", "coordinates": [ [ 8.994756, 44.451027 ], [ 8.99459, 44.450739 ], [ 8.994583, 44.450678 ] ] } },
{ "type": "Feature", "properties": { "osm_id": 434577877, "highway": "service", "surface": "", "name": "", "paved": false }, "geometry": { "type": "LineString", "coordinates": [ [ 8.996722, 44.45262 ], [ 8.996661, 44.452567 ], [ 8.996643, 44.452518 ], [ 8.996647, 44.452444 ], [ 8.996729, 44.452207 ], [ 8.996751, 44.452006 ], [ 8.996772, 44.451755 ], [ 8.996772, 44.45168 ], [ 8.996762, 44.451614 ], [ 8.99674, 44.451541 ] ] } },
{ "type": "Feature", "properties": { "osm_id": 435543051, "highway": "footway", "surface": "concrete", "name": "", "paved": true }, "geometry": { "type": "LineString", "coordinates": [ [ 8.993263, 44.453777 ], [ 8.993196, 44.453709 ], [ 8.993132, 44.453664 ], [ 8.993108, 44.453652 ] ] } },
{ "type": "Feature", "properties": { "osm_id": 435543053, "highway": "steps", "surface": "", "name": "", "paved": false }, "geometry": { "type": "LineString", "coordinates": [ [ 8.993348, 44.453813 ], [ 8.993263, 44.453777 ] ] } },
{ "type": "Feature", "properties": { "osm_id": 436869300, "highway": "path", "surface": "", "name": "", "paved": false }, "geometry": { "type": "LineString", "coordinates": [ [ 9.181216, 44.436818 ], [ 9.181216, 44.436796 ], [ 9.181239, 44.436741 ], [ 9.181254, 44.436677 ], [ 9.18126, 44.436618 ], [ 9.181281, 44.436528 ], [ 9.181309, 44.436457 ], [ 9.181345, 44.436409 ], [ 9.18134, 44.436317 ], [ 9.181346, 44.436258 ], [ 9.181373, 44.436139 ], [ 9.181393, 44.435892 ], [ 9.181368, 44.435787 ], [ 9.181378, 44.435389 ], [ 9.181411, 44.435197 ], [ 9.181443, 44.435082 ], [ 9.181458, 44.434942 ], [ 9.181459, 44.434868 ], [ 9.181468, 44.434816 ], [ 9.18149, 44.434751 ], [ 9.181534, 44.434649 ], [ 9.181544, 44.434601 ], [ 9.18164, 44.434456 ], [ 9.181731, 44.434348 ], [ 9.181753, 44.434272 ], [ 9.182096, 44.434065 ], [ 9.18222, 44.434027 ], [ 9.182391, 44.433984 ], [ 9.182488, 44.433946 ], [ 9.18252, 44.433916 ], [ 9.182627, 44.433854 ], [ 9.182718, 44.433778 ], [ 9.182848, 44.433638 ], [ 9.182883, 44.43357 ] ] } },
{ "type": "Feature", "properties": { "osm_id": 453703719, "highway": "residential", "surface": "", "name": "", "paved": true }, "geometry": { "type": "LineString", "coordinates": [ [ 9.186604, 44.428048 ], [ 9.186741, 44.427966 ], [ 9.18687, 44.427798 ], [ 9.186993, 44.427706 ], [ 9.187202, 44.427675 ], [ 9.187492, 44.427675 ], [ 9.1879, 44.427687 ], [ 9.188173, 44.427786 ], [ 9.188275, 44.427813 ], [ 9.188361, 44.427821 ], [ 9.188426, 44.42779 ], [ 9.188463, 44.42774 ], [ 9.188517, 44.427595 ], [ 9.188511, 44.427422 ], [ 9.188431, 44.427323 ], [ 9.187959, 44.427062 ], [ 9.187926, 44.427052 ] ] } },
{ "type": "Feature", "properties": { "osm_id": 474530745, "highway": "footway", "surface": "asphalt", "name": "", "paved": true }, "geometry": { "type": "LineString", "coordinates": [ [ 8.97798, 44.453345 ], [ 8.977958, 44.453367 ] ] } },
{ "type": "Feature", "properties": { "osm_id": 498843907, "highway": "tertiary", "surface": "", "name": "", "paved": true }, "geometry": { "type": "LineString", "coordinates": [ [ 9.223685, 44.415534 ], [ 9.223627, 44.415497 ], [ 9.223483, 44.415477 ], [ 9.223111, 44.415499 ], [ 9.222794, 44.415537 ], [ 9.222644, 44.415567 ], [ 9.222554, 44.415606 ], [ 9.22245, 44.415743 ], [ 9.222338, 44.416013 ], [ 9.222278, 44.416072 ], [ 9.222233, 44.416089 ], [ 9.222169, 44.41608 ], [ 9.22212, 44.416047 ], [ 9.222067, 44.41596 ], [ 9.221901, 44.415571 ], [ 9.221717, 44.415371 ], [ 9.221597, 44.415314 ], [ 9.221445, 44.415334 ], [ 9.221173, 44.415385 ], [ 9.221005, 44.415322 ], [ 9.220949, 44.415148 ], [ 9.221009, 44.414862 ], [ 9.221121, 44.41465 ], [ 9.221141, 44.41451 ], [ 9.221025, 44.414367 ], [ 9.220781, 44.41427 ], [ 9.22056, 44.41411 ], [ 9.220284, 44.413838 ], [ 9.220088, 44.413544 ], [ 9.21998, 44.413478 ], [ 9.219832, 44.413472 ], [ 9.21972, 44.413503 ], [ 9.219642, 44.413599 ], [ 9.219528, 44.413882 ], [ 9.21948, 44.413973 ], [ 9.219412, 44.414031 ], [ 9.219328, 44.414069 ], [ 9.219182, 44.414102 ], [ 9.219102, 44.414114 ], [ 9.219042, 44.414145 ], [ 9.219, 44.414194 ], [ 9.218972, 44.414288 ], [ 9.218976, 44.414481 ], [ 9.218855, 44.414965 ], [ 9.218843, 44.415099 ], [ 9.218906, 44.415175 ], [ 9.219057, 44.415229 ], [ 9.219202, 44.415227 ], [ 9.219507, 44.415142 ], [ 9.21972, 44.415138 ], [ 9.219808, 44.415177 ], [ 9.219862, 44.415263 ], [ 9.219782, 44.41536 ] ] } },
{ "type": "Feature", "properties": { "osm_id": 498843912, "highway": "path", "surface": "dirt", "name": "", "paved": false }, "geometry": { "type": "LineString", "coordinates": [ [ 9.223685, 44.415534 ], [ 9.22375, 44.415489 ], [ 9.223873, 44.415456 ], [ 9.224096, 44.41538 ], [ 9.224327, 44.415294 ], [ 9.224501, 44.415172 ], [ 9.224723, 44.415069 ], [ 9.224969, 44.415018 ], [ 9.225099, 44.414963 ], [ 9.225163, 44.414898 ], [ 9.225225, 44.414815 ], [ 9.225332, 44.414608 ], [ 9.225416, 44.41443 ], [ 9.225485, 44.414333 ] ] } },
{ "type": "Feature", "properties": { "osm_id": 500527007, "highway": "pedestrian", "surface": "paving_stones", "name": "Piazza Federico Mario Boero", "paved": true }, "geometry": { "type": "MultiLineString", "coordinates": [ [ [ 8.978174, 44.453618 ], [ 8.97835, 44.453686 ], [ 8.97837, 44.453698 ] ], [ [ 8.977961, 44.453846 ], [ 8.977955, 44.453843 ], [ 8.978174, 44.453618 ] ] ] } },
{ "type": "Feature", "properties": { "osm_id": 503172122, "highway": "path", "surface": "dirt", "name": "", "paved": false }, "geometry": { "type": "LineString", "coordinates": [ [ 9.108089, 44.442028 ], [ 9.108082, 44.441814 ], [ 9.108041, 44.441712 ], [ 9.108024, 44.441607 ], [ 9.108075, 44.441317 ], [ 9.108166, 44.441188 ], [ 9.108241, 44.441129 ], [ 9.108325, 44.441092 ], [ 9.10839, 44.440982 ], [ 9.108441, 44.440928 ], [ 9.108556, 44.440727 ], [ 9.108651, 44.44062 ], [ 9.108688, 44.44054 ], [ 9.108698, 44.440455 ], [ 9.108753, 44.440329 ], [ 9.108751, 44.440239 ], [ 9.108623, 44.440104 ], [ 9.108395, 44.439844 ], [ 9.108235, 44.439561 ], [ 9.108154, 44.439481 ], [ 9.108053, 44.439447 ], [ 9.107904, 44.439376 ], [ 9.107845, 44.439346 ], [ 9.107756, 44.439289 ] ] } },
{ "type": "Feature", "properties": { "osm_id": 503176473, "highway": "unclassified", "surface": "asphalt", "name": "Via Quattro Novembre", "paved": true }, "geometry": { "type": "LineString", "coordinates": [ [ 9.09297, 44.437435 ], [ 9.092929, 44.437459 ], [ 9.092846, 44.437521 ], [ 9.092749, 44.437615 ], [ 9.092673, 44.437662 ], [ 9.092569, 44.437652 ], [ 9.092498, 44.437615 ], [ 9.092445, 44.437581 ] ] } },
{ "type": "Feature", "properties": { "osm_id": 503809223, "highway": "path", "surface": "dirt", "name": "", "paved": false }, "geometry": { "type": "LineString", "coordinates": [ [ 9.001967, 44.459564 ], [ 9.002068, 44.459582 ], [ 9.002189, 44.459582 ], [ 9.002276, 44.459592 ], [ 9.002272, 44.459627 ] ] } },
{ "type": "Feature", "properties": { "osm_id": 503849277, "highway": "secondary", "surface": "asphalt", "name": "Via Cavassolo", "paved": true }, "geometry": { "type": "LineString", "coordinates": [ [ 9.037847, 44.451452 ], [ 9.037818, 44.451515 ], [ 9.037799, 44.451604 ], [ 9.037799, 44.451671 ], [ 9.03781, 44.45172 ], [ 9.038, 44.452162 ], [ 9.038273, 44.452616 ] ] } },
{ "type": "Feature", "properties": { "osm_id": 503849278, "highway": "secondary", "surface": "asphalt", "name": "Via Cavassolo", "paved": true }, "geometry": { "type": "LineString", "coordinates": [ [ 9.038755, 44.452453 ], [ 9.038762, 44.452241 ], [ 9.038782, 44.452124 ], [ 9.038798, 44.452084 ], [ 9.038818, 44.452054 ], [ 9.03887, 44.451996 ], [ 9.03891, 44.451962 ], [ 9.038989, 44.451916 ], [ 9.039603, 44.451608 ], [ 9.039744, 44.451547 ], [ 9.03989, 44.451512 ], [ 9.040111, 44.45148 ], [ 9.040267, 44.451438 ], [ 9.040426, 44.451369 ], [ 9.041271, 44.45082 ], [ 9.041413, 44.450711 ], [ 9.04153, 44.450586 ], [ 9.041679, 44.450289 ], [ 9.041754, 44.450034 ], [ 9.041771, 44.450001 ], [ 9.041814, 44.449944 ], [ 9.041848, 44.44993 ], [ 9.041882, 44.449922 ], [ 9.04192, 44.44992 ], [ 9.041952, 44.449927 ], [ 9.041973, 44.449939 ], [ 9.041996, 44.449973 ], [ 9.042001, 44.449996 ], [ 9.041998, 44.45002 ], [ 9.041842, 44.450595 ], [ 9.041686, 44.451008 ], [ 9.041607, 44.451154 ], [ 9.041222, 44.451626 ], [ 9.041129, 44.451724 ], [ 9.041077, 44.451759 ], [ 9.041018, 44.451784 ], [ 9.040392, 44.45198 ], [ 9.040325, 44.45201 ], [ 9.040292, 44.45203 ], [ 9.040157, 44.452176 ], [ 9.040049, 44.452322 ], [ 9.040025, 44.452401 ], [ 9.040025, 44.452491 ], [ 9.040055, 44.45257 ], [ 9.040125, 44.452634 ], [ 9.04024, 44.452713 ], [ 9.040271, 44.45274 ], [ 9.040316, 44.452794 ], [ 9.040461, 44.453158 ], [ 9.040481, 44.453181 ], [ 9.040502, 44.453197 ], [ 9.040531, 44.453208 ], [ 9.040571, 44.453211 ], [ 9.040615, 44.453199 ], [ 9.04064, 44.453175 ], [ 9.040648, 44.453151 ], [ 9.040621, 44.453084 ], [ 9.040545, 44.453005 ], [ 9.040506, 44.452938 ], [ 9.040471, 44.452844 ], [ 9.040298, 44.452527 ], [ 9.040286, 44.452488 ], [ 9.040292, 44.452445 ], [ 9.040341, 44.452373 ], [ 9.040393, 44.452327 ], [ 9.040456, 44.452281 ], [ 9.040514, 44.452256 ], [ 9.040724, 44.452223 ], [ 9.041085, 44.452187 ], [ 9.041429, 44.45213 ], [ 9.041791, 44.451971 ], [ 9.041954, 44.451894 ], [ 9.042268, 44.451633 ], [ 9.042323, 44.451563 ] ] } },
{ "type": "Feature", "properties": { "osm_id": 503849280, "highway": "secondary", "surface": "asphalt", "name": "Via Cavassolo", "paved": true }, "geometry": { "type": "LineString", "coordinates": [ [ 9.036169, 44.450677 ], [ 9.03619, 44.450644 ], [ 9.036231, 44.45061 ] ] } },
{ "type": "Feature", "properties": { "osm_id": 503849281, "highway": "secondary", "surface": "asphalt", "name": "Via Cavassolo", "paved": true }, "geometry": { "type": "LineString", "coordinates": [ [ 9.036231, 44.45061 ], [ 9.036291, 44.450581 ], [ 9.036359, 44.450563 ], [ 9.036744, 44.450551 ], [ 9.03692, 44.450563 ], [ 9.037252, 44.450684 ], [ 9.037337, 44.450699 ], [ 9.037841, 44.450731 ], [ 9.038059, 44.450726 ], [ 9.038765, 44.450642 ], [ 9.038997, 44.450593 ], [ 9.039166, 44.450509 ], [ 9.039353, 44.450385 ], [ 9.039616, 44.450186 ], [ 9.039647, 44.45017 ], [ 9.039685, 44.450163 ], [ 9.039715, 44.450165 ], [ 9.039762, 44.450179 ], [ 9.039783, 44.450194 ], [ 9.039793, 44.450212 ], [ 9.039796, 44.450247 ], [ 9.039773, 44.450288 ], [ 9.039748, 44.450306 ], [ 9.039454, 44.450459 ], [ 9.039367, 44.450511 ], [ 9.039281, 44.450583 ], [ 9.039211, 44.450657 ], [ 9.039115, 44.450731 ], [ 9.039021, 44.450783 ], [ 9.038924, 44.450815 ], [ 9.038295, 44.450965 ], [ 9.038242, 44.450986 ], [ 9.038144, 44.451044 ], [ 9.03809, 44.451083 ], [ 9.038054, 44.451122 ], [ 9.037966, 44.451269 ], [ 9.037847, 44.451452 ] ] } },
{ "type": "Feature", "properties": { "osm_id": 503849284, "highway": "unclassified", "surface": "", "name": "Passo Rio Canate", "paved": false }, "geometry": { "type": "LineString", "coordinates": [ [ 9.034702, 44.450918 ], [ 9.034869, 44.450972 ], [ 9.034964, 44.450991 ], [ 9.03527, 44.451009 ], [ 9.035341, 44.451017 ], [ 9.035427, 44.451035 ], [ 9.035828, 44.451234 ], [ 9.035858, 44.451269 ], [ 9.035889, 44.451346 ], [ 9.036083, 44.451957 ], [ 9.036102, 44.452038 ], [ 9.036144, 44.452663 ], [ 9.036132, 44.452738 ], [ 9.036107, 44.452817 ], [ 9.035985, 44.453067 ], [ 9.035963, 44.453151 ], [ 9.035958, 44.453213 ], [ 9.035987, 44.453306 ], [ 9.03611, 44.453606 ] ] } },
{ "type": "Feature", "properties": { "osm_id": 503849863, "highway": "unclassified", "surface": "asphalt", "name": "Via Maggiolo", "paved": true }, "geometry": { "type": "LineString", "coordinates": [ [ 9.043685, 44.452942 ], [ 9.043812, 44.452897 ], [ 9.043949, 44.452863 ] ] } },
{ "type": "Feature", "properties": { "osm_id": 503849865, "highway": "unclassified", "surface": "", "name": "Via Maggiolo", "paved": false }, "geometry": { "type": "LineString", "coordinates": [ [ 9.043949, 44.452863 ], [ 9.044077, 44.452858 ], [ 9.044205, 44.452872 ], [ 9.04458, 44.453037 ], [ 9.044764, 44.453039 ], [ 9.045059, 44.453025 ], [ 9.04525, 44.453051 ], [ 9.04537, 44.453092 ], [ 9.04545, 44.453111 ], [ 9.045517, 44.453102 ], [ 9.045553, 44.453067 ], [ 9.045553, 44.453022 ], [ 9.045509, 44.452981 ], [ 9.045424, 44.452958 ], [ 9.044736, 44.452831 ], [ 9.044495, 44.452745 ], [ 9.044284, 44.452635 ] ] } },
{ "type": "Feature", "properties": { "osm_id": 503849868, "highway": "unclassified", "surface": "", "name": "Via Maggiolo", "paved": false }, "geometry": { "type": "LineString", "coordinates": [ [ 9.044182, 44.452582 ], [ 9.044035, 44.452496 ], [ 9.043937, 44.45248 ], [ 9.043839, 44.452493 ], [ 9.043776, 44.452515 ], [ 9.043684, 44.452563 ], [ 9.043586, 44.452575 ], [ 9.043501, 44.452565 ], [ 9.043451, 44.452532 ], [ 9.043451, 44.45249 ], [ 9.043526, 44.452404 ], [ 9.043665, 44.452305 ], [ 9.043901, 44.452015 ], [ 9.044049, 44.451862 ], [ 9.044182, 44.451767 ], [ 9.044222, 44.451744 ], [ 9.044238, 44.451714 ], [ 9.044227, 44.45162 ], [ 9.044178, 44.451569 ], [ 9.044066, 44.451493 ], [ 9.043991, 44.451397 ], [ 9.04395, 44.451314 ], [ 9.043901, 44.451151 ], [ 9.043879, 44.450677 ], [ 9.043906, 44.450623 ], [ 9.044303, 44.450367 ], [ 9.044366, 44.450355 ] ] } },
{ "type": "Feature", "properties": { "osm_id": 503849870, "highway": "unclassified", "surface": "asphalt", "name": "Via Maggiolo", "paved": true }, "geometry": { "type": "LineString", "coordinates": [ [ 9.044284, 44.452635 ], [ 9.044182, 44.452582 ] ] } },
{ "type": "Feature", "properties": { "osm_id": 514530862, "highway": "footway", "surface": "", "name": "", "paved": false }, "geometry": { "type": "LineString", "coordinates": [ [ 9.181223, 44.429569 ], [ 9.181302, 44.429619 ], [ 9.181431, 44.429711 ] ] } },
{ "type": "Feature", "properties": { "osm_id": 520899196, "highway": "service", "surface": "", "name": "", "paved": false }, "geometry": { "type": "LineString", "coordinates": [ [ 8.971069, 44.451589 ], [ 8.971134, 44.451593 ] ] } },
{ "type": "Feature", "properties": { "osm_id": 521158264, "highway": "primary", "surface": "asphalt", "name": "Strada Statale della Fontanabuona", "paved": true }, "geometry": { "type": "LineString", "coordinates": [ [ 9.205564, 44.423373 ], [ 9.205277, 44.423866 ], [ 9.205177, 44.424016 ], [ 9.205121, 44.424071 ] ] } },
{ "type": "Feature", "properties": { "osm_id": 521158265, "highway": "primary", "surface": "asphalt", "name": "Strada statale 225 della Fontanabuona", "paved": true }, "geometry": { "type": "LineString", "coordinates": [ [ 9.206339, 44.42195 ], [ 9.206094, 44.422207 ], [ 9.206063, 44.422265 ], [ 9.205866, 44.422765 ], [ 9.205564, 44.423373 ] ] } },
{ "type": "Feature", "properties": { "osm_id": 521165828, "highway": "unclassified", "surface": "", "name": "", "paved": false }, "geometry": { "type": "LineString", "coordinates": [ [ 9.213033, 44.420908 ], [ 9.213084, 44.420853 ], [ 9.213167, 44.420675 ] ] } },
{ "type": "Feature", "properties": { "osm_id": 521165830, "highway": "unclassified", "surface": "asphalt", "name": "", "paved": true }, "geometry": { "type": "LineString", "coordinates": [ [ 9.212914, 44.420637 ], [ 9.212945, 44.420709 ] ] } },
{ "type": "Feature", "properties": { "osm_id": 521165834, "highway": "unclassified", "surface": "asphalt", "name": "", "paved": true }, "geometry": { "type": "LineString", "coordinates": [ [ 9.212151, 44.420021 ], [ 9.212325, 44.419877 ] ] } },
{ "type": "Feature", "properties": { "osm_id": 521165836, "highway": "unclassified", "surface": "asphalt", "name": "", "paved": true }, "geometry": { "type": "LineString", "coordinates": [ [ 9.206339, 44.42195 ], [ 9.20651, 44.421907 ], [ 9.207595, 44.421471 ], [ 9.209335, 44.420735 ] ] } },
{ "type": "Feature", "properties": { "osm_id": 524739367, "highway": "secondary", "surface": "asphalt", "name": "Ponte Alexander Fleming", "paved": true }, "geometry": { "type": "LineString", "coordinates": [ [ 8.980365, 44.453521 ], [ 8.980323, 44.453612 ] ] } },
{ "type": "Feature", "properties": { "osm_id": 524739369, "highway": "secondary", "surface": "asphalt", "name": "Rotonda dei Tonni Suicidi", "paved": true }, "geometry": { "type": "LineString", "coordinates": [ [ 8.975243, 44.45194 ], [ 8.975249, 44.451912 ], [ 8.975271, 44.45188 ], [ 8.975298, 44.45186 ], [ 8.975328, 44.451845 ] ] } },
{ "type": "Feature", "properties": { "osm_id": 527181611, "highway": "service", "surface": "asphalt", "name": "", "paved": true }, "geometry": { "type": "LineString", "coordinates": [ [ 8.97473, 44.452357 ], [ 8.974639, 44.452402 ], [ 8.974615, 44.452403 ], [ 8.974596, 44.452395 ], [ 8.974532, 44.452335 ] ] } },
{ "type": "Feature", "properties": { "osm_id": 529686378, "highway": "residential", "surface": "asphalt", "name": "Via Gattorne", "paved": true }, "geometry": { "type": "LineString", "coordinates": [ [ 9.146828, 44.435118 ], [ 9.146463, 44.434999 ], [ 9.145894, 44.434251 ], [ 9.145248, 44.433996 ], [ 9.145029, 44.43393 ], [ 9.144785, 44.433903 ], [ 9.144626, 44.433899 ], [ 9.1445, 44.433871 ], [ 9.144367, 44.433813 ], [ 9.14427, 44.433761 ], [ 9.14418, 44.433687 ], [ 9.144073, 44.433256 ], [ 9.144084, 44.43314 ], [ 9.144162, 44.433068 ], [ 9.144203, 44.433043 ] ] } },
{ "type": "Feature", "properties": { "osm_id": 529686379, "highway": "residential", "surface": "", "name": "", "paved": true }, "geometry": { "type": "LineString", "coordinates": [ [ 9.141935, 44.433893 ], [ 9.142143, 44.433805 ], [ 9.142202, 44.433741 ], [ 9.142295, 44.433684 ], [ 9.14256, 44.433581 ] ] } },
{ "type": "Feature", "properties": { "osm_id": 529686380, "highway": "residential", "surface": "", "name": "", "paved": true }, "geometry": { "type": "LineString", "coordinates": [ [ 9.14216, 44.433787 ], [ 9.142103, 44.433656 ] ] } },
{ "type": "Feature", "properties": { "osm_id": 529686381, "highway": "footway", "surface": "paved", "name": "", "paved": true }, "geometry": { "type": "LineString", "coordinates": [ [ 9.140379, 44.43406 ], [ 9.140385, 44.434089 ], [ 9.140579, 44.434195 ], [ 9.140749, 44.434324 ], [ 9.141022, 44.434445 ], [ 9.141124, 44.434565 ], [ 9.141131, 44.434622 ], [ 9.141178, 44.434759 ], [ 9.141248, 44.434826 ], [ 9.141371, 44.43484 ], [ 9.141437, 44.434839 ], [ 9.141475, 44.434816 ], [ 9.14151, 44.434751 ], [ 9.141535, 44.43472 ], [ 9.141644, 44.434655 ], [ 9.141742, 44.434589 ], [ 9.141759, 44.43455 ], [ 9.141817, 44.434485 ] ] } },
{ "type": "Feature", "properties": { "osm_id": 529686382, "highway": "footway", "surface": "", "name": "", "paved": false }, "geometry": { "type": "LineString", "coordinates": [ [ 9.141248, 44.434826 ], [ 9.141251, 44.434848 ], [ 9.141392, 44.434983 ], [ 9.141479, 44.435015 ], [ 9.141555, 44.435031 ], [ 9.141693, 44.435093 ], [ 9.141709, 44.435156 ], [ 9.14174, 44.435188 ], [ 9.141841, 44.435207 ], [ 9.141939, 44.435257 ], [ 9.142044, 44.435269 ], [ 9.142423, 44.435373 ], [ 9.142549, 44.435435 ], [ 9.142597, 44.435444 ], [ 9.142604, 44.435571 ], [ 9.142945, 44.435772 ], [ 9.143046, 44.435821 ], [ 9.143202, 44.435871 ] ] } },
{ "type": "Feature", "properties": { "osm_id": 529686383, "highway": "residential", "surface": "", "name": "", "paved": true }, "geometry": { "type": "LineString", "coordinates": [ [ 9.146791, 44.435884 ], [ 9.14661, 44.435923 ], [ 9.146251, 44.435989 ], [ 9.145596, 44.436065 ], [ 9.145316, 44.436221 ], [ 9.145297, 44.436378 ], [ 9.145329, 44.436731 ], [ 9.14512, 44.437561 ], [ 9.145071, 44.437595 ], [ 9.144943, 44.437666 ], [ 9.144831, 44.437543 ], [ 9.145006, 44.437412 ], [ 9.145024, 44.437238 ], [ 9.144984, 44.436972 ], [ 9.144723, 44.436515 ], [ 9.14463, 44.436226 ], [ 9.144583, 44.436123 ], [ 9.144506, 44.436101 ], [ 9.144342, 44.436116 ], [ 9.144083, 44.436173 ], [ 9.143868, 44.436115 ], [ 9.143688, 44.436033 ], [ 9.143537, 44.435938 ], [ 9.143433, 44.435904 ], [ 9.143331, 44.435881 ], [ 9.143202, 44.435871 ] ] } },
{ "type": "Feature", "properties": { "osm_id": 529696675, "highway": "path", "surface": "ground", "name": "Sentiero di Gagginea", "paved": false }, "geometry": { "type": "LineString", "coordinates": [ [ 9.144381, 44.436113 ], [ 9.144469, 44.43617 ], [ 9.144555, 44.436367 ], [ 9.144569, 44.436449 ], [ 9.144462, 44.436782 ], [ 9.144413, 44.436842 ], [ 9.144245, 44.436971 ], [ 9.144074, 44.437022 ], [ 9.143785, 44.437069 ], [ 9.14357, 44.437116 ], [ 9.143455, 44.437122 ], [ 9.143164, 44.437072 ], [ 9.143096, 44.437069 ], [ 9.142757, 44.436931 ], [ 9.142434, 44.436831 ], [ 9.142336, 44.43683 ], [ 9.142257, 44.436836 ], [ 9.142134, 44.436857 ], [ 9.142043, 44.436882 ], [ 9.141944, 44.436922 ], [ 9.141891, 44.436952 ], [ 9.141754, 44.437 ], [ 9.141735, 44.43705 ], [ 9.141707, 44.437264 ], [ 9.141672, 44.437291 ], [ 9.141497, 44.437351 ], [ 9.141398, 44.437368 ], [ 9.141339, 44.437374 ], [ 9.141149, 44.437414 ], [ 9.140987, 44.437417 ], [ 9.140885, 44.437457 ], [ 9.140777, 44.437528 ], [ 9.140752, 44.437574 ], [ 9.140759, 44.437694 ], [ 9.14077, 44.437724 ], [ 9.140774, 44.43777 ], [ 9.140763, 44.437815 ], [ 9.140773, 44.437974 ], [ 9.140765, 44.438016 ], [ 9.140746, 44.438046 ], [ 9.140598, 44.438149 ], [ 9.1405, 44.438243 ], [ 9.140469, 44.438266 ], [ 9.14041, 44.438281 ], [ 9.140368, 44.438279 ], [ 9.140284, 44.438262 ], [ 9.140204, 44.438255 ], [ 9.140068, 44.43827 ], [ 9.139954, 44.438259 ], [ 9.1398, 44.438221 ], [ 9.139748, 44.438206 ], [ 9.139697, 44.438181 ], [ 9.139637, 44.43816 ], [ 9.139497, 44.438125 ], [ 9.139458, 44.438099 ], [ 9.139417, 44.438081 ], [ 9.139338, 44.438024 ], [ 9.139254, 44.437987 ], [ 9.139161, 44.437929 ], [ 9.139105, 44.437903 ], [ 9.139053, 44.437871 ], [ 9.139005, 44.437855 ], [ 9.13897, 44.437869 ], [ 9.13895, 44.437906 ], [ 9.138928, 44.437931 ], [ 9.138892, 44.437951 ], [ 9.138832, 44.437968 ], [ 9.138769, 44.437976 ], [ 9.138637, 44.437977 ], [ 9.138591, 44.438013 ], [ 9.138559, 44.438047 ], [ 9.138457, 44.438101 ], [ 9.138376, 44.438179 ], [ 9.13832, 44.438195 ], [ 9.138259, 44.438183 ], [ 9.138168, 44.438111 ], [ 9.138007, 44.438029 ], [ 9.137945, 44.437989 ], [ 9.137904, 44.437953 ], [ 9.137857, 44.437927 ], [ 9.137807, 44.437886 ], [ 9.137757, 44.437768 ], [ 9.137697, 44.437681 ], [ 9.137608, 44.437493 ], [ 9.137583, 44.43742 ], [ 9.137569, 44.437339 ], [ 9.137523, 44.437222 ], [ 9.137517, 44.437195 ], [ 9.137524, 44.437143 ], [ 9.137545, 44.437107 ], [ 9.137529, 44.43702 ], [ 9.13754, 44.436989 ], [ 9.137526, 44.436963 ], [ 9.137476, 44.436922 ], [ 9.13741, 44.436831 ], [ 9.137384, 44.436808 ], [ 9.137354, 44.436788 ], [ 9.137263, 44.436751 ], [ 9.13709, 44.436725 ], [ 9.136984, 44.43669 ], [ 9.136776, 44.436547 ], [ 9.136542, 44.436422 ], [ 9.136426, 44.436367 ], [ 9.136335, 44.436311 ], [ 9.13628, 44.436253 ], [ 9.136224, 44.436228 ], [ 9.136169, 44.436212 ], [ 9.136119, 44.436215 ], [ 9.136027, 44.436204 ], [ 9.13598, 44.436191 ], [ 9.135839, 44.436236 ], [ 9.135789, 44.436224 ], [ 9.135785, 44.436194 ], [ 9.135747, 44.436158 ], [ 9.135378, 44.436007 ], [ 9.13527, 44.435913 ], [ 9.135238, 44.435865 ], [ 9.135217, 44.435807 ], [ 9.135231, 44.435768 ], [ 9.135281, 44.435708 ], [ 9.135299, 44.43567 ], [ 9.135302, 44.435629 ], [ 9.135293, 44.435594 ], [ 9.135288, 44.435493 ], [ 9.135335, 44.435325 ], [ 9.135333, 44.435274 ], [ 9.135312, 44.435173 ], [ 9.135312, 44.435134 ], [ 9.135349, 44.435064 ], [ 9.135361, 44.435027 ], [ 9.135344, 44.43499 ], [ 9.135299, 44.434969 ], [ 9.135064, 44.434926 ], [ 9.134853, 44.434867 ], [ 9.134821, 44.434835 ], [ 9.134816, 44.434794 ], [ 9.134815, 44.434561 ], [ 9.13483, 44.434499 ], [ 9.134901, 44.434385 ], [ 9.134993, 44.434294 ], [ 9.135016, 44.43426 ], [ 9.135039, 44.434193 ], [ 9.135005, 44.434143 ], [ 9.134981, 44.434121 ], [ 9.134885, 44.434074 ] ] } },
{ "type": "Feature", "properties": { "osm_id": 530305731, "highway": "track", "surface": "", "name": "", "paved": false }, "geometry": { "type": "LineString", "coordinates": [ [ 9.134409, 44.433903 ], [ 9.134885, 44.434074 ] ] } },
{ "type": "Feature", "properties": { "osm_id": 530311873, "highway": "steps", "surface": "paved", "name": "", "paved": true }, "geometry": { "type": "LineString", "coordinates": [ [ 9.141028, 44.434452 ], [ 9.141183, 44.43441 ], [ 9.141261, 44.434396 ], [ 9.141699, 44.434258 ] ] } },
{ "type": "Feature", "properties": { "osm_id": 530311875, "highway": "steps", "surface": "", "name": "", "paved": false }, "geometry": { "type": "LineString", "coordinates": [ [ 9.141613, 44.433947 ], [ 9.141712, 44.433943 ], [ 9.141762, 44.433961 ], [ 9.14179, 44.43396 ], [ 9.14189, 44.433903 ], [ 9.141935, 44.433893 ] ] } },
{ "type": "Feature", "properties": { "osm_id": 530311877, "highway": "residential", "surface": "", "name": "Piazzale Parrocchiale", "paved": true }, "geometry": { "type": "LineString", "coordinates": [ [ 9.141802, 44.434455 ], [ 9.141904, 44.43435 ], [ 9.142074, 44.434418 ], [ 9.142043, 44.434454 ], [ 9.142029, 44.434449 ], [ 9.141943, 44.434546 ], [ 9.141849, 44.434497 ], [ 9.141802, 44.434455 ] ] } },
{ "type": "Feature", "properties": { "osm_id": 530311880, "highway": "steps", "surface": "", "name": "", "paved": false }, "geometry": { "type": "LineString", "coordinates": [ [ 9.14195, 44.434368 ], [ 9.142091, 44.43422 ], [ 9.142133, 44.434187 ], [ 9.142171, 44.434165 ] ] } },
{ "type": "Feature", "properties": { "osm_id": 530312113, "highway": "steps", "surface": "", "name": "", "paved": false }, "geometry": { "type": "LineString", "coordinates": [ [ 9.142537, 44.434781 ], [ 9.14274, 44.43457 ], [ 9.142831, 44.434489 ], [ 9.142882, 44.434451 ] ] } },
{ "type": "Feature", "properties": { "osm_id": 531409011, "highway": "residential", "surface": "dirt", "name": "Via ai Piani di Struppa", "paved": false }, "geometry": { "type": "LineString", "coordinates": [ [ 8.996083, 44.454315 ], [ 8.996203, 44.454713 ], [ 8.996235, 44.454777 ], [ 8.996295, 44.454828 ], [ 8.996376, 44.454875 ], [ 8.99648, 44.454919 ] ] } },
{ "type": "Feature", "properties": { "osm_id": 531410578, "highway": "steps", "surface": "brick", "name": "Salita San Cosimo di Struppa", "paved": false }, "geometry": { "type": "LineString", "coordinates": [ [ 9.021054, 44.455222 ], [ 9.021059, 44.455271 ], [ 9.021049, 44.455332 ], [ 9.021029, 44.455391 ], [ 9.021011, 44.455423 ] ] } },
{ "type": "Feature", "properties": { "osm_id": 531439845, "highway": "secondary", "surface": "asphalt", "name": "Via Cavassolo", "paved": true }, "geometry": { "type": "LineString", "coordinates": [ [ 9.036827, 44.451025 ], [ 9.03678, 44.45099 ], [ 9.036726, 44.450961 ], [ 9.03664, 44.450927 ], [ 9.036283, 44.45084 ], [ 9.036238, 44.450823 ], [ 9.036179, 44.450773 ], [ 9.036162, 44.450746 ], [ 9.036159, 44.450714 ], [ 9.036169, 44.450677 ] ] } },
{ "type": "Feature", "properties": { "osm_id": 531439848, "highway": "footway", "surface": "paved", "name": "", "paved": true }, "geometry": { "type": "LineString", "coordinates": [ [ 9.036827, 44.451025 ], [ 9.03683, 44.450987 ], [ 9.036671, 44.45091 ], [ 9.036481, 44.450854 ], [ 9.03649, 44.450801 ], [ 9.036527, 44.450789 ], [ 9.036719, 44.450803 ] ] } },
{ "type": "Feature", "properties": { "osm_id": 531439853, "highway": "footway", "surface": "", "name": "", "paved": false }, "geometry": { "type": "LineString", "coordinates": [ [ 9.036231, 44.45061 ], [ 9.036392, 44.450689 ], [ 9.036431, 44.450722 ], [ 9.036719, 44.450803 ] ] } },
{ "type": "Feature", "properties": { "osm_id": 541327756, "highway": "residential", "surface": "asphalt", "name": "Via Elia Bernardini", "paved": true }, "geometry": { "type": "LineString", "coordinates": [ [ 8.976868, 44.453278 ], [ 8.977048, 44.453122 ] ] } },
{ "type": "Feature", "properties": { "osm_id": 541327759, "highway": "footway", "surface": "", "name": "", "paved": false }, "geometry": { "type": "LineString", "coordinates": [ [ 8.976868, 44.453278 ], [ 8.976809, 44.453293 ], [ 8.976749, 44.453248 ], [ 8.976773, 44.453224 ], [ 8.976831, 44.453182 ], [ 8.976851, 44.453137 ], [ 8.976843, 44.453097 ], [ 8.97683, 44.453076 ], [ 8.976806, 44.453053 ], [ 8.976756, 44.453034 ], [ 8.976711, 44.453027 ], [ 8.976651, 44.453031 ], [ 8.976616, 44.453037 ], [ 8.976582, 44.453056 ], [ 8.976506, 44.453155 ], [ 8.976541, 44.453182 ] ] } },
{ "type": "Feature", "properties": { "osm_id": 544995538, "highway": "residential", "surface": "", "name": "", "paved": true }, "geometry": { "type": "LineString", "coordinates": [ [ 9.088643, 44.437879 ], [ 9.088686, 44.437859 ], [ 9.088717, 44.437831 ], [ 9.088704, 44.437707 ], [ 9.0887, 44.437567 ], [ 9.088745, 44.437435 ], [ 9.088777, 44.437383 ] ] } },
{ "type": "Feature", "properties": { "osm_id": 544995541, "highway": "unclassified", "surface": "asphalt", "name": "Via alla Chiesa di Traso", "paved": true }, "geometry": { "type": "LineString", "coordinates": [ [ 9.086987, 44.438446 ], [ 9.087107, 44.438323 ] ] } },
{ "type": "Feature", "properties": { "osm_id": 544995544, "highway": "unclassified", "surface": "", "name": "", "paved": false }, "geometry": { "type": "LineString", "coordinates": [ [ 9.085362, 44.438272 ], [ 9.085373, 44.43826 ] ] } },
{ "type": "Feature", "properties": { "osm_id": 544995545, "highway": "unclassified", "surface": "asphalt", "name": "Via alla Chiesa di Traso", "paved": true }, "geometry": { "type": "MultiLineString", "coordinates": [ [ [ 9.085373, 44.43826 ], [ 9.085676, 44.438062 ], [ 9.085815, 44.437918 ], [ 9.08586, 44.437833 ] ], [ [ 9.086287, 44.437767 ], [ 9.086111, 44.438216 ], [ 9.085991, 44.438449 ], [ 9.085891, 44.438576 ], [ 9.085793, 44.438688 ], [ 9.085766, 44.438775 ], [ 9.085785, 44.438831 ], [ 9.085826, 44.438896 ], [ 9.085966, 44.438971 ], [ 9.086108, 44.439018 ], [ 9.086265, 44.43902 ], [ 9.08642, 44.438942 ], [ 9.086544, 44.438771 ], [ 9.086674, 44.438637 ], [ 9.086987, 44.438446 ] ] ] } },
{ "type": "Feature", "properties": { "osm_id": 544995546, "highway": "unclassified", "surface": "asphalt", "name": "Via Quattro Novembre", "paved": true }, "geometry": { "type": "LineString", "coordinates": [ [ 9.088401, 44.437441 ], [ 9.088395, 44.43746 ], [ 9.08849, 44.437648 ], [ 9.088573, 44.437793 ], [ 9.088643, 44.437879 ], [ 9.088699, 44.437964 ], [ 9.088786, 44.438048 ], [ 9.089123, 44.438208 ], [ 9.089483, 44.438402 ], [ 9.089614, 44.43841 ], [ 9.089918, 44.438401 ], [ 9.090068, 44.438468 ], [ 9.09018, 44.438616 ], [ 9.090295, 44.438812 ], [ 9.090344, 44.439042 ], [ 9.090406, 44.439077 ], [ 9.090474, 44.439049 ], [ 9.090523, 44.438982 ], [ 9.0905, 44.438728 ], [ 9.090473, 44.438175 ], [ 9.090433, 44.438081 ], [ 9.090114, 44.437865 ], [ 9.090103, 44.437788 ], [ 9.090181, 44.437402 ], [ 9.090195, 44.437222 ], [ 9.090217, 44.437162 ] ] } },
{ "type": "Feature", "properties": { "osm_id": 544995547, "highway": "unclassified", "surface": "asphalt", "name": "Via alla Chiesa di Traso", "paved": true }, "geometry": { "type": "LineString", "coordinates": [ [ 9.087107, 44.438323 ], [ 9.087238, 44.438043 ], [ 9.087381, 44.437699 ], [ 9.087467, 44.437585 ] ] } },
{ "type": "Feature", "properties": { "osm_id": 546048505, "highway": "unclassified", "surface": "asphalt", "name": "Via Quattro Novembre", "paved": true }, "geometry": { "type": "LineString", "coordinates": [ [ 9.092445, 44.437581 ], [ 9.092303, 44.437501 ], [ 9.092022, 44.437408 ], [ 9.09185, 44.437309 ], [ 9.091779, 44.437207 ], [ 9.091751, 44.437134 ], [ 9.091715, 44.436935 ] ] } },
{ "type": "Feature", "properties": { "osm_id": 548155507, "highway": "path", "surface": "", "name": "", "paved": false }, "geometry": { "type": "LineString", "coordinates": [ [ 9.032336, 44.45024 ], [ 9.032458, 44.450317 ], [ 9.0325, 44.450319 ], [ 9.032553, 44.450373 ] ] } },
{ "type": "Feature", "properties": { "osm_id": 548155508, "highway": "steps", "surface": "", "name": "Via alla Presa", "paved": false }, "geometry": { "type": "LineString", "coordinates": [ [ 9.032402, 44.451395 ], [ 9.032403, 44.451356 ], [ 9.032497, 44.451353 ], [ 9.032537, 44.451348 ], [ 9.032543, 44.451342 ], [ 9.032492, 44.451173 ], [ 9.032496, 44.451109 ], [ 9.032521, 44.451068 ], [ 9.032529, 44.450969 ], [ 9.032494, 44.450801 ], [ 9.032445, 44.450642 ], [ 9.032444, 44.450595 ], [ 9.032553, 44.450373 ] ] } },
{ "type": "Feature", "properties": { "osm_id": 548621161, "highway": "path", "surface": "", "name": "", "paved": false }, "geometry": { "type": "LineString", "coordinates": [ [ 9.216508, 44.416366 ], [ 9.216394, 44.416382 ], [ 9.216212, 44.416376 ], [ 9.215988, 44.416351 ], [ 9.215862, 44.416379 ], [ 9.215806, 44.416339 ], [ 9.215498, 44.416262 ], [ 9.215035, 44.416112 ], [ 9.214687, 44.416015 ], [ 9.214342, 44.415894 ], [ 9.21422, 44.415844 ], [ 9.214116, 44.415755 ], [ 9.213949, 44.415718 ], [ 9.213576, 44.415604 ], [ 9.213277, 44.415502 ], [ 9.213091, 44.415351 ], [ 9.212967, 44.415286 ], [ 9.212832, 44.415188 ], [ 9.212722, 44.415151 ], [ 9.212631, 44.415138 ], [ 9.212573, 44.415099 ] ] } },
{ "type": "Feature", "properties": { "osm_id": 552589613, "highway": "secondary", "surface": "asphalt", "name": "Via Emilia", "paved": true }, "geometry": { "type": "LineString", "coordinates": [ [ 8.972755, 44.449689 ], [ 8.973477, 44.450267 ], [ 8.975087, 44.451629 ], [ 8.975229, 44.451729 ], [ 8.975328, 44.451845 ] ] } },
{ "type": "Feature", "properties": { "osm_id": 552589614, "highway": "secondary", "surface": "asphalt", "name": "Via Piacenza", "paved": true }, "geometry": { "type": "LineString", "coordinates": [ [ 8.972512, 44.450544 ], [ 8.972457, 44.4505 ], [ 8.972395, 44.450439 ], [ 8.972303, 44.450277 ], [ 8.972152, 44.449937 ] ] } },
{ "type": "Feature", "properties": { "osm_id": 552902861, "highway": "service", "surface": "", "name": "Via Giulia de Vincenzi", "paved": false }, "geometry": { "type": "LineString", "coordinates": [ [ 8.971414, 44.450542 ], [ 8.970947, 44.450509 ], [ 8.970892, 44.450501 ], [ 8.970867, 44.450493 ] ] } },
{ "type": "Feature", "properties": { "osm_id": 552902862, "highway": "residential", "surface": "", "name": "Via Giulia de Vincenzi", "paved": true }, "geometry": { "type": "LineString", "coordinates": [ [ 8.971011, 44.450584 ], [ 8.970997, 44.450622 ], [ 8.971008, 44.450637 ], [ 8.971204, 44.45073 ], [ 8.97184, 44.450897 ] ] } },
{ "type": "Feature", "properties": { "osm_id": 552902863, "highway": "service", "surface": "", "name": "Via Piacenza", "paved": false }, "geometry": { "type": "LineString", "coordinates": [ [ 8.971879, 44.450149 ], [ 8.972115, 44.450671 ], [ 8.972171, 44.450714 ], [ 8.972253, 44.450755 ], [ 8.972312, 44.450771 ], [ 8.972361, 44.450774 ], [ 8.972382, 44.450769 ], [ 8.972396, 44.45076 ], [ 8.97241, 44.450738 ], [ 8.972366, 44.450569 ], [ 8.972368, 44.450558 ], [ 8.972374, 44.450547 ], [ 8.972457, 44.4505 ] ] } },
{ "type": "Feature", "properties": { "osm_id": 556534401, "highway": "secondary", "surface": "asphalt", "name": "Via Piacenza", "paved": true }, "geometry": { "type": "LineString", "coordinates": [ [ 8.971359, 44.449156 ], [ 8.97129, 44.449123 ] ] } },
{ "type": "Feature", "properties": { "osm_id": 556534404, "highway": "secondary", "surface": "asphalt", "name": "Via Emilia", "paved": true }, "geometry": { "type": "LineString", "coordinates": [ [ 8.97169, 44.4488 ], [ 8.97249, 44.449477 ], [ 8.972755, 44.449689 ] ] } },
{ "type": "Feature", "properties": { "osm_id": 556534405, "highway": "secondary", "surface": "asphalt", "name": "Via Emilia", "paved": true }, "geometry": { "type": "LineString", "coordinates": [ [ 8.97159, 44.448712 ], [ 8.97169, 44.4488 ] ] } },
{ "type": "Feature", "properties": { "osm_id": 556534416, "highway": "secondary", "surface": "asphalt", "name": "Via Piacenza", "paved": true }, "geometry": { "type": "LineString", "coordinates": [ [ 8.972152, 44.449937 ], [ 8.972045, 44.449695 ], [ 8.972012, 44.449629 ], [ 8.971972, 44.449567 ], [ 8.971779, 44.449384 ], [ 8.971359, 44.449156 ] ] } },
{ "type": "Feature", "properties": { "osm_id": 556534417, "highway": "residential", "surface": "", "name": "Via Giulia de Vincenzi", "paved": true }, "geometry": { "type": "LineString", "coordinates": [ [ 8.971724, 44.451363 ], [ 8.971729, 44.451329 ], [ 8.97172, 44.451288 ], [ 8.971687, 44.451261 ], [ 8.97163, 44.451235 ], [ 8.971142, 44.451093 ], [ 8.970906, 44.451006 ] ] } },
{ "type": "Feature", "properties": { "osm_id": 566357920, "highway": "primary", "surface": "asphalt", "name": "Strada statale 225 della Fontanabuona", "paved": true }, "geometry": { "type": "LineString", "coordinates": [ [ 9.153214, 44.439681 ], [ 9.153156, 44.439636 ], [ 9.152982, 44.439526 ], [ 9.152817, 44.439462 ], [ 9.152687, 44.43943 ], [ 9.152584, 44.439421 ], [ 9.152444, 44.439426 ], [ 9.152311, 44.439443 ] ] } },
{ "type": "Feature", "properties": { "osm_id": 566357927, "highway": "service", "surface": "", "name": "", "paved": false }, "geometry": { "type": "LineString", "coordinates": [ [ 9.154636, 44.438963 ], [ 9.154624, 44.439066 ], [ 9.154604, 44.439144 ], [ 9.154644, 44.439163 ] ] } },
{ "type": "Feature", "properties": { "osm_id": 586335310, "highway": "residential", "surface": "", "name": "", "paved": true }, "geometry": { "type": "LineString", "coordinates": [ [ 9.199255, 44.424545 ], [ 9.199348, 44.424556 ], [ 9.199611, 44.42453 ], [ 9.199812, 44.424495 ], [ 9.199899, 44.424467 ], [ 9.199949, 44.424436 ], [ 9.199978, 44.424406 ], [ 9.200024, 44.424386 ], [ 9.200079, 44.424377 ] ] } },
{ "type": "Feature", "properties": { "osm_id": 587738309, "highway": "tertiary", "surface": "", "name": "Via Giovanni Cevasco", "paved": true }, "geometry": { "type": "LineString", "coordinates": [ [ 9.085882, 44.440403 ], [ 9.085814, 44.440343 ], [ 9.085581, 44.440284 ] ] } },
{ "type": "Feature", "properties": { "osm_id": 587738310, "highway": "tertiary", "surface": "", "name": "Via Giovanni Cevasco", "paved": true }, "geometry": { "type": "LineString", "coordinates": [ [ 9.085702, 44.441015 ], [ 9.085729, 44.440972 ], [ 9.085888, 44.44048 ], [ 9.085882, 44.440403 ] ] } },
{ "type": "Feature", "properties": { "osm_id": 587738311, "highway": "primary", "surface": "asphalt", "name": "Strada Statale di Val Trebbia", "paved": true }, "geometry": { "type": "LineString", "coordinates": [ [ 9.08559, 44.440982 ], [ 9.084143, 44.440567 ] ] } },
{ "type": "Feature", "properties": { "osm_id": 587738312, "highway": "primary", "surface": "asphalt", "name": "Strada Statale di Val Trebbia", "paved": true }, "geometry": { "type": "LineString", "coordinates": [ [ 9.08618, 44.441288 ], [ 9.085896, 44.441105 ], [ 9.085702, 44.441015 ] ] } },
{ "type": "Feature", "properties": { "osm_id": 601384336, "highway": "footway", "surface": "asphalt", "name": "", "paved": true }, "geometry": { "type": "LineString", "coordinates": [ [ 8.975603, 44.4534 ], [ 8.975683, 44.453406 ] ] } },
{ "type": "Feature", "properties": { "osm_id": 601384337, "highway": "steps", "surface": "", "name": "", "paved": false }, "geometry": { "type": "LineString", "coordinates": [ [ 8.974075, 44.451652 ], [ 8.974134, 44.451741 ] ] } },
{ "type": "Feature", "properties": { "osm_id": 601384339, "highway": "footway", "surface": "", "name": "", "paved": false }, "geometry": { "type": "LineString", "coordinates": [ [ 8.974877, 44.451752 ], [ 8.97482, 44.451805 ] ] } },
{ "type": "Feature", "properties": { "osm_id": 601384340, "highway": "footway", "surface": "asphalt", "name": "", "paved": true }, "geometry": { "type": "LineString", "coordinates": [ [ 8.978658, 44.453181 ], [ 8.978631, 44.453171 ] ] } },
{ "type": "Feature", "properties": { "osm_id": 601384341, "highway": "footway", "surface": "asphalt", "name": "", "paved": true }, "geometry": { "type": "LineString", "coordinates": [ [ 8.978693, 44.453127 ], [ 8.978707, 44.453133 ] ] } },
{ "type": "Feature", "properties": { "osm_id": 601384342, "highway": "footway", "surface": "concrete", "name": "", "paved": true }, "geometry": { "type": "LineString", "coordinates": [ [ 8.980149, 44.453576 ], [ 8.980137, 44.453573 ] ] } },
{ "type": "Feature", "properties": { "osm_id": 601384343, "highway": "footway", "surface": "concrete", "name": "", "paved": true }, "geometry": { "type": "LineString", "coordinates": [ [ 8.980182, 44.453494 ], [ 8.980196, 44.453495 ] ] } },
{ "type": "Feature", "properties": { "osm_id": 601384344, "highway": "footway", "surface": "concrete", "name": "", "paved": true }, "geometry": { "type": "LineString", "coordinates": [ [ 8.978707, 44.453133 ], [ 8.979164, 44.453277 ], [ 8.979571, 44.453415 ], [ 8.979785, 44.453464 ], [ 8.980182, 44.453494 ] ] } },
{ "type": "Feature", "properties": { "osm_id": 601384345, "highway": "footway", "surface": "asphalt", "name": "", "paved": true }, "geometry": { "type": "LineString", "coordinates": [ [ 8.980137, 44.453573 ], [ 8.979679, 44.453519 ], [ 8.97956, 44.453487 ], [ 8.978942, 44.453284 ], [ 8.978658, 44.453181 ] ] } },
{ "type": "Feature", "properties": { "osm_id": 617855424, "highway": "residential", "surface": "asphalt", "name": "Via Elia Bernardini", "paved": true }, "geometry": { "type": "LineString", "coordinates": [ [ 8.977365, 44.453585 ], [ 8.977338, 44.453635 ], [ 8.977337, 44.453705 ], [ 8.977371, 44.453862 ], [ 8.977426, 44.453995 ] ] } },
{ "type": "Feature", "properties": { "osm_id": 626179813, "highway": "path", "surface": "", "name": "Costa-Ferrada chiuso no bici", "paved": false }, "geometry": { "type": "LineString", "coordinates": [ [ 9.20838, 44.427867 ], [ 9.208365, 44.427755 ], [ 9.208383, 44.427657 ], [ 9.208521, 44.427581 ], [ 9.208584, 44.427502 ], [ 9.208623, 44.427422 ], [ 9.208634, 44.42725 ], [ 9.208669, 44.427181 ], [ 9.208719, 44.427159 ], [ 9.208782, 44.427143 ], [ 9.208935, 44.427128 ], [ 9.20902, 44.426967 ], [ 9.208963, 44.42686 ], [ 9.209023, 44.426787 ], [ 9.209066, 44.426719 ], [ 9.209186, 44.426598 ], [ 9.209299, 44.426545 ], [ 9.209356, 44.42639 ], [ 9.209473, 44.426309 ], [ 9.209596, 44.42617 ], [ 9.209692, 44.426021 ], [ 9.20972, 44.425925 ], [ 9.209724, 44.425859 ], [ 9.209713, 44.425733 ], [ 9.209734, 44.42568 ], [ 9.209781, 44.425597 ], [ 9.209763, 44.425498 ], [ 9.209827, 44.425437 ], [ 9.209897, 44.425379 ], [ 9.210138, 44.425218 ], [ 9.210283, 44.425165 ], [ 9.210382, 44.425104 ], [ 9.21041, 44.425019 ], [ 9.210329, 44.424909 ], [ 9.210265, 44.424793 ], [ 9.210223, 44.424694 ], [ 9.210198, 44.424578 ], [ 9.21017, 44.42449 ], [ 9.210099, 44.424383 ], [ 9.210007, 44.4243 ], [ 9.209883, 44.424161 ], [ 9.209444, 44.423638 ], [ 9.209285, 44.423484 ], [ 9.208995, 44.423319 ], [ 9.20875, 44.423332 ], [ 9.208563, 44.423203 ], [ 9.208439, 44.423165 ], [ 9.208411, 44.42313 ], [ 9.208283, 44.423084 ], [ 9.208181, 44.423039 ], [ 9.208007, 44.423006 ], [ 9.207558, 44.422986 ], [ 9.207367, 44.422968 ], [ 9.207006, 44.422947 ] ] } },
{ "type": "Feature", "properties": { "osm_id": 637158204, "highway": "service", "surface": "", "name": "", "paved": false }, "geometry": { "type": "LineString", "coordinates": [ [ 8.973717, 44.45047 ], [ 8.973645, 44.450531 ], [ 8.973518, 44.450657 ], [ 8.97361, 44.450737 ] ] } },
{ "type": "Feature", "properties": { "osm_id": 637158205, "highway": "service", "surface": "", "name": "", "paved": false }, "geometry": { "type": "LineString", "coordinates": [ [ 8.973528, 44.45031 ], [ 8.973324, 44.450503 ] ] } },
{ "type": "Feature", "properties": { "osm_id": 679473237, "highway": "service", "surface": "asphalt", "name": "", "paved": true }, "geometry": { "type": "LineString", "coordinates": [ [ 8.972649, 44.448471 ], [ 8.973295, 44.448071 ], [ 8.973522, 44.448035 ], [ 8.973668, 44.448114 ], [ 8.974189, 44.448554 ], [ 8.974191, 44.448618 ], [ 8.974169, 44.448663 ] ] } },
{ "type": "Feature", "properties": { "osm_id": 679473238, "highway": "service", "surface": "", "name": "", "paved": false }, "geometry": { "type": "LineString", "coordinates": [ [ 8.973423, 44.449115 ], [ 8.974101, 44.448666 ], [ 8.974169, 44.448663 ], [ 8.9743, 44.448717 ], [ 8.975329, 44.449506 ], [ 8.975406, 44.449518 ], [ 8.975487, 44.449486 ], [ 8.975669, 44.449385 ], [ 8.975757, 44.449318 ], [ 8.97584, 44.44918 ], [ 8.975935, 44.448819 ], [ 8.975938, 44.448585 ], [ 8.975751, 44.448395 ], [ 8.975748, 44.448326 ], [ 8.975965, 44.448051 ], [ 8.975953, 44.447955 ] ] } },
{ "type": "Feature", "properties": { "osm_id": 679473239, "highway": "service", "surface": "", "name": "", "paved": false }, "geometry": { "type": "LineString", "coordinates": [ [ 8.975336, 44.447446 ], [ 8.975231, 44.447343 ], [ 8.975141, 44.447298 ], [ 8.97495, 44.447252 ], [ 8.974848, 44.44725 ], [ 8.974602, 44.447319 ], [ 8.974427, 44.447407 ], [ 8.974164, 44.447576 ], [ 8.974049, 44.447728 ], [ 8.973893, 44.447901 ], [ 8.973823, 44.447954 ], [ 8.973522, 44.448035 ] ] } },
{ "type": "Feature", "properties": { "osm_id": 679473240, "highway": "service", "surface": "", "name": "", "paved": false }, "geometry": { "type": "LineString", "coordinates": [ [ 8.975953, 44.447955 ], [ 8.975336, 44.447446 ] ] } },
{ "type": "Feature", "properties": { "osm_id": 679473241, "highway": "service", "surface": "", "name": "", "paved": false }, "geometry": { "type": "LineString", "coordinates": [ [ 8.975336, 44.447446 ], [ 8.974903, 44.447706 ] ] } },
{ "type": "Feature", "properties": { "osm_id": 679473242, "highway": "service", "surface": "", "name": "", "paved": false }, "geometry": { "type": "LineString", "coordinates": [ [ 8.977188, 44.451744 ], [ 8.977332, 44.451607 ], [ 8.977621, 44.451427 ] ] } },
{ "type": "Feature", "properties": { "osm_id": 682850067, "highway": "service", "surface": "", "name": "", "paved": false }, "geometry": { "type": "LineString", "coordinates": [ [ 8.977621, 44.451427 ], [ 8.977782, 44.451357 ], [ 8.977906, 44.451359 ], [ 8.978098, 44.451393 ], [ 8.978586, 44.45168 ] ] } },
{ "type": "Feature", "properties": { "osm_id": 690518361, "highway": "path", "surface": "", "name": "", "paved": false }, "geometry": { "type": "LineString", "coordinates": [ [ 9.187328, 44.431905 ], [ 9.187266, 44.431926 ], [ 9.18723, 44.431959 ], [ 9.187221, 44.432004 ], [ 9.187228, 44.432064 ], [ 9.187213, 44.432096 ], [ 9.187209, 44.432125 ], [ 9.187223, 44.432159 ], [ 9.187231, 44.432219 ], [ 9.187236, 44.432283 ], [ 9.187224, 44.432312 ], [ 9.187159, 44.432314 ], [ 9.187103, 44.432283 ], [ 9.187067, 44.432276 ], [ 9.187023, 44.432279 ], [ 9.187001, 44.432273 ] ] } },
{ "type": "Feature", "properties": { "osm_id": 690518363, "highway": "track", "surface": "", "name": "", "paved": false }, "geometry": { "type": "LineString", "coordinates": [ [ 9.187053, 44.431732 ], [ 9.186872, 44.431625 ], [ 9.186825, 44.431588 ], [ 9.186802, 44.431546 ], [ 9.186832, 44.431509 ], [ 9.186837, 44.43148 ], [ 9.186812, 44.431456 ], [ 9.186597, 44.431337 ], [ 9.186525, 44.431306 ], [ 9.18648, 44.431303 ], [ 9.186412, 44.431321 ], [ 9.186378, 44.431346 ], [ 9.186334, 44.431398 ], [ 9.186314, 44.43145 ], [ 9.186319, 44.43151 ], [ 9.186398, 44.431609 ], [ 9.186469, 44.431674 ], [ 9.186553, 44.431796 ], [ 9.186646, 44.431912 ], [ 9.18668, 44.431964 ], [ 9.18694, 44.43215 ], [ 9.186991, 44.432224 ], [ 9.187001, 44.432273 ], [ 9.186886, 44.432244 ], [ 9.18674, 44.432179 ], [ 9.186621, 44.432143 ], [ 9.186555, 44.432132 ], [ 9.186324, 44.432165 ], [ 9.186013, 44.432195 ] ] } },
{ "type": "Feature", "properties": { "osm_id": 732154120, "highway": "tertiary", "surface": "", "name": "Via Salvador Allende", "paved": true }, "geometry": { "type": "LineString", "coordinates": [ [ 8.975541, 44.453071 ], [ 8.975626, 44.453258 ], [ 8.975646, 44.453403 ], [ 8.97564, 44.453446 ], [ 8.975531, 44.453822 ], [ 8.975449, 44.453973 ], [ 8.975357, 44.45407 ], [ 8.975274, 44.454141 ] ] } },
{ "type": "Feature", "properties": { "osm_id": 738935659, "highway": "steps", "surface": "paving_stones", "name": "", "paved": true }, "geometry": { "type": "LineString", "coordinates": [ [ 9.033725, 44.450989 ], [ 9.033822, 44.450991 ], [ 9.033855, 44.451113 ], [ 9.033861, 44.451123 ], [ 9.033869, 44.451127 ], [ 9.033879, 44.451125 ], [ 9.033868, 44.451098 ], [ 9.033893, 44.451027 ], [ 9.033901, 44.450926 ], [ 9.033946, 44.450926 ], [ 9.033995, 44.451025 ] ] } },
{ "type": "Feature", "properties": { "osm_id": 802530209, "highway": "trunk", "surface": "asphalt", "name": "Strada statale 225 della Fontanabuona", "paved": true }, "geometry": { "type": "LineString", "coordinates": [ [ 9.117726, 44.434413 ], [ 9.117544, 44.434386 ], [ 9.117307, 44.434361 ], [ 9.11709, 44.434352 ], [ 9.116901, 44.434352 ], [ 9.1167, 44.434358 ], [ 9.116495, 44.43438 ], [ 9.116288, 44.434415 ], [ 9.115908, 44.434514 ] ] } },
{ "type": "Feature", "properties": { "osm_id": 812934828, "highway": "service", "surface": "", "name": "", "paved": false }, "geometry": { "type": "LineString", "coordinates": [ [ 9.024831, 44.460216 ], [ 9.02458, 44.460407 ] ] } },
{ "type": "Feature", "properties": { "osm_id": 819361057, "highway": "tertiary", "surface": "asphalt", "name": "Via Emilio Giacomazzi", "paved": true }, "geometry": { "type": "LineString", "coordinates": [ [ 9.105314, 44.442282 ], [ 9.105305, 44.442257 ], [ 9.1053, 44.442197 ], [ 9.105447, 44.441807 ], [ 9.105512, 44.441662 ], [ 9.105514, 44.441514 ], [ 9.105474, 44.44125 ], [ 9.105512, 44.441102 ], [ 9.106187, 44.440152 ], [ 9.106212, 44.440073 ], [ 9.106214, 44.439987 ], [ 9.106184, 44.439853 ], [ 9.10617, 44.439813 ], [ 9.10595, 44.43947 ], [ 9.105762, 44.439191 ], [ 9.105671, 44.439117 ], [ 9.105403, 44.439005 ], [ 9.105379, 44.43899 ], [ 9.105307, 44.438902 ], [ 9.105306, 44.438763 ], [ 9.105361, 44.438612 ], [ 9.105577, 44.438363 ], [ 9.105597, 44.438256 ], [ 9.105552, 44.438008 ], [ 9.105544, 44.437884 ], [ 9.105548, 44.437545 ], [ 9.105512, 44.437427 ], [ 9.105282, 44.437161 ], [ 9.105176, 44.437022 ], [ 9.105059, 44.436789 ], [ 9.104988, 44.436551 ], [ 9.104822, 44.435948 ], [ 9.104825, 44.435595 ] ] } },
{ "type": "Feature", "properties": { "osm_id": 819370863, "highway": "tertiary", "surface": "asphalt", "name": "", "paved": true }, "geometry": { "type": "LineString", "coordinates": [ [ 9.124852, 44.437944 ], [ 9.125113, 44.438111 ], [ 9.125671, 44.438308 ], [ 9.126062, 44.438475 ], [ 9.126247, 44.438513 ], [ 9.126446, 44.438513 ], [ 9.127263, 44.438469 ], [ 9.12812, 44.438346 ], [ 9.128395, 44.438336 ], [ 9.128621, 44.438352 ], [ 9.128815, 44.438403 ], [ 9.129034, 44.438403 ], [ 9.129479, 44.43839 ], [ 9.129641, 44.438398 ], [ 9.129777, 44.438414 ], [ 9.129835, 44.43841 ], [ 9.130076, 44.43834 ], [ 9.130217, 44.438358 ], [ 9.130667, 44.438496 ], [ 9.130811, 44.438601 ], [ 9.130952, 44.438809 ], [ 9.131067, 44.439098 ], [ 9.131095, 44.439249 ], [ 9.131153, 44.439312 ], [ 9.131265, 44.439339 ], [ 9.131654, 44.439383 ], [ 9.131773, 44.439427 ], [ 9.13193, 44.439522 ], [ 9.132014, 44.439555 ], [ 9.132521, 44.439578 ], [ 9.13276, 44.43958 ], [ 9.132963, 44.439571 ], [ 9.133144, 44.439605 ], [ 9.133429, 44.439744 ], [ 9.133667, 44.439961 ], [ 9.133806, 44.440036 ], [ 9.134047, 44.440097 ], [ 9.134292, 44.440226 ], [ 9.134488, 44.440351 ], [ 9.135156, 44.440586 ] ] } },
{ "type": "Feature", "properties": { "osm_id": 827916192, "highway": "service", "surface": "", "name": "", "paved": false }, "geometry": { "type": "LineString", "coordinates": [ [ 9.083778, 44.438375 ], [ 9.083769, 44.438336 ], [ 9.083795, 44.438172 ], [ 9.083811, 44.438145 ] ] } },
{ "type": "Feature", "properties": { "osm_id": 827916203, "highway": "service", "surface": "", "name": "", "paved": false }, "geometry": { "type": "LineString", "coordinates": [ [ 9.091433, 44.436978 ], [ 9.091454, 44.437038 ], [ 9.091513, 44.437139 ], [ 9.091561, 44.437327 ], [ 9.091578, 44.437362 ], [ 9.091624, 44.437386 ], [ 9.091666, 44.437379 ], [ 9.091702, 44.437351 ], [ 9.091717, 44.437329 ], [ 9.091727, 44.437188 ], [ 9.091751, 44.437134 ] ] } },
{ "type": "Feature", "properties": { "osm_id": 912871598, "highway": "path", "surface": "unpaved", "name": "Via Emilio Giacomazzi", "paved": false }, "geometry": { "type": "LineString", "coordinates": [ [ 9.105787, 44.442238 ], [ 9.105791, 44.442213 ], [ 9.105832, 44.442103 ], [ 9.105851, 44.442 ], [ 9.10588, 44.441895 ], [ 9.105963, 44.441657 ], [ 9.106014, 44.441551 ], [ 9.106039, 44.44133 ], [ 9.106095, 44.441198 ], [ 9.106125, 44.441105 ], [ 9.106156, 44.440979 ], [ 9.10621, 44.440906 ], [ 9.106251, 44.440827 ], [ 9.106386, 44.440619 ], [ 9.106571, 44.4404 ], [ 9.106651, 44.440345 ], [ 9.106679, 44.440272 ], [ 9.106649, 44.44021 ], [ 9.106566, 44.440105 ], [ 9.10655, 44.440044 ], [ 9.106586, 44.439972 ], [ 9.106644, 44.439908 ], [ 9.106667, 44.43986 ], [ 9.106653, 44.439814 ], [ 9.106602, 44.439762 ], [ 9.106534, 44.439706 ], [ 9.106481, 44.439669 ], [ 9.106444, 44.439631 ], [ 9.106432, 44.439593 ], [ 9.106439, 44.43955 ], [ 9.106428, 44.439421 ], [ 9.106384, 44.439371 ], [ 9.106318, 44.439314 ], [ 9.106258, 44.43923 ], [ 9.106108, 44.439047 ], [ 9.106041, 44.438955 ], [ 9.105878, 44.438781 ], [ 9.105842, 44.438735 ], [ 9.105818, 44.438552 ], [ 9.10591, 44.438383 ], [ 9.105923, 44.438317 ], [ 9.105903, 44.438237 ], [ 9.10584, 44.438046 ], [ 9.105801, 44.437839 ], [ 9.105799, 44.437743 ], [ 9.105843, 44.437533 ], [ 9.105854, 44.437453 ], [ 9.105821, 44.437374 ], [ 9.105785, 44.437308 ], [ 9.105719, 44.437128 ] ] } },
{ "type": "Feature", "properties": { "osm_id": 923613392, "highway": "residential", "surface": "asphalt", "name": "Via Elia Bernardini", "paved": true }, "geometry": { "type": "LineString", "coordinates": [ [ 8.977494, 44.453369 ], [ 8.977365, 44.453585 ] ] } },
{ "type": "Feature", "properties": { "osm_id": 934074428, "highway": "path", "surface": "dirt", "name": "Via Crucis", "paved": false }, "geometry": { "type": "LineString", "coordinates": [ [ 8.983232, 44.446376 ], [ 8.983279, 44.446403 ], [ 8.983316, 44.446416 ], [ 8.983427, 44.446517 ], [ 8.983701, 44.446663 ], [ 8.983903, 44.446747 ], [ 8.984287, 44.446795 ], [ 8.984884, 44.446778 ], [ 8.985081, 44.44704 ], [ 8.985311, 44.44759 ] ] } },
{ "type": "Feature", "properties": { "osm_id": 937725843, "highway": "secondary", "surface": "asphalt", "name": "Strada Provinciale di Neirone", "paved": true }, "geometry": { "type": "LineString", "coordinates": [ [ 9.182758, 44.429927 ], [ 9.18303, 44.430173 ], [ 9.183253, 44.430366 ], [ 9.18336, 44.430421 ], [ 9.183475, 44.430468 ], [ 9.183594, 44.430506 ], [ 9.183746, 44.430537 ], [ 9.184118, 44.430557 ], [ 9.184219, 44.430581 ], [ 9.18429, 44.430614 ], [ 9.184337, 44.430647 ], [ 9.184375, 44.430687 ], [ 9.184411, 44.430762 ], [ 9.18452, 44.431098 ], [ 9.184528, 44.431199 ], [ 9.184514, 44.431316 ], [ 9.184432, 44.431538 ], [ 9.18442, 44.431587 ], [ 9.184415, 44.431638 ], [ 9.184435, 44.431688 ], [ 9.18447, 44.431717 ], [ 9.18453, 44.431738 ] ] } },
{ "type": "Feature", "properties": { "osm_id": 937725844, "highway": "path", "surface": "", "name": "", "paved": false }, "geometry": { "type": "LineString", "coordinates": [ [ 9.185237, 44.431755 ], [ 9.185349, 44.431722 ] ] } },
{ "type": "Feature", "properties": { "osm_id": 937725845, "highway": "path", "surface": "", "name": "", "paved": false }, "geometry": { "type": "LineString", "coordinates": [ [ 9.185947, 44.432404 ], [ 9.185979, 44.432368 ], [ 9.185947, 44.432253 ], [ 9.18598, 44.432159 ] ] } },
{ "type": "Feature", "properties": { "osm_id": 964840835, "highway": "unclassified", "surface": "", "name": "Via Bandie", "paved": false }, "geometry": { "type": "LineString", "coordinates": [ [ 9.203723, 44.429808 ], [ 9.203589, 44.42975 ], [ 9.203332, 44.429668 ], [ 9.203137, 44.429635 ], [ 9.203074, 44.429634 ], [ 9.203011, 44.429639 ], [ 9.202945, 44.429663 ], [ 9.202444, 44.429961 ] ] } },
{ "type": "Feature", "properties": { "osm_id": 964840837, "highway": "unclassified", "surface": "", "name": "", "paved": false }, "geometry": { "type": "LineString", "coordinates": [ [ 9.202444, 44.429961 ], [ 9.201959, 44.430101 ], [ 9.201524, 44.430176 ], [ 9.201267, 44.430213 ], [ 9.201197, 44.430217 ], [ 9.201118, 44.430207 ], [ 9.201056, 44.43019 ], [ 9.200652, 44.429987 ], [ 9.200592, 44.429967 ], [ 9.200529, 44.429955 ], [ 9.200455, 44.429953 ], [ 9.200392, 44.429972 ], [ 9.200348, 44.429996 ], [ 9.200239, 44.430132 ], [ 9.200106, 44.430275 ], [ 9.199868, 44.430569 ], [ 9.199836, 44.430629 ], [ 9.199817, 44.430694 ], [ 9.199802, 44.430875 ], [ 9.199735, 44.43111 ] ] } },
{ "type": "Feature", "properties": { "osm_id": 964846583, "highway": "secondary", "surface": "", "name": "Strada Provinciale di Neirone", "paved": true }, "geometry": { "type": "LineString", "coordinates": [ [ 9.185464, 44.430669 ], [ 9.185516, 44.430669 ], [ 9.185557, 44.430686 ], [ 9.185588, 44.430722 ], [ 9.185604, 44.43076 ], [ 9.185637, 44.431006 ], [ 9.185619, 44.431348 ], [ 9.185595, 44.431432 ], [ 9.185546, 44.431512 ], [ 9.185349, 44.431722 ], [ 9.185336, 44.43176 ], [ 9.185343, 44.431807 ], [ 9.185364, 44.431838 ], [ 9.185432, 44.431879 ], [ 9.185943, 44.432132 ], [ 9.18598, 44.432159 ], [ 9.186013, 44.432195 ], [ 9.186293, 44.432692 ], [ 9.18633, 44.43278 ], [ 9.186349, 44.432861 ], [ 9.186452, 44.433459 ] ] } },
{ "type": "Feature", "properties": { "osm_id": 964846584, "highway": "secondary", "surface": "", "name": "Strada Provinciale di Neirone", "paved": true }, "geometry": { "type": "LineString", "coordinates": [ [ 9.186452, 44.433459 ], [ 9.186467, 44.433543 ] ] } },
{ "type": "Feature", "properties": { "osm_id": 964846585, "highway": "secondary", "surface": "", "name": "Strada Provinciale di Neirone", "paved": true }, "geometry": { "type": "LineString", "coordinates": [ [ 9.186467, 44.433543 ], [ 9.186466, 44.433592 ], [ 9.186458, 44.433653 ], [ 9.186415, 44.433714 ], [ 9.186356, 44.433769 ], [ 9.186125, 44.433956 ], [ 9.18609, 44.43401 ], [ 9.186072, 44.434075 ], [ 9.186077, 44.434199 ], [ 9.186108, 44.434334 ], [ 9.186361, 44.434801 ], [ 9.186365, 44.434889 ], [ 9.186314, 44.435178 ], [ 9.18629, 44.435416 ] ] } },
{ "type": "Feature", "properties": { "osm_id": 964859627, "highway": "residential", "surface": "asphalt", "name": "", "paved": true }, "geometry": { "type": "LineString", "coordinates": [ [ 9.170987, 44.438994 ], [ 9.171236, 44.439067 ], [ 9.171366, 44.439091 ], [ 9.171879, 44.439054 ] ] } },
{ "type": "Feature", "properties": { "osm_id": 964859628, "highway": "residential", "surface": "", "name": "", "paved": true }, "geometry": { "type": "LineString", "coordinates": [ [ 9.17203, 44.439039 ], [ 9.17214, 44.439009 ] ] } },
{ "type": "Feature", "properties": { "osm_id": 964859633, "highway": "residential", "surface": "", "name": "", "paved": true }, "geometry": { "type": "LineString", "coordinates": [ [ 9.17214, 44.439009 ], [ 9.172257, 44.438933 ], [ 9.172306, 44.438834 ], [ 9.172388, 44.438731 ], [ 9.172838, 44.438526 ], [ 9.173956, 44.438418 ], [ 9.17435, 44.438498 ], [ 9.174453, 44.438506 ] ] } },
{ "type": "Feature", "properties": { "osm_id": 966150766, "highway": "service", "surface": "", "name": "", "paved": false }, "geometry": { "type": "LineString", "coordinates": [ [ 8.990249, 44.452612 ], [ 8.990274, 44.452537 ], [ 8.990711, 44.452271 ], [ 8.991073, 44.451995 ], [ 8.991282, 44.451804 ], [ 8.991414, 44.451784 ] ] } },
{ "type": "Feature", "properties": { "osm_id": 969684759, "highway": "path", "surface": "", "name": "", "paved": false }, "geometry": { "type": "LineString", "coordinates": [ [ 9.187328, 44.431905 ], [ 9.187221, 44.431857 ], [ 9.187053, 44.431732 ] ] } },
{ "type": "Feature", "properties": { "osm_id": 997104562, "highway": "steps", "surface": "", "name": "", "paved": false }, "geometry": { "type": "LineString", "coordinates": [ [ 9.18429, 44.430614 ], [ 9.184337, 44.430586 ], [ 9.184411, 44.430564 ], [ 9.184579, 44.430537 ], [ 9.184865, 44.430481 ], [ 9.184951, 44.430449 ], [ 9.185045, 44.430432 ] ] } },
{ "type": "Feature", "properties": { "osm_id": 997104563, "highway": "footway", "surface": "paved", "name": "", "paved": true }, "geometry": { "type": "LineString", "coordinates": [ [ 9.184411, 44.430762 ], [ 9.184465, 44.430758 ], [ 9.184472, 44.430805 ], [ 9.184491, 44.430812 ], [ 9.184504, 44.430808 ], [ 9.184515, 44.430796 ], [ 9.184515, 44.430622 ], [ 9.184521, 44.430609 ], [ 9.184537, 44.430606 ], [ 9.184544, 44.430615 ], [ 9.184551, 44.4307 ], [ 9.18456, 44.430714 ], [ 9.184599, 44.430718 ], [ 9.184666, 44.430651 ], [ 9.184678, 44.430647 ], [ 9.184764, 44.430726 ], [ 9.184783, 44.430739 ], [ 9.184804, 44.430742 ], [ 9.184826, 44.430735 ], [ 9.184836, 44.430719 ], [ 9.18484, 44.43068 ], [ 9.184832, 44.430662 ], [ 9.184781, 44.430595 ], [ 9.184779, 44.43058 ], [ 9.184791, 44.430577 ], [ 9.184813, 44.430581 ], [ 9.18491, 44.430647 ], [ 9.184932, 44.430644 ], [ 9.184951, 44.430636 ], [ 9.185011, 44.430592 ], [ 9.185024, 44.430571 ], [ 9.185018, 44.430556 ], [ 9.185024, 44.430536 ], [ 9.185042, 44.430526 ], [ 9.185069, 44.430525 ], [ 9.185093, 44.430541 ], [ 9.185104, 44.430556 ], [ 9.18513, 44.430568 ] ] } },
{ "type": "Feature", "properties": { "osm_id": 997104564, "highway": "residential", "surface": "", "name": "", "paved": true }, "geometry": { "type": "LineString", "coordinates": [ [ 9.185412, 44.430679 ], [ 9.185316, 44.430625 ], [ 9.185136, 44.430481 ], [ 9.185008, 44.43041 ], [ 9.185011, 44.430325 ], [ 9.184997, 44.430293 ], [ 9.184968, 44.430259 ], [ 9.184886, 44.430206 ], [ 9.184788, 44.430165 ] ] } },
{ "type": "Feature", "properties": { "osm_id": 997104565, "highway": "steps", "surface": "paved", "name": "", "paved": true }, "geometry": { "type": "LineString", "coordinates": [ [ 9.18513, 44.430568 ], [ 9.18527, 44.430657 ] ] } },
{ "type": "Feature", "properties": { "osm_id": 997104566, "highway": "footway", "surface": "paved", "name": "", "paved": true }, "geometry": { "type": "LineString", "coordinates": [ [ 9.18527, 44.430657 ], [ 9.185316, 44.430625 ] ] } },
{ "type": "Feature", "properties": { "osm_id": 997104567, "highway": "secondary", "surface": "asphalt", "name": "Strada Provinciale di Neirone", "paved": true }, "geometry": { "type": "LineString", "coordinates": [ [ 9.182709, 44.4296 ], [ 9.182692, 44.429662 ], [ 9.182688, 44.429729 ], [ 9.182701, 44.429789 ], [ 9.182758, 44.429927 ] ] } },
{ "type": "Feature", "properties": { "osm_id": 997104568, "highway": "secondary", "surface": "asphalt", "name": "Strada Provinciale di Neirone", "paved": true }, "geometry": { "type": "LineString", "coordinates": [ [ 9.182524, 44.429803 ], [ 9.182644, 44.429863 ], [ 9.182758, 44.429927 ] ] } },
{ "type": "Feature", "properties": { "osm_id": 997104569, "highway": "residential", "surface": "", "name": "Via Ravaro", "paved": true }, "geometry": { "type": "LineString", "coordinates": [ [ 9.182255, 44.429712 ], [ 9.182524, 44.429803 ] ] } },
{ "type": "Feature", "properties": { "osm_id": 997104570, "highway": "residential", "surface": "", "name": "Via Ravaro", "paved": true }, "geometry": { "type": "LineString", "coordinates": [ [ 9.182255, 44.429712 ], [ 9.18219, 44.429692 ], [ 9.182128, 44.42968 ], [ 9.181843, 44.429671 ] ] } },
{ "type": "Feature", "properties": { "osm_id": 997104571, "highway": "footway", "surface": "", "name": "", "paved": false }, "geometry": { "type": "LineString", "coordinates": [ [ 9.180929, 44.429325 ], [ 9.181082, 44.429451 ] ] } },
{ "type": "Feature", "properties": { "osm_id": 997104572, "highway": "footway", "surface": "", "name": "", "paved": false }, "geometry": { "type": "LineString", "coordinates": [ [ 9.181082, 44.429451 ], [ 9.181223, 44.429569 ] ] } },
{ "type": "Feature", "properties": { "osm_id": 997104575, "highway": "footway", "surface": "", "name": "", "paved": false }, "geometry": { "type": "LineString", "coordinates": [ [ 9.181843, 44.429671 ], [ 9.181683, 44.429707 ], [ 9.181591, 44.429711 ], [ 9.18153, 44.429733 ], [ 9.181431, 44.429711 ] ] } },
{ "type": "Feature", "properties": { "osm_id": 997138588, "highway": "service", "surface": "", "name": "", "paved": false }, "geometry": { "type": "LineString", "coordinates": [ [ 9.184295, 44.434311 ], [ 9.184339, 44.434349 ], [ 9.184402, 44.434549 ], [ 9.184398, 44.434658 ], [ 9.184288, 44.434847 ], [ 9.184286, 44.434873 ], [ 9.184378, 44.435002 ], [ 9.184434, 44.435103 ], [ 9.184464, 44.435184 ], [ 9.184477, 44.435261 ], [ 9.184464, 44.435367 ], [ 9.184436, 44.435471 ], [ 9.184429, 44.43557 ], [ 9.184393, 44.435727 ], [ 9.184425, 44.435751 ], [ 9.184507, 44.435756 ], [ 9.184665, 44.435776 ], [ 9.184777, 44.435816 ], [ 9.18482, 44.435842 ] ] } },
{ "type": "Feature", "properties": { "osm_id": 997138589, "highway": "service", "surface": "", "name": "", "paved": false }, "geometry": { "type": "LineString", "coordinates": [ [ 9.181092, 44.433037 ], [ 9.181138, 44.433047 ], [ 9.181185, 44.433076 ], [ 9.1812, 44.433116 ], [ 9.181174, 44.433246 ], [ 9.181095, 44.433317 ] ] } },
{ "type": "Feature", "properties": { "osm_id": 997138590, "highway": "track", "surface": "", "name": "", "paved": false }, "geometry": { "type": "LineString", "coordinates": [ [ 9.183224, 44.435998 ], [ 9.183279, 44.436036 ], [ 9.183397, 44.436198 ], [ 9.183419, 44.436248 ] ] } },
{ "type": "Feature", "properties": { "osm_id": 997138592, "highway": "service", "surface": "compacted", "name": "", "paved": false }, "geometry": { "type": "LineString", "coordinates": [ [ 9.179946, 44.436496 ], [ 9.179959, 44.436483 ], [ 9.179946, 44.436456 ], [ 9.179835, 44.436331 ] ] } },
{ "type": "Feature", "properties": { "osm_id": 1006796894, "highway": "footway", "surface": "", "name": "Salita Costa e Poggio", "paved": false }, "geometry": { "type": "LineString", "coordinates": [ [ 9.021638, 44.460534 ], [ 9.021596, 44.460527 ], [ 9.021565, 44.460499 ], [ 9.021465, 44.460349 ], [ 9.021387, 44.460282 ], [ 9.021196, 44.460192 ], [ 9.021132, 44.460155 ], [ 9.021078, 44.46011 ], [ 9.021042, 44.460066 ], [ 9.020988, 44.460037 ], [ 9.020952, 44.459997 ], [ 9.020836, 44.459925 ], [ 9.020641, 44.459822 ], [ 9.020495, 44.459727 ], [ 9.020252, 44.459628 ], [ 9.020038, 44.45951 ], [ 9.019988, 44.459479 ], [ 9.019892, 44.459381 ], [ 9.019808, 44.459314 ] ] } },
{ "type": "Feature", "properties": { "osm_id": 1006796896, "highway": "footway", "surface": "", "name": "", "paved": false }, "geometry": { "type": "LineString", "coordinates": [ [ 9.019418, 44.455157 ], [ 9.019366, 44.455221 ], [ 9.01933, 44.455252 ], [ 9.019171, 44.455359 ], [ 9.01883, 44.455541 ], [ 9.018695, 44.455576 ], [ 9.018671, 44.455595 ], [ 9.018669, 44.455688 ] ] } },
{ "type": "Feature", "properties": { "osm_id": 1006796897, "highway": "footway", "surface": "", "name": "", "paved": false }, "geometry": { "type": "LineString", "coordinates": [ [ 9.019515, 44.4551 ], [ 9.019547, 44.455123 ], [ 9.019565, 44.455146 ], [ 9.019614, 44.455213 ], [ 9.019647, 44.455272 ], [ 9.019702, 44.455318 ], [ 9.019711, 44.455334 ], [ 9.019715, 44.455362 ] ] } },
{ "type": "Feature", "properties": { "osm_id": 1007174586, "highway": "footway", "surface": "", "name": "Salita Maggiolo di Struppa", "paved": false }, "geometry": { "type": "LineString", "coordinates": [ [ 9.026289, 44.459353 ], [ 9.026264, 44.459386 ], [ 9.026272, 44.459442 ], [ 9.026338, 44.459553 ], [ 9.02647, 44.459725 ] ] } },
{ "type": "Feature", "properties": { "osm_id": 1007174587, "highway": "footway", "surface": "", "name": "", "paved": false }, "geometry": { "type": "LineString", "coordinates": [ [ 9.026851, 44.458212 ], [ 9.026823, 44.458269 ], [ 9.026787, 44.458294 ], [ 9.026507, 44.458327 ] ] } },
{ "type": "Feature", "properties": { "osm_id": 1007174588, "highway": "residential", "surface": "", "name": "", "paved": true }, "geometry": { "type": "LineString", "coordinates": [ [ 9.026903, 44.458074 ], [ 9.026666, 44.458147 ] ] } },
{ "type": "Feature", "properties": { "osm_id": 1007176524, "highway": "unclassified", "surface": "asphalt", "name": "Via Giovanni Trossarelli", "paved": true }, "geometry": { "type": "LineString", "coordinates": [ [ 9.021473, 44.455792 ], [ 9.021587, 44.455875 ], [ 9.021943, 44.456096 ], [ 9.022395, 44.456342 ], [ 9.022683, 44.456512 ], [ 9.022799, 44.456566 ], [ 9.022999, 44.456633 ], [ 9.02328, 44.456719 ], [ 9.023709, 44.456871 ], [ 9.023877, 44.4569 ], [ 9.023937, 44.456916 ], [ 9.023965, 44.456929 ], [ 9.024002, 44.456963 ], [ 9.02402, 44.457008 ], [ 9.024018, 44.457034 ], [ 9.023995, 44.457079 ], [ 9.023936, 44.457119 ], [ 9.023901, 44.457132 ], [ 9.023861, 44.457136 ], [ 9.023823, 44.457135 ], [ 9.023761, 44.457122 ], [ 9.023696, 44.457082 ], [ 9.023658, 44.457048 ], [ 9.023624, 44.457035 ], [ 9.023552, 44.457023 ], [ 9.023511, 44.457022 ], [ 9.023469, 44.457028 ], [ 9.023349, 44.457081 ], [ 9.023282, 44.457122 ], [ 9.023225, 44.457167 ], [ 9.023133, 44.457227 ], [ 9.023049, 44.457265 ], [ 9.022956, 44.457292 ], [ 9.022869, 44.457311 ], [ 9.02272, 44.457335 ], [ 9.022562, 44.457355 ], [ 9.022396, 44.45737 ], [ 9.022224, 44.457368 ], [ 9.022035, 44.457338 ], [ 9.021571, 44.457135 ], [ 9.021461, 44.457075 ], [ 9.021394, 44.45701 ], [ 9.021297, 44.456878 ], [ 9.021182, 44.456748 ], [ 9.021003, 44.456529 ], [ 9.020945, 44.456484 ] ] } },
{ "type": "Feature", "properties": { "osm_id": 1007176525, "highway": "footway", "surface": "", "name": "Salita Cappelletta di Santa Maria Maddalena", "paved": false }, "geometry": { "type": "LineString", "coordinates": [ [ 9.020826, 44.456491 ], [ 9.020844, 44.456545 ], [ 9.020933, 44.456693 ], [ 9.020938, 44.456726 ], [ 9.020846, 44.456852 ] ] } },
{ "type": "Feature", "properties": { "osm_id": 1007176526, "highway": "footway", "surface": "", "name": "Salita Cappelletta di Santa Maria Maddalena", "paved": false }, "geometry": { "type": "LineString", "coordinates": [ [ 9.020817, 44.456404 ], [ 9.020826, 44.456491 ] ] } },
{ "type": "Feature", "properties": { "osm_id": 1007182535, "highway": "footway", "surface": "brick", "name": "Salita San Cosimo di Struppa", "paved": false }, "geometry": { "type": "LineString", "coordinates": [ [ 9.021022, 44.455152 ], [ 9.021054, 44.455222 ] ] } },
{ "type": "Feature", "properties": { "osm_id": 1007182537, "highway": "service", "surface": "asphalt", "name": "Salita San Cosimo di Struppa", "paved": true }, "geometry": { "type": "LineString", "coordinates": [ [ 9.021162, 44.454301 ], [ 9.021152, 44.454263 ], [ 9.021102, 44.454238 ] ] } },
{ "type": "Feature", "properties": { "osm_id": 1008684990, "highway": "unclassified", "surface": "", "name": "Via Terzonasca", "paved": false }, "geometry": { "type": "LineString", "coordinates": [ [ 9.180289, 44.432838 ], [ 9.180309, 44.432854 ], [ 9.180329, 44.432862 ], [ 9.180351, 44.432865 ], [ 9.180375, 44.432859 ], [ 9.180403, 44.432844 ], [ 9.1805, 44.432743 ], [ 9.180545, 44.43271 ], [ 9.180626, 44.432671 ], [ 9.180732, 44.432652 ], [ 9.180865, 44.432646 ], [ 9.180973, 44.432655 ], [ 9.181011, 44.432667 ], [ 9.181058, 44.432687 ], [ 9.180878, 44.432799 ], [ 9.180758, 44.432884 ], [ 9.180608, 44.433021 ], [ 9.1806, 44.433056 ], [ 9.180611, 44.433084 ], [ 9.180633, 44.433099 ], [ 9.180666, 44.433106 ], [ 9.180705, 44.433102 ], [ 9.181005, 44.432997 ], [ 9.181055, 44.432993 ], [ 9.181089, 44.433007 ], [ 9.181098, 44.433021 ], [ 9.181092, 44.433037 ], [ 9.181011, 44.433109 ] ] } },
{ "type": "Feature", "properties": { "osm_id": 1008684991, "highway": "unclassified", "surface": "", "name": "", "paved": false }, "geometry": { "type": "LineString", "coordinates": [ [ 9.18008, 44.434296 ], [ 9.180088, 44.434333 ], [ 9.180028, 44.434442 ], [ 9.180019, 44.434566 ], [ 9.179952, 44.434663 ], [ 9.17978, 44.434841 ], [ 9.179707, 44.435018 ], [ 9.179737, 44.435148 ], [ 9.179881, 44.435626 ], [ 9.179902, 44.435737 ], [ 9.179775, 44.435933 ], [ 9.179684, 44.436149 ], [ 9.179688, 44.436218 ], [ 9.179725, 44.436284 ], [ 9.179906, 44.436466 ], [ 9.179925, 44.436491 ], [ 9.179946, 44.436496 ] ] } },
{ "type": "Feature", "properties": { "osm_id": 1008684993, "highway": "residential", "surface": "asphalt", "name": "Località Orticeto", "paved": true }, "geometry": { "type": "LineString", "coordinates": [ [ 9.177537, 44.437742 ], [ 9.177307, 44.437624 ], [ 9.1772, 44.437526 ], [ 9.176829, 44.43732 ] ] } },
{ "type": "Feature", "properties": { "osm_id": 1008684994, "highway": "residential", "surface": "", "name": "", "paved": true }, "geometry": { "type": "LineString", "coordinates": [ [ 9.172007, 44.439045 ], [ 9.17203, 44.439039 ] ] } },
{ "type": "Feature", "properties": { "osm_id": 1008684995, "highway": "residential", "surface": "", "name": "", "paved": true }, "geometry": { "type": "LineString", "coordinates": [ [ 9.171879, 44.439054 ], [ 9.172007, 44.439045 ] ] } },
{ "type": "Feature", "properties": { "osm_id": 1010944477, "highway": "unclassified", "surface": "asphalt", "name": "Via E. Giacomazzi", "paved": true }, "geometry": { "type": "LineString", "coordinates": [ [ 9.105545, 44.43675 ], [ 9.105518, 44.436733 ] ] } },
{ "type": "Feature", "properties": { "osm_id": 1010973798, "highway": "primary", "surface": "", "name": "Strada statale 225 della Fontanabuona", "paved": true }, "geometry": { "type": "LineString", "coordinates": [ [ 9.200702, 44.423537 ], [ 9.200177, 44.423367 ], [ 9.200029, 44.423327 ], [ 9.199926, 44.423304 ], [ 9.199821, 44.4233 ], [ 9.199752, 44.423298 ], [ 9.19967, 44.423303 ], [ 9.199566, 44.423319 ], [ 9.198895, 44.423494 ] ] } },
{ "type": "Feature", "properties": { "osm_id": 1013256426, "highway": "steps", "surface": "", "name": "", "paved": false }, "geometry": { "type": "LineString", "coordinates": [ [ 9.032957, 44.450629 ], [ 9.032913, 44.450652 ], [ 9.032908, 44.450683 ], [ 9.03289, 44.450698 ], [ 9.032883, 44.45071 ], [ 9.032825, 44.450713 ], [ 9.032809, 44.450736 ], [ 9.032791, 44.450737 ], [ 9.032776, 44.450744 ], [ 9.032753, 44.450738 ], [ 9.03273, 44.450724 ], [ 9.032709, 44.450695 ], [ 9.032691, 44.450685 ], [ 9.032639, 44.450674 ], [ 9.032606, 44.450674 ], [ 9.032524, 44.450711 ], [ 9.032468, 44.450716 ] ] } },
{ "type": "Feature", "properties": { "osm_id": 1013256432, "highway": "footway", "surface": "", "name": "", "paved": false }, "geometry": { "type": "LineString", "coordinates": [ [ 9.03311, 44.450613 ], [ 9.03302, 44.450606 ], [ 9.032957, 44.450629 ] ] } },
{ "type": "Feature", "properties": { "osm_id": 1013256433, "highway": "steps", "surface": "", "name": "", "paved": false }, "geometry": { "type": "LineString", "coordinates": [ [ 9.03274, 44.451006 ], [ 9.032754, 44.450999 ], [ 9.032821, 44.451014 ], [ 9.032833, 44.451008 ], [ 9.032835, 44.450964 ], [ 9.032852, 44.450942 ], [ 9.032858, 44.450912 ], [ 9.032913, 44.450869 ], [ 9.032929, 44.450846 ], [ 9.03298, 44.450806 ], [ 9.033046, 44.450805 ] ] } },
{ "type": "Feature", "properties": { "osm_id": 1013256434, "highway": "footway", "surface": "", "name": "", "paved": false }, "geometry": { "type": "LineString", "coordinates": [ [ 9.03271, 44.451097 ], [ 9.03274, 44.451006 ] ] } },
{ "type": "Feature", "properties": { "osm_id": 1013256436, "highway": "service", "surface": "", "name": "", "paved": false }, "geometry": { "type": "LineString", "coordinates": [ [ 9.02376, 44.452447 ], [ 9.023789, 44.452467 ], [ 9.023845, 44.452478 ], [ 9.023901, 44.452478 ], [ 9.023957, 44.452472 ], [ 9.023985, 44.452487 ], [ 9.024002, 44.452514 ], [ 9.024, 44.452541 ], [ 9.023974, 44.452564 ], [ 9.023933, 44.452578 ], [ 9.023884, 44.452585 ], [ 9.023834, 44.452581 ], [ 9.023787, 44.452564 ], [ 9.023661, 44.452491 ] ] } },
{ "type": "Feature", "properties": { "osm_id": 1029573606, "highway": "residential", "surface": "asphalt", "name": "Via Elia Bernardini", "paved": true }, "geometry": { "type": "LineString", "coordinates": [ [ 8.97694, 44.453349 ], [ 8.976892, 44.453311 ], [ 8.976868, 44.453278 ] ] } },
{ "type": "Feature", "properties": { "osm_id": 1029573607, "highway": "residential", "surface": "asphalt", "name": "Via Elia Bernardini", "paved": true }, "geometry": { "type": "LineString", "coordinates": [ [ 8.977365, 44.453585 ], [ 8.97694, 44.453349 ] ] } },
{ "type": "Feature", "properties": { "osm_id": 1029577167, "highway": "footway", "surface": "paved", "name": "", "paved": true }, "geometry": { "type": "LineString", "coordinates": [ [ 9.030757, 44.451305 ], [ 9.03083, 44.451478 ], [ 9.030948, 44.451637 ], [ 9.031154, 44.451859 ], [ 9.031293, 44.451968 ], [ 9.031378, 44.452021 ], [ 9.031458, 44.452062 ], [ 9.03158, 44.452109 ], [ 9.031665, 44.45215 ], [ 9.031756, 44.452178 ], [ 9.031906, 44.452255 ], [ 9.032038, 44.452292 ], [ 9.032191, 44.452389 ], [ 9.03225, 44.452435 ], [ 9.032286, 44.452447 ], [ 9.032685, 44.45238 ], [ 9.032922, 44.452331 ], [ 9.033295, 44.452201 ], [ 9.033645, 44.451974 ], [ 9.033955, 44.451862 ], [ 9.03404, 44.451844 ], [ 9.034066, 44.451793 ] ] } },
{ "type": "Feature", "properties": { "osm_id": 1029579534, "highway": "footway", "surface": "paved", "name": "Salita San Martino Struppa", "paved": true }, "geometry": { "type": "LineString", "coordinates": [ [ 9.020948, 44.45549 ], [ 9.020971, 44.455532 ], [ 9.021187, 44.455687 ], [ 9.02135, 44.455752 ] ] } },
{ "type": "Feature", "properties": { "osm_id": 1029579535, "highway": "unclassified", "surface": "asphalt", "name": "Via Giovanni Trossarelli", "paved": true }, "geometry": { "type": "LineString", "coordinates": [ [ 9.021162, 44.454301 ], [ 9.021057, 44.45433 ], [ 9.020916, 44.454379 ], [ 9.02076, 44.454448 ], [ 9.020656, 44.454514 ], [ 9.020542, 44.454575 ], [ 9.020439, 44.454599 ], [ 9.02031, 44.454611 ], [ 9.020164, 44.454605 ], [ 9.019925, 44.454549 ], [ 9.019856, 44.454545 ], [ 9.019784, 44.454556 ], [ 9.019632, 44.45463 ], [ 9.019341, 44.454842 ], [ 9.019211, 44.454942 ], [ 9.019174, 44.454977 ], [ 9.01915, 44.455026 ], [ 9.019147, 44.455056 ], [ 9.019153, 44.455079 ], [ 9.019162, 44.4551 ], [ 9.01918, 44.455121 ], [ 9.019236, 44.455157 ], [ 9.019273, 44.455169 ], [ 9.019315, 44.455176 ], [ 9.019418, 44.455157 ], [ 9.019515, 44.4551 ], [ 9.019578, 44.45508 ], [ 9.019674, 44.455076 ], [ 9.020244, 44.455136 ], [ 9.020352, 44.455151 ], [ 9.020546, 44.455189 ], [ 9.020679, 44.455235 ], [ 9.020804, 44.455298 ], [ 9.021011, 44.455423 ] ] } },
{ "type": "Feature", "properties": { "osm_id": 1029579536, "highway": "unclassified", "surface": "asphalt", "name": "Via Giovanni Trossarelli", "paved": true }, "geometry": { "type": "LineString", "coordinates": [ [ 9.021011, 44.455423 ], [ 9.021113, 44.455483 ], [ 9.021286, 44.455597 ], [ 9.021411, 44.455705 ], [ 9.021473, 44.455792 ] ] } },
{ "type": "Feature", "properties": { "osm_id": 1042658167, "highway": "unclassified", "surface": "asphalt", "name": "Piazza Salvo D'Acquisto", "paved": true }, "geometry": { "type": "LineString", "coordinates": [ [ 9.104432, 44.435142 ], [ 9.104547, 44.435091 ] ] } },
{ "type": "Feature", "properties": { "osm_id": 1051227943, "highway": "unclassified", "surface": "", "name": "", "paved": false }, "geometry": { "type": "MultiLineString", "coordinates": [ [ [ 9.069346, 44.448043 ], [ 9.069313, 44.448082 ], [ 9.069278, 44.448139 ], [ 9.069255, 44.448219 ] ], [ [ 9.067243, 44.448307 ], [ 9.06725, 44.448278 ] ] ] } },
{ "type": "Feature", "properties": { "osm_id": 1051227944, "highway": "unclassified", "surface": "", "name": "", "paved": false }, "geometry": { "type": "LineString", "coordinates": [ [ 9.06725, 44.448278 ], [ 9.067326, 44.448289 ], [ 9.067364, 44.448302 ] ] } },
{ "type": "Feature", "properties": { "osm_id": 1051227945, "highway": "footway", "surface": "", "name": "", "paved": false }, "geometry": { "type": "LineString", "coordinates": [ [ 9.069344, 44.447976 ], [ 9.069391, 44.44797 ], [ 9.069446, 44.447928 ], [ 9.069458, 44.447899 ], [ 9.069561, 44.447741 ] ] } },
{ "type": "Feature", "properties": { "osm_id": 1051227946, "highway": "unclassified", "surface": "", "name": "", "paved": false }, "geometry": { "type": "LineString", "coordinates": [ [ 9.070747, 44.447761 ], [ 9.070493, 44.447769 ], [ 9.070059, 44.447849 ] ] } },
{ "type": "Feature", "properties": { "osm_id": 1051227947, "highway": "unclassified", "surface": "", "name": "", "paved": false }, "geometry": { "type": "LineString", "coordinates": [ [ 9.06947, 44.447963 ], [ 9.069396, 44.447999 ], [ 9.069346, 44.448043 ] ] } },
{ "type": "Feature", "properties": { "osm_id": 1051227948, "highway": "footway", "surface": "", "name": "", "paved": false }, "geometry": { "type": "LineString", "coordinates": [ [ 9.069614, 44.448057 ], [ 9.069675, 44.448008 ], [ 9.069705, 44.447999 ], [ 9.069754, 44.447996 ], [ 9.069784, 44.447981 ], [ 9.069843, 44.447966 ], [ 9.069983, 44.447902 ], [ 9.070059, 44.447849 ] ] } },
{ "type": "Feature", "properties": { "osm_id": 1051227949, "highway": "unclassified", "surface": "", "name": "", "paved": false }, "geometry": { "type": "LineString", "coordinates": [ [ 9.070059, 44.447849 ], [ 9.069876, 44.447789 ], [ 9.069697, 44.447848 ], [ 9.06947, 44.447963 ] ] } },
{ "type": "Feature", "properties": { "osm_id": 1051227950, "highway": "unclassified", "surface": "", "name": "Via Piane di Rosso", "paved": false }, "geometry": { "type": "LineString", "coordinates": [ [ 9.07091, 44.447763 ], [ 9.070747, 44.447761 ] ] } },
{ "type": "Feature", "properties": { "osm_id": 1051227951, "highway": "unclassified", "surface": "", "name": "Via Noceto", "paved": false }, "geometry": { "type": "LineString", "coordinates": [ [ 9.073177, 44.447332 ], [ 9.073074, 44.447244 ], [ 9.07322, 44.446947 ], [ 9.073383, 44.446692 ], [ 9.07347, 44.446638 ], [ 9.073601, 44.446567 ], [ 9.073631, 44.446529 ] ] } },
{ "type": "Feature", "properties": { "osm_id": 1051227952, "highway": "unclassified", "surface": "", "name": "Via Noceto", "paved": false }, "geometry": { "type": "LineString", "coordinates": [ [ 9.073262, 44.447444 ], [ 9.073226, 44.447384 ], [ 9.073177, 44.447332 ] ] } },
{ "type": "Feature", "properties": { "osm_id": 1051868952, "highway": "path", "surface": "dirt", "name": "Chiapparino Ognio", "paved": false }, "geometry": { "type": "LineString", "coordinates": [ [ 9.160613, 44.432586 ], [ 9.160707, 44.432677 ], [ 9.160757, 44.432708 ], [ 9.16076, 44.432768 ], [ 9.160865, 44.432801 ], [ 9.160883, 44.432858 ], [ 9.160957, 44.43288 ], [ 9.160954, 44.433104 ], [ 9.160994, 44.433135 ], [ 9.160932, 44.433173 ], [ 9.160932, 44.43321 ], [ 9.160908, 44.433258 ], [ 9.160939, 44.43332 ], [ 9.16092, 44.433465 ], [ 9.160991, 44.433613 ], [ 9.160991, 44.433749 ], [ 9.161009, 44.433804 ], [ 9.161009, 44.433874 ], [ 9.160957, 44.433943 ], [ 9.160868, 44.433982 ], [ 9.160883, 44.434017 ], [ 9.160988, 44.434101 ], [ 9.160954, 44.434255 ], [ 9.160972, 44.434306 ], [ 9.160963, 44.434332 ], [ 9.160985, 44.43438 ], [ 9.160957, 44.434449 ], [ 9.160899, 44.434475 ], [ 9.160899, 44.43455 ], [ 9.160951, 44.434598 ], [ 9.160935, 44.434631 ], [ 9.161197, 44.434721 ], [ 9.161299, 44.434761 ], [ 9.161388, 44.434807 ], [ 9.161391, 44.434886 ], [ 9.161413, 44.434928 ], [ 9.161388, 44.434985 ], [ 9.161336, 44.435016 ], [ 9.161268, 44.435065 ], [ 9.161182, 44.435078 ], [ 9.161136, 44.435071 ], [ 9.161065, 44.435098 ], [ 9.160991, 44.435137 ], [ 9.160914, 44.435192 ], [ 9.160846, 44.435265 ], [ 9.160751, 44.435254 ], [ 9.160686, 44.435293 ], [ 9.160655, 44.435355 ], [ 9.160615, 44.435401 ], [ 9.160578, 44.435463 ], [ 9.160569, 44.435546 ], [ 9.160523, 44.435654 ], [ 9.160489, 44.4357 ], [ 9.160402, 44.435782 ], [ 9.16027, 44.435835 ], [ 9.16015, 44.435861 ], [ 9.159971, 44.435918 ], [ 9.159845, 44.435995 ], [ 9.159746, 44.436048 ], [ 9.159688, 44.436066 ], [ 9.159561, 44.43609 ], [ 9.159277, 44.436066 ], [ 9.159186, 44.43604 ], [ 9.159041, 44.435989 ], [ 9.158936, 44.436056 ], [ 9.15891, 44.436062 ], [ 9.15885, 44.436059 ], [ 9.158719, 44.436079 ], [ 9.158642, 44.436037 ], [ 9.158566, 44.435964 ], [ 9.158471, 44.435907 ] ] } },
{ "type": "Feature", "properties": { "osm_id": 1052361800, "highway": "unclassified", "surface": "", "name": "", "paved": false }, "geometry": { "type": "LineString", "coordinates": [ [ 9.024561, 44.460066 ], [ 9.024599, 44.460116 ], [ 9.024684, 44.460181 ], [ 9.024687, 44.460204 ], [ 9.024665, 44.460228 ], [ 9.024634, 44.46024 ], [ 9.024594, 44.460238 ], [ 9.024523, 44.4602 ], [ 9.024501, 44.460181 ], [ 9.024495, 44.460158 ], [ 9.024503, 44.46013 ], [ 9.024561, 44.460066 ] ] } },
{ "type": "Feature", "properties": { "osm_id": 1052361801, "highway": "footway", "surface": "", "name": "", "paved": false }, "geometry": { "type": "LineString", "coordinates": [ [ 9.024561, 44.460066 ], [ 9.024489, 44.460035 ], [ 9.024433, 44.460017 ], [ 9.024132, 44.459996 ], [ 9.024113, 44.460131 ] ] } },
{ "type": "Feature", "properties": { "osm_id": 1052361802, "highway": "footway", "surface": "", "name": "", "paved": false }, "geometry": { "type": "LineString", "coordinates": [ [ 9.024113, 44.460131 ], [ 9.024108, 44.460166 ] ] } },
{ "type": "Feature", "properties": { "osm_id": 1052361803, "highway": "footway", "surface": "", "name": "", "paved": false }, "geometry": { "type": "LineString", "coordinates": [ [ 9.024108, 44.460166 ], [ 9.024106, 44.460177 ] ] } },
{ "type": "Feature", "properties": { "osm_id": 1052361804, "highway": "pedestrian", "surface": "", "name": "", "paved": false }, "geometry": { "type": "LineString", "coordinates": [ [ 9.024041, 44.460067 ], [ 9.024054, 44.459978 ], [ 9.024386, 44.460004 ], [ 9.024381, 44.460026 ], [ 9.02414, 44.460009 ], [ 9.024123, 44.460127 ], [ 9.024064, 44.460122 ], [ 9.024071, 44.460069 ], [ 9.024041, 44.460067 ] ] } },
{ "type": "Feature", "properties": { "osm_id": 1052361805, "highway": "path", "surface": "ground", "name": "", "paved": false }, "geometry": { "type": "LineString", "coordinates": [ [ 9.022067, 44.460851 ], [ 9.022098, 44.46089 ], [ 9.022198, 44.460917 ], [ 9.022252, 44.460945 ], [ 9.022296, 44.460978 ], [ 9.02233, 44.461022 ], [ 9.022405, 44.46106 ], [ 9.02244, 44.461088 ], [ 9.022553, 44.461197 ], [ 9.022596, 44.46125 ], [ 9.02268, 44.461326 ], [ 9.022704, 44.461354 ], [ 9.022707, 44.4614 ] ] } },
{ "type": "Feature", "properties": { "osm_id": 1052391659, "highway": "service", "surface": "", "name": "", "paved": false }, "geometry": { "type": "LineString", "coordinates": [ [ 9.022245, 44.454512 ], [ 9.022398, 44.454552 ] ] } },
{ "type": "Feature", "properties": { "osm_id": 1052391660, "highway": "steps", "surface": "", "name": "", "paved": false }, "geometry": { "type": "LineString", "coordinates": [ [ 9.022362, 44.454543 ], [ 9.022379, 44.454576 ], [ 9.022437, 44.454624 ], [ 9.02248, 44.454693 ], [ 9.022528, 44.454751 ] ] } },
{ "type": "Feature", "properties": { "osm_id": 1077849131, "highway": "residential", "surface": "", "name": "", "paved": true }, "geometry": { "type": "LineString", "coordinates": [ [ 9.186804, 44.429293 ], [ 9.186749, 44.429642 ], [ 9.186708, 44.429665 ], [ 9.186659, 44.429679 ] ] } },
{ "type": "Feature", "properties": { "osm_id": 1077849132, "highway": "service", "surface": "", "name": "", "paved": false }, "geometry": { "type": "LineString", "coordinates": [ [ 9.186756, 44.429597 ], [ 9.186472, 44.429584 ] ] } },
{ "type": "Feature", "properties": { "osm_id": 1077849133, "highway": "footway", "surface": "", "name": "", "paved": false }, "geometry": { "type": "LineString", "coordinates": [ [ 9.186749, 44.429642 ], [ 9.18676, 44.429681 ], [ 9.186794, 44.429696 ], [ 9.186942, 44.429705 ] ] } },
{ "type": "Feature", "properties": { "osm_id": 1077849134, "highway": "pedestrian", "surface": "", "name": "Via dei Caduti", "paved": false }, "geometry": { "type": "LineString", "coordinates": [ [ 9.187071, 44.429326 ], [ 9.186953, 44.429881 ] ] } },
{ "type": "Feature", "properties": { "osm_id": 1077849135, "highway": "service", "surface": "", "name": "", "paved": false }, "geometry": { "type": "LineString", "coordinates": [ [ 9.186659, 44.429679 ], [ 9.186605, 44.429678 ], [ 9.186566, 44.429682 ], [ 9.186556, 44.429772 ] ] } },
{ "type": "Feature", "properties": { "osm_id": 1077849141, "highway": "primary", "surface": "asphalt", "name": "Strada statale 225 della Fontanabuona", "paved": true }, "geometry": { "type": "LineString", "coordinates": [ [ 9.205121, 44.424071 ], [ 9.205065, 44.424121 ], [ 9.204978, 44.424167 ], [ 9.204766, 44.424255 ], [ 9.204691, 44.424276 ], [ 9.204604, 44.424285 ], [ 9.204517, 44.424277 ], [ 9.204233, 44.424223 ], [ 9.204118, 44.424213 ], [ 9.203989, 44.424218 ], [ 9.203688, 44.424252 ] ] } },
{ "type": "Feature", "properties": { "osm_id": 1077849142, "highway": "primary", "surface": "", "name": "Strada statale 225 della Fontanabuona", "paved": true }, "geometry": { "type": "LineString", "coordinates": [ [ 9.203688, 44.424252 ], [ 9.203573, 44.424265 ] ] } },
{ "type": "Feature", "properties": { "osm_id": 1077849153, "highway": "primary", "surface": "asphalt", "name": "Via del Commercio", "paved": true }, "geometry": { "type": "LineString", "coordinates": [ [ 9.182524, 44.429803 ], [ 9.182413, 44.429963 ] ] } },
{ "type": "Feature", "properties": { "osm_id": 1077849154, "highway": "primary", "surface": "asphalt", "name": "Strada statale 225 della Fontanabuona", "paved": true }, "geometry": { "type": "LineString", "coordinates": [ [ 9.208445, 44.42037 ], [ 9.208048, 44.420557 ], [ 9.207687, 44.420754 ], [ 9.207446, 44.42095 ], [ 9.206339, 44.42195 ] ] } },
{ "type": "Feature", "properties": { "osm_id": 1096861511, "highway": "unclassified", "surface": "asphalt", "name": "Passo Rio Canate", "paved": true }, "geometry": { "type": "LineString", "coordinates": [ [ 9.034586, 44.450873 ], [ 9.034702, 44.450918 ] ] } },
{ "type": "Feature", "properties": { "osm_id": 1096861512, "highway": "secondary", "surface": "asphalt", "name": "Via Cavassolo", "paved": true }, "geometry": { "type": "LineString", "coordinates": [ [ 9.036126, 44.449957 ], [ 9.036064, 44.449985 ], [ 9.03603, 44.44999 ], [ 9.035887, 44.449971 ], [ 9.035821, 44.449976 ], [ 9.035588, 44.45002 ], [ 9.03547, 44.450037 ], [ 9.035091, 44.450059 ] ] } },
{ "type": "Feature", "properties": { "osm_id": 1096861513, "highway": "secondary", "surface": "asphalt", "name": "Via Cavassolo", "paved": true }, "geometry": { "type": "LineString", "coordinates": [ [ 9.034366, 44.450432 ], [ 9.034349, 44.450511 ], [ 9.034352, 44.450595 ], [ 9.034383, 44.450655 ], [ 9.034445, 44.450711 ], [ 9.034544, 44.450771 ] ] } },
{ "type": "Feature", "properties": { "osm_id": 1096861514, "highway": "steps", "surface": "paved", "name": "", "paved": true }, "geometry": { "type": "LineString", "coordinates": [ [ 9.034586, 44.450873 ], [ 9.034602, 44.450851 ], [ 9.034601, 44.450844 ], [ 9.034514, 44.450813 ], [ 9.034514, 44.450805 ], [ 9.034544, 44.450771 ] ] } },
{ "type": "Feature", "properties": { "osm_id": 1096861515, "highway": "footway", "surface": "paving_stones", "name": "", "paved": true }, "geometry": { "type": "LineString", "coordinates": [ [ 9.033995, 44.451025 ], [ 9.034012, 44.451029 ], [ 9.034026, 44.451027 ], [ 9.034033, 44.45102 ], [ 9.034047, 44.450957 ], [ 9.034066, 44.450906 ], [ 9.034098, 44.450882 ], [ 9.034136, 44.45087 ], [ 9.034232, 44.450857 ], [ 9.034277, 44.45086 ], [ 9.034345, 44.450888 ] ] } },
{ "type": "Feature", "properties": { "osm_id": 1116079555, "highway": "unclassified", "surface": "asphalt", "name": "Via Rio Marsiglia", "paved": true }, "geometry": { "type": "LineString", "coordinates": [ [ 9.165833, 44.433754 ], [ 9.16584, 44.433851 ], [ 9.16603, 44.434203 ], [ 9.166098, 44.434278 ], [ 9.166197, 44.434315 ], [ 9.166418, 44.434244 ], [ 9.166778, 44.434098 ], [ 9.167335, 44.433929 ], [ 9.167866, 44.433826 ], [ 9.16837, 44.433795 ], [ 9.168688, 44.433795 ], [ 9.169157, 44.433915 ], [ 9.169587, 44.433982 ], [ 9.170094, 44.434039 ], [ 9.17033, 44.434161 ] ] } },
{ "type": "Feature", "properties": { "osm_id": 1119559806, "highway": "residential", "surface": "", "name": "", "paved": true }, "geometry": { "type": "LineString", "coordinates": [ [ 9.216475, 44.416238 ], [ 9.216508, 44.416366 ] ] } },
{ "type": "Feature", "properties": { "osm_id": 1119559824, "highway": "cycleway", "surface": "unpaved", "name": "", "paved": false }, "geometry": { "type": "LineString", "coordinates": [ [ 9.215835, 44.413649 ], [ 9.215713, 44.41324 ], [ 9.215627, 44.413087 ], [ 9.215533, 44.412792 ], [ 9.215533, 44.412606 ], [ 9.215568, 44.412519 ] ] } },
{ "type": "Feature", "properties": { "osm_id": 1119559825, "highway": "cycleway", "surface": "unpaved", "name": "", "paved": false }, "geometry": { "type": "LineString", "coordinates": [ [ 9.215858, 44.413728 ], [ 9.215835, 44.413649 ] ] } },
{ "type": "Feature", "properties": { "osm_id": 1126584830, "highway": "track", "surface": "", "name": "", "paved": false }, "geometry": { "type": "LineString", "coordinates": [ [ 9.029317, 44.454472 ], [ 9.029291, 44.454438 ], [ 9.02921, 44.454384 ], [ 9.029034, 44.454304 ], [ 9.028841, 44.454242 ], [ 9.028626, 44.454183 ], [ 9.028577, 44.454185 ], [ 9.028285, 44.454246 ], [ 9.028227, 44.454254 ], [ 9.028178, 44.454239 ], [ 9.028176, 44.454209 ], [ 9.028221, 44.454098 ] ] } },
{ "type": "Feature", "properties": { "osm_id": 1126584831, "highway": "service", "surface": "", "name": "", "paved": false }, "geometry": { "type": "LineString", "coordinates": [ [ 9.027918, 44.456265 ], [ 9.027873, 44.456254 ], [ 9.027847, 44.456202 ], [ 9.027832, 44.455949 ], [ 9.027817, 44.455873 ], [ 9.027832, 44.455807 ], [ 9.027837, 44.455747 ], [ 9.027807, 44.455688 ] ] } },
{ "type": "Feature", "properties": { "osm_id": 1126587917, "highway": "footway", "surface": "", "name": "", "paved": false }, "geometry": { "type": "LineString", "coordinates": [ [ 9.025759, 44.457471 ], [ 9.025783, 44.457497 ], [ 9.025789, 44.457521 ], [ 9.025789, 44.45757 ], [ 9.025845, 44.457719 ], [ 9.025854, 44.457775 ], [ 9.025865, 44.457795 ], [ 9.025911, 44.45784 ], [ 9.025939, 44.457857 ], [ 9.025992, 44.457875 ], [ 9.026064, 44.457933 ], [ 9.02621, 44.458022 ], [ 9.026373, 44.458091 ], [ 9.026458, 44.458134 ], [ 9.026502, 44.458152 ], [ 9.026547, 44.458152 ], [ 9.026615, 44.458168 ], [ 9.026639, 44.458163 ], [ 9.026666, 44.458147 ] ] } },
{ "type": "Feature", "properties": { "osm_id": 1126587918, "highway": "footway", "surface": "", "name": "", "paved": false }, "geometry": { "type": "LineString", "coordinates": [ [ 9.026507, 44.458327 ], [ 9.026421, 44.45821 ], [ 9.026421, 44.458142 ], [ 9.026408, 44.458109 ] ] } },
{ "type": "Feature", "properties": { "osm_id": 1126593728, "highway": "track", "surface": "", "name": "", "paved": false }, "geometry": { "type": "LineString", "coordinates": [ [ 9.019544, 44.45808 ], [ 9.019472, 44.458113 ], [ 9.019337, 44.458141 ], [ 9.01898, 44.458186 ], [ 9.018941, 44.45819 ], [ 9.018848, 44.458187 ], [ 9.018809, 44.458192 ], [ 9.018695, 44.458247 ], [ 9.018686, 44.458256 ] ] } },
{ "type": "Feature", "properties": { "osm_id": 1126593729, "highway": "steps", "surface": "", "name": "Salita Cappelletta di Santa Maria Maddalena", "paved": false }, "geometry": { "type": "LineString", "coordinates": [ [ 9.020469, 44.456937 ], [ 9.020564, 44.456942 ], [ 9.020658, 44.456938 ], [ 9.020731, 44.456924 ], [ 9.020783, 44.456905 ], [ 9.020803, 44.456906 ], [ 9.020826, 44.456923 ], [ 9.020841, 44.456913 ], [ 9.020768, 44.456854 ], [ 9.020768, 44.456843 ], [ 9.020795, 44.456817 ] ] } },
{ "type": "Feature", "properties": { "osm_id": 1126593730, "highway": "service", "surface": "", "name": "", "paved": false }, "geometry": { "type": "LineString", "coordinates": [ [ 9.019214, 44.456893 ], [ 9.019193, 44.456898 ], [ 9.019177, 44.456909 ], [ 9.019164, 44.456931 ], [ 9.019142, 44.456946 ], [ 9.019063, 44.456984 ], [ 9.01904, 44.456988 ], [ 9.018851, 44.456975 ] ] } },
{ "type": "Feature", "properties": { "osm_id": 1137085133, "highway": "secondary", "surface": "asphalt", "name": "Via di Creto", "paved": true }, "geometry": { "type": "LineString", "coordinates": [ [ 9.005299, 44.455256 ], [ 9.005109, 44.455131 ], [ 9.004964, 44.455062 ], [ 9.004689, 44.454962 ], [ 9.004619, 44.454921 ], [ 9.004265, 44.454621 ], [ 9.004243, 44.454591 ] ] } },
{ "type": "Feature", "properties": { "osm_id": 1152984113, "highway": "residential", "surface": "asphalt", "name": "Via Struppa", "paved": true }, "geometry": { "type": "LineString", "coordinates": [ [ 8.992567, 44.452442 ], [ 8.992586, 44.452503 ], [ 8.992588, 44.452602 ], [ 8.992598, 44.452624 ], [ 8.992681, 44.452724 ], [ 8.99272, 44.452745 ], [ 8.992771, 44.452745 ] ] } },
{ "type": "Feature", "properties": { "osm_id": 1152984114, "highway": "residential", "surface": "asphalt", "name": "Via Struppa", "paved": true }, "geometry": { "type": "LineString", "coordinates": [ [ 8.992933, 44.452072 ], [ 8.992929, 44.452152 ], [ 8.992915, 44.452178 ], [ 8.992893, 44.452207 ], [ 8.992833, 44.45225 ] ] } },
{ "type": "Feature", "properties": { "osm_id": 1153226952, "highway": "path", "surface": "", "name": "Salita Costa di Sestri", "paved": false }, "geometry": { "type": "LineString", "coordinates": [ [ 9.002851, 44.454856 ], [ 9.002786, 44.454796 ], [ 9.00242, 44.454581 ], [ 9.002147, 44.454398 ], [ 9.001967, 44.454254 ], [ 9.001793, 44.454154 ] ] } },
{ "type": "Feature", "properties": { "osm_id": 1153226953, "highway": "steps", "surface": "", "name": "Salita Costa di Sestri", "paved": false }, "geometry": { "type": "LineString", "coordinates": [ [ 9.001793, 44.454154 ], [ 9.001731, 44.454081 ], [ 9.001622, 44.45403 ], [ 9.00161, 44.454009 ], [ 9.001615, 44.453992 ] ] } },
{ "type": "Feature", "properties": { "osm_id": 1153226956, "highway": "track", "surface": "", "name": "", "paved": false }, "geometry": { "type": "LineString", "coordinates": [ [ 8.999378, 44.452507 ], [ 8.999187, 44.452542 ], [ 8.998811, 44.452602 ] ] } },
{ "type": "Feature", "properties": { "osm_id": 1153244172, "highway": "steps", "surface": "", "name": "Salita della Chiosa", "paved": false }, "geometry": { "type": "LineString", "coordinates": [ [ 9.004659, 44.45691 ], [ 9.004637, 44.456873 ], [ 9.004558, 44.456792 ], [ 9.004439, 44.456652 ], [ 9.004274, 44.456524 ], [ 9.004035, 44.456431 ], [ 9.003585, 44.456181 ], [ 9.003526, 44.456139 ], [ 9.003462, 44.456078 ], [ 9.003431, 44.456022 ], [ 9.003381, 44.455854 ], [ 9.003386, 44.455742 ], [ 9.003328, 44.45563 ], [ 9.003285, 44.455419 ], [ 9.003225, 44.455291 ], [ 9.003138, 44.455161 ], [ 9.003039, 44.455083 ], [ 9.002972, 44.454982 ], [ 9.002851, 44.454856 ] ] } },
{ "type": "Feature", "properties": { "osm_id": 1161263455, "highway": "footway", "surface": "", "name": "", "paved": false }, "geometry": { "type": "MultiLineString", "coordinates": [ [ [ 9.172007, 44.439045 ], [ 9.172087, 44.439076 ], [ 9.172079, 44.439093 ] ], [ [ 9.171948, 44.439126 ], [ 9.171658, 44.439161 ], [ 9.171428, 44.439208 ], [ 9.171114, 44.439337 ], [ 9.171007, 44.439369 ], [ 9.170928, 44.439386 ] ] ] } },
{ "type": "Feature", "properties": { "osm_id": 1161592797, "highway": "path", "surface": "", "name": "", "paved": false }, "geometry": { "type": "LineString", "coordinates": [ [ 9.170928, 44.439386 ], [ 9.17091, 44.439316 ], [ 9.170866, 44.439273 ], [ 9.170753, 44.439232 ], [ 9.170586, 44.439199 ], [ 9.17046, 44.439212 ], [ 9.170386, 44.439182 ], [ 9.170319, 44.439146 ], [ 9.170261, 44.439098 ] ] } },
{ "type": "Feature", "properties": { "osm_id": 1161592798, "highway": "secondary", "surface": "asphalt", "name": "", "paved": true }, "geometry": { "type": "LineString", "coordinates": [ [ 9.170261, 44.439098 ], [ 9.17038, 44.439076 ], [ 9.170712, 44.439033 ], [ 9.170833, 44.439033 ], [ 9.170918, 44.439028 ], [ 9.170961, 44.439016 ], [ 9.170987, 44.438994 ] ] } },
{ "type": "Feature", "properties": { "osm_id": 1168171312, "highway": "steps", "surface": "", "name": "", "paved": false }, "geometry": { "type": "LineString", "coordinates": [ [ 9.185513, 44.428493 ], [ 9.185506, 44.42851 ], [ 9.18551, 44.42852 ], [ 9.18552, 44.428523 ], [ 9.185792, 44.428575 ] ] } },
{ "type": "Feature", "properties": { "osm_id": 1168171313, "highway": "service", "surface": "", "name": "", "paved": false }, "geometry": { "type": "LineString", "coordinates": [ [ 9.184504, 44.428699 ], [ 9.184842, 44.428725 ], [ 9.184881, 44.428722 ], [ 9.184902, 44.428704 ], [ 9.184951, 44.428586 ] ] } },
{ "type": "Feature", "properties": { "osm_id": 1168171314, "highway": "service", "surface": "", "name": "", "paved": false }, "geometry": { "type": "LineString", "coordinates": [ [ 9.184252, 44.428377 ], [ 9.183891, 44.428367 ] ] } },
{ "type": "Feature", "properties": { "osm_id": 1176258267, "highway": "secondary", "surface": "asphalt", "name": "Rotonda dei Tonni Suicidi", "paved": true }, "geometry": { "type": "LineString", "coordinates": [ [ 8.975556, 44.451949 ], [ 8.97555, 44.451977 ], [ 8.975534, 44.452003 ] ] } },
{ "type": "Feature", "properties": { "osm_id": 1176258268, "highway": "secondary", "surface": "asphalt", "name": "Via Molassana", "paved": true }, "geometry": { "type": "LineString", "coordinates": [ [ 8.975797, 44.452251 ], [ 8.975719, 44.452211 ] ] } },
{ "type": "Feature", "properties": { "osm_id": 1176258269, "highway": "service", "surface": "paving_stones", "name": "", "paved": true }, "geometry": { "type": "LineString", "coordinates": [ [ 8.975922, 44.452164 ], [ 8.976242, 44.452323 ], [ 8.9768, 44.452614 ], [ 8.977309, 44.452865 ], [ 8.977191, 44.452983 ] ] } },
{ "type": "Feature", "properties": { "osm_id": 1209479986, "highway": "primary", "surface": "", "name": "", "paved": true }, "geometry": { "type": "LineString", "coordinates": [ [ 9.033497, 44.449967 ], [ 9.033345, 44.45017 ], [ 9.033238, 44.450342 ], [ 9.033141, 44.450544 ] ] } },
{ "type": "Feature", "properties": { "osm_id": 1225324965, "highway": "steps", "surface": "", "name": "", "paved": false }, "geometry": { "type": "LineString", "coordinates": [ [ 8.97419, 44.451725 ], [ 8.974206, 44.451714 ], [ 8.974224, 44.451713 ], [ 8.974313, 44.451762 ], [ 8.974331, 44.451756 ], [ 8.974364, 44.451719 ], [ 8.974397, 44.451733 ], [ 8.974427, 44.451715 ], [ 8.974398, 44.451701 ], [ 8.974512, 44.451598 ] ] } },
{ "type": "Feature", "properties": { "osm_id": 1225338065, "highway": "service", "surface": "", "name": "", "paved": false }, "geometry": { "type": "LineString", "coordinates": [ [ 8.991231, 44.453198 ], [ 8.991414, 44.453345 ] ] } },
{ "type": "Feature", "properties": { "osm_id": 1225338066, "highway": "track", "surface": "", "name": "", "paved": false }, "geometry": { "type": "LineString", "coordinates": [ [ 8.991542, 44.453599 ], [ 8.991619, 44.453624 ], [ 8.99181, 44.45366 ], [ 8.992017, 44.45366 ], [ 8.992116, 44.453641 ], [ 8.992192, 44.453597 ], [ 8.992286, 44.453513 ], [ 8.992365, 44.453424 ] ] } },
{ "type": "Feature", "properties": { "osm_id": 1225340538, "highway": "service", "surface": "", "name": "", "paved": false }, "geometry": { "type": "LineString", "coordinates": [ [ 8.998437, 44.452911 ], [ 8.998385, 44.452901 ], [ 8.99832, 44.452898 ], [ 8.998269, 44.452903 ], [ 8.998188, 44.452929 ] ] } },
{ "type": "Feature", "properties": { "osm_id": 1226126250, "highway": "service", "surface": "", "name": "Via Struppa", "paved": false }, "geometry": { "type": "LineString", "coordinates": [ [ 8.993256, 44.452429 ], [ 8.993412, 44.452161 ] ] } },
{ "type": "Feature", "properties": { "osm_id": 1226126793, "highway": "residential", "surface": "asphalt", "name": "Via Giro del Fullo", "paved": true }, "geometry": { "type": "LineString", "coordinates": [ [ 8.992814, 44.451224 ], [ 8.992703, 44.450923 ] ] } },
{ "type": "Feature", "properties": { "osm_id": 1226128048, "highway": "path", "surface": "", "name": "Salita San Bazà", "paved": false }, "geometry": { "type": "LineString", "coordinates": [ [ 8.995773, 44.451077 ], [ 8.995839, 44.451161 ], [ 8.995948, 44.451369 ], [ 8.996049, 44.45147 ], [ 8.996148, 44.451505 ], [ 8.996304, 44.451536 ], [ 8.996435, 44.45155 ], [ 8.996551, 44.45155 ], [ 8.99674, 44.451541 ] ] } },
{ "type": "Feature", "properties": { "osm_id": 1230008718, "highway": "service", "surface": "", "name": "", "paved": false }, "geometry": { "type": "LineString", "coordinates": [ [ 9.183408, 44.429083 ], [ 9.183331, 44.428747 ] ] } },
{ "type": "Feature", "properties": { "osm_id": 1230008719, "highway": "service", "surface": "", "name": "", "paved": false }, "geometry": { "type": "LineString", "coordinates": [ [ 9.186329, 44.428688 ], [ 9.186244, 44.428964 ], [ 9.186248, 44.428979 ], [ 9.186264, 44.428989 ], [ 9.186333, 44.429001 ], [ 9.186351, 44.429 ], [ 9.186366, 44.428991 ], [ 9.186451, 44.428722 ] ] } },
{ "type": "Feature", "properties": { "osm_id": 1230008720, "highway": "service", "surface": "", "name": "", "paved": false }, "geometry": { "type": "LineString", "coordinates": [ [ 9.183746, 44.430537 ], [ 9.183784, 44.430585 ], [ 9.183935, 44.430716 ] ] } },
{ "type": "Feature", "properties": { "osm_id": 1244010470, "highway": "steps", "surface": "", "name": "", "paved": false }, "geometry": { "type": "LineString", "coordinates": [ [ 9.10662, 44.439934 ], [ 9.106633, 44.439828 ], [ 9.106619, 44.439817 ], [ 9.10656, 44.43981 ], [ 9.10639, 44.439819 ], [ 9.106289, 44.439842 ], [ 9.106184, 44.439853 ] ] } },
{ "type": "Feature", "properties": { "osm_id": 1244010471, "highway": "steps", "surface": "", "name": "", "paved": false }, "geometry": { "type": "LineString", "coordinates": [ [ 9.105963, 44.441657 ], [ 9.105754, 44.441674 ], [ 9.105479, 44.441735 ] ] } },
{ "type": "Feature", "properties": { "osm_id": 1246410025, "highway": "steps", "surface": "", "name": "", "paved": false }, "geometry": { "type": "LineString", "coordinates": [ [ 8.971308, 44.449541 ], [ 8.97134, 44.449557 ], [ 8.971353, 44.449587 ], [ 8.971348, 44.44961 ], [ 8.971327, 44.449635 ], [ 8.971289, 44.449652 ], [ 8.971239, 44.449665 ], [ 8.971198, 44.449669 ], [ 8.971164, 44.449663 ], [ 8.971137, 44.449675 ] ] } },
{ "type": "Feature", "properties": { "osm_id": 1246410026, "highway": "steps", "surface": "", "name": "", "paved": false }, "geometry": { "type": "LineString", "coordinates": [ [ 8.971068, 44.450125 ], [ 8.971156, 44.449907 ], [ 8.971187, 44.449877 ], [ 8.971215, 44.449809 ], [ 8.971216, 44.449775 ], [ 8.971208, 44.449749 ], [ 8.971195, 44.44973 ], [ 8.971166, 44.449708 ], [ 8.971133, 44.449692 ] ] } },
{ "type": "Feature", "properties": { "osm_id": 1246410027, "highway": "footway", "surface": "", "name": "", "paved": false }, "geometry": { "type": "LineString", "coordinates": [ [ 8.971133, 44.449692 ], [ 8.971137, 44.449675 ] ] } },
{ "type": "Feature", "properties": { "osm_id": 1246410028, "highway": "footway", "surface": "", "name": "", "paved": false }, "geometry": { "type": "LineString", "coordinates": [ [ 8.971135, 44.449683 ], [ 8.971117, 44.449661 ], [ 8.971079, 44.449643 ], [ 8.971042, 44.449634 ] ] } },
{ "type": "Feature", "properties": { "osm_id": 1246410030, "highway": "service", "surface": "", "name": "", "paved": false }, "geometry": { "type": "LineString", "coordinates": [ [ 8.971556, 44.45045 ], [ 8.971606, 44.450504 ], [ 8.971663, 44.45054 ], [ 8.971813, 44.450709 ], [ 8.971855, 44.450714 ] ] } },
{ "type": "Feature", "properties": { "osm_id": 1246410031, "highway": "service", "surface": "", "name": "", "paved": false }, "geometry": { "type": "LineString", "coordinates": [ [ 8.971141, 44.450139 ], [ 8.971072, 44.450294 ], [ 8.971049, 44.450297 ], [ 8.97102, 44.450291 ], [ 8.970992, 44.450277 ], [ 8.970986, 44.450264 ], [ 8.970995, 44.45019 ] ] } },
{ "type": "Feature", "properties": { "osm_id": 1247274448, "highway": "service", "surface": "", "name": "", "paved": false }, "geometry": { "type": "LineString", "coordinates": [ [ 9.104432, 44.435142 ], [ 9.104409, 44.435103 ] ] } },
{ "type": "Feature", "properties": { "osm_id": 1247674979, "highway": "footway", "surface": "paved", "name": "", "paved": true }, "geometry": { "type": "LineString", "coordinates": [ [ 9.105164, 44.435728 ], [ 9.105248, 44.43583 ], [ 9.10526, 44.435861 ] ] } },
{ "type": "Feature", "properties": { "osm_id": 1247674980, "highway": "path", "surface": "", "name": "", "paved": false }, "geometry": { "type": "LineString", "coordinates": [ [ 9.106208, 44.435988 ], [ 9.106097, 44.436013 ], [ 9.10596, 44.435935 ], [ 9.105892, 44.435841 ], [ 9.105801, 44.435752 ], [ 9.105724, 44.435728 ], [ 9.10555, 44.43575 ], [ 9.105467, 44.435765 ], [ 9.105253, 44.435753 ], [ 9.105164, 44.435728 ] ] } },
{ "type": "Feature", "properties": { "osm_id": 1247674981, "highway": "tertiary", "surface": "asphalt", "name": "", "paved": true }, "geometry": { "type": "LineString", "coordinates": [ [ 9.106208, 44.435988 ], [ 9.106507, 44.436283 ] ] } },
{ "type": "Feature", "properties": { "osm_id": 1247674982, "highway": "footway", "surface": "", "name": "", "paved": false }, "geometry": { "type": "LineString", "coordinates": [ [ 9.106903, 44.436106 ], [ 9.106996, 44.436111 ], [ 9.107073, 44.43606 ] ] } },
{ "type": "Feature", "properties": { "osm_id": 1247674983, "highway": "footway", "surface": "", "name": "", "paved": false }, "geometry": { "type": "LineString", "coordinates": [ [ 9.107497, 44.435848 ], [ 9.10755, 44.435806 ] ] } },
{ "type": "Feature", "properties": { "osm_id": 1247674984, "highway": "steps", "surface": "", "name": "", "paved": false }, "geometry": { "type": "LineString", "coordinates": [ [ 9.107497, 44.435848 ], [ 9.107446, 44.435876 ], [ 9.107278, 44.43595 ], [ 9.107073, 44.43606 ] ] } },
{ "type": "Feature", "properties": { "osm_id": 1247674985, "highway": "service", "surface": "", "name": "", "paved": false }, "geometry": { "type": "LineString", "coordinates": [ [ 9.10755, 44.435806 ], [ 9.10751, 44.435809 ] ] } },
{ "type": "Feature", "properties": { "osm_id": 1247674986, "highway": "path", "surface": "", "name": "", "paved": false }, "geometry": { "type": "LineString", "coordinates": [ [ 9.106507, 44.436283 ], [ 9.10682, 44.436335 ], [ 9.106873, 44.436315 ], [ 9.106837, 44.436265 ], [ 9.106725, 44.436162 ], [ 9.106731, 44.436122 ], [ 9.106763, 44.436101 ], [ 9.106903, 44.436106 ] ] } },
{ "type": "Feature", "properties": { "osm_id": 1247674987, "highway": "tertiary", "surface": "asphalt", "name": "", "paved": true }, "geometry": { "type": "LineString", "coordinates": [ [ 9.104808, 44.435066 ], [ 9.104925, 44.435249 ], [ 9.105091, 44.435402 ], [ 9.105334, 44.43552 ], [ 9.105437, 44.435549 ], [ 9.105874, 44.435602 ], [ 9.105941, 44.435619 ], [ 9.106005, 44.435646 ], [ 9.106038, 44.435692 ], [ 9.106128, 44.435873 ], [ 9.106208, 44.435988 ] ] } },
{ "type": "Feature", "properties": { "osm_id": 1247674988, "highway": "service", "surface": "", "name": "", "paved": false }, "geometry": { "type": "LineString", "coordinates": [ [ 9.107602, 44.435609 ], [ 9.107618, 44.435652 ], [ 9.107697, 44.435714 ], [ 9.1077, 44.435757 ], [ 9.107671, 44.435785 ], [ 9.10762, 44.435801 ], [ 9.10755, 44.435806 ] ] } },
{ "type": "Feature", "properties": { "osm_id": 1247674989, "highway": "tertiary", "surface": "asphalt", "name": "", "paved": true }, "geometry": { "type": "LineString", "coordinates": [ [ 9.117319, 44.438932 ], [ 9.117364, 44.438982 ], [ 9.117405, 44.439017 ], [ 9.117467, 44.439055 ], [ 9.117536, 44.439058 ], [ 9.117595, 44.439045 ] ] } },
{ "type": "Feature", "properties": { "osm_id": 1247674990, "highway": "tertiary", "surface": "asphalt", "name": "", "paved": true }, "geometry": { "type": "LineString", "coordinates": [ [ 9.107602, 44.435609 ], [ 9.107732, 44.435617 ], [ 9.107877, 44.435659 ], [ 9.10805, 44.435724 ], [ 9.108218, 44.435843 ], [ 9.108267, 44.435856 ], [ 9.108318, 44.435848 ], [ 9.108345, 44.435815 ], [ 9.108322, 44.435708 ], [ 9.10836, 44.435623 ], [ 9.108582, 44.435435 ], [ 9.108653, 44.435363 ] ] } },
{ "type": "Feature", "properties": { "osm_id": 1247674991, "highway": "tertiary", "surface": "asphalt", "name": "", "paved": true }, "geometry": { "type": "LineString", "coordinates": [ [ 9.106507, 44.436283 ], [ 9.106593, 44.436342 ], [ 9.10701, 44.436485 ], [ 9.107181, 44.436586 ], [ 9.107332, 44.436746 ], [ 9.107399, 44.436832 ], [ 9.107453, 44.436867 ], [ 9.107521, 44.436864 ], [ 9.107582, 44.436841 ], [ 9.107612, 44.4368 ], [ 9.107592, 44.436762 ], [ 9.107528, 44.436714 ], [ 9.107459, 44.436653 ], [ 9.107413, 44.436599 ], [ 9.107383, 44.436485 ], [ 9.107316, 44.436365 ], [ 9.107195, 44.436252 ], [ 9.106996, 44.436111 ], [ 9.106939, 44.436046 ], [ 9.106766, 44.43579 ], [ 9.106658, 44.435566 ], [ 9.106605, 44.435416 ], [ 9.106605, 44.435288 ], [ 9.106552, 44.435207 ], [ 9.106432, 44.435125 ], [ 9.106433, 44.435082 ], [ 9.10647, 44.435056 ], [ 9.106526, 44.435046 ], [ 9.106611, 44.435072 ], [ 9.107346, 44.435556 ], [ 9.10748, 44.435602 ], [ 9.107602, 44.435609 ] ] } },
{ "type": "Feature", "properties": { "osm_id": 1247674992, "highway": "path", "surface": "", "name": "", "paved": false }, "geometry": { "type": "LineString", "coordinates": [ [ 9.10911, 44.435494 ], [ 9.108653, 44.435363 ] ] } },
{ "type": "Feature", "properties": { "osm_id": 1247674993, "highway": "path", "surface": "", "name": "", "paved": false }, "geometry": { "type": "LineString", "coordinates": [ [ 9.109494, 44.435762 ], [ 9.109246, 44.435761 ], [ 9.109263, 44.435613 ], [ 9.109235, 44.435561 ], [ 9.109118, 44.435548 ], [ 9.10911, 44.435494 ] ] } },
{ "type": "Feature", "properties": { "osm_id": 1247674994, "highway": "path", "surface": "", "name": "", "paved": false }, "geometry": { "type": "LineString", "coordinates": [ [ 9.110757, 44.437198 ], [ 9.110714, 44.437158 ], [ 9.110582, 44.436987 ], [ 9.110549, 44.436928 ], [ 9.110541, 44.436867 ], [ 9.110571, 44.436711 ], [ 9.110545, 44.436678 ], [ 9.110429, 44.436642 ], [ 9.110344, 44.436601 ], [ 9.110309, 44.43659 ], [ 9.110225, 44.43658 ], [ 9.110194, 44.436559 ], [ 9.110187, 44.43649 ], [ 9.110077, 44.436461 ], [ 9.110064, 44.436442 ], [ 9.11006, 44.436339 ] ] } },
{ "type": "Feature", "properties": { "osm_id": 1247674995, "highway": "path", "surface": "", "name": "", "paved": false }, "geometry": { "type": "LineString", "coordinates": [ [ 9.113383, 44.437583 ], [ 9.113236, 44.437626 ], [ 9.113138, 44.4375 ], [ 9.113063, 44.437493 ], [ 9.11292, 44.437525 ], [ 9.112485, 44.43753 ], [ 9.112278, 44.437578 ], [ 9.112069, 44.437563 ], [ 9.111952, 44.437604 ], [ 9.111607, 44.437587 ], [ 9.111507, 44.437567 ], [ 9.111303, 44.437559 ], [ 9.111221, 44.437492 ], [ 9.11119, 44.437423 ], [ 9.111154, 44.437376 ], [ 9.111087, 44.437352 ], [ 9.110933, 44.437327 ], [ 9.110784, 44.437256 ], [ 9.110757, 44.437198 ] ] } },
{ "type": "Feature", "properties": { "osm_id": 1247674996, "highway": "path", "surface": "", "name": "", "paved": false }, "geometry": { "type": "LineString", "coordinates": [ [ 9.11006, 44.436339 ], [ 9.11012, 44.436326 ], [ 9.110144, 44.436275 ], [ 9.110083, 44.436149 ], [ 9.109949, 44.436183 ], [ 9.109871, 44.436154 ], [ 9.109718, 44.436084 ], [ 9.109612, 44.436026 ], [ 9.109552, 44.435986 ], [ 9.109538, 44.435944 ], [ 9.109546, 44.43591 ], [ 9.109509, 44.435854 ], [ 9.109494, 44.435762 ] ] } },
{ "type": "Feature", "properties": { "osm_id": 1247674997, "highway": "tertiary", "surface": "asphalt", "name": "", "paved": true }, "geometry": { "type": "LineString", "coordinates": [ [ 9.113383, 44.437583 ], [ 9.113449, 44.437689 ], [ 9.113493, 44.437723 ], [ 9.113548, 44.437739 ], [ 9.113603, 44.437732 ], [ 9.113652, 44.437717 ], [ 9.114166, 44.437409 ], [ 9.114263, 44.437375 ], [ 9.114399, 44.437364 ], [ 9.11502, 44.437407 ], [ 9.11522, 44.437393 ], [ 9.115524, 44.437354 ], [ 9.115754, 44.437305 ], [ 9.115913, 44.437262 ], [ 9.116002, 44.43725 ], [ 9.116104, 44.437258 ], [ 9.116217, 44.437291 ], [ 9.1163, 44.437344 ], [ 9.116342, 44.437408 ], [ 9.116398, 44.437662 ], [ 9.11637, 44.437776 ], [ 9.116392, 44.437836 ], [ 9.116604, 44.438028 ], [ 9.116632, 44.438081 ], [ 9.11673, 44.438373 ], [ 9.116786, 44.438503 ], [ 9.116863, 44.438606 ], [ 9.116937, 44.43867 ], [ 9.117159, 44.438755 ], [ 9.117259, 44.438829 ], [ 9.117319, 44.438932 ] ] } },
{ "type": "Feature", "properties": { "osm_id": 1247674998, "highway": "tertiary", "surface": "asphalt", "name": "", "paved": true }, "geometry": { "type": "LineString", "coordinates": [ [ 9.117595, 44.439045 ], [ 9.117623, 44.439017 ], [ 9.117632, 44.438974 ], [ 9.117629, 44.438876 ], [ 9.117659, 44.438818 ], [ 9.117744, 44.438729 ], [ 9.117815, 44.438614 ], [ 9.117839, 44.43854 ], [ 9.117835, 44.438474 ], [ 9.117798, 44.438414 ], [ 9.117759, 44.438374 ], [ 9.117628, 44.438292 ], [ 9.117458, 44.438237 ], [ 9.117418, 44.438187 ], [ 9.117421, 44.438127 ], [ 9.117462, 44.438106 ], [ 9.117985, 44.438325 ], [ 9.118066, 44.438399 ], [ 9.118232, 44.43863 ], [ 9.118341, 44.438719 ], [ 9.11855, 44.438808 ], [ 9.118643, 44.438885 ], [ 9.118702, 44.438965 ], [ 9.11884, 44.439234 ], [ 9.118905, 44.439295 ], [ 9.119321, 44.439643 ], [ 9.119408, 44.439715 ], [ 9.119519, 44.439794 ], [ 9.119578, 44.439883 ] ] } },
{ "type": "Feature", "properties": { "osm_id": 1247674999, "highway": "track", "surface": "", "name": "", "paved": false }, "geometry": { "type": "LineString", "coordinates": [ [ 9.117595, 44.439045 ], [ 9.117723, 44.439054 ], [ 9.118019, 44.439185 ], [ 9.118243, 44.439319 ], [ 9.11831, 44.439373 ], [ 9.118363, 44.439368 ], [ 9.118412, 44.439369 ], [ 9.118518, 44.439437 ] ] } },
{ "type": "Feature", "properties": { "osm_id": 1247675000, "highway": "service", "surface": "", "name": "", "paved": false }, "geometry": { "type": "LineString", "coordinates": [ [ 9.118518, 44.439437 ], [ 9.118748, 44.439592 ], [ 9.11887, 44.439661 ], [ 9.118955, 44.439693 ], [ 9.11934, 44.439761 ], [ 9.119422, 44.43979 ], [ 9.119497, 44.439825 ], [ 9.119578, 44.439883 ] ] } },
{ "type": "Feature", "properties": { "osm_id": 1247675001, "highway": "tertiary", "surface": "asphalt", "name": "", "paved": true }, "geometry": { "type": "LineString", "coordinates": [ [ 9.127818, 44.439781 ], [ 9.127686, 44.439725 ], [ 9.127501, 44.439672 ], [ 9.127243, 44.439636 ], [ 9.12706, 44.439614 ], [ 9.126877, 44.439573 ], [ 9.126505, 44.439445 ], [ 9.126334, 44.439366 ], [ 9.125517, 44.438907 ], [ 9.125447, 44.438882 ], [ 9.125306, 44.438852 ], [ 9.125142, 44.438809 ], [ 9.125014, 44.43875 ], [ 9.124711, 44.43855 ], [ 9.124613, 44.438499 ], [ 9.12451, 44.438488 ], [ 9.124266, 44.438501 ], [ 9.12417, 44.43847 ], [ 9.124123, 44.43842 ], [ 9.124153, 44.437987 ], [ 9.124142, 44.437908 ], [ 9.12409, 44.437837 ], [ 9.123959, 44.437767 ], [ 9.123859, 44.437728 ], [ 9.123813, 44.437676 ], [ 9.123822, 44.437618 ], [ 9.123902, 44.437584 ], [ 9.124014, 44.43758 ], [ 9.124122, 44.437602 ], [ 9.124271, 44.437652 ], [ 9.124752, 44.437904 ], [ 9.124852, 44.437944 ] ] } },
{ "type": "Feature", "properties": { "osm_id": 1247675002, "highway": "tertiary", "surface": "asphalt", "name": "", "paved": true }, "geometry": { "type": "LineString", "coordinates": [ [ 9.119578, 44.439883 ], [ 9.119659, 44.439979 ], [ 9.119934, 44.440229 ], [ 9.120127, 44.440508 ], [ 9.120422, 44.440669 ], [ 9.120592, 44.440715 ], [ 9.120755, 44.440723 ], [ 9.120969, 44.440704 ], [ 9.12118, 44.440643 ], [ 9.121732, 44.440577 ], [ 9.122119, 44.440502 ], [ 9.122388, 44.440509 ], [ 9.122775, 44.440609 ], [ 9.122983, 44.44067 ], [ 9.123148, 44.440682 ], [ 9.123501, 44.440667 ], [ 9.123595, 44.440634 ], [ 9.123712, 44.440576 ], [ 9.123942, 44.440449 ], [ 9.124477, 44.440211 ], [ 9.125005, 44.439984 ], [ 9.125155, 44.439899 ], [ 9.125273, 44.439857 ], [ 9.125428, 44.439851 ], [ 9.125548, 44.439882 ], [ 9.125751, 44.439926 ], [ 9.125907, 44.439931 ], [ 9.126241, 44.439923 ], [ 9.126679, 44.439885 ], [ 9.127117, 44.439911 ], [ 9.127387, 44.439907 ], [ 9.127468, 44.439936 ], [ 9.127505, 44.439986 ], [ 9.127568, 44.440215 ], [ 9.12761, 44.440262 ], [ 9.12769, 44.440281 ], [ 9.127755, 44.440266 ], [ 9.127828, 44.4402 ], [ 9.12788, 44.43991 ], [ 9.127858, 44.439833 ], [ 9.127818, 44.439781 ] ] } },
{ "type": "Feature", "properties": { "osm_id": 1247675003, "highway": "track", "surface": "", "name": "", "paved": false }, "geometry": { "type": "LineString", "coordinates": [ [ 9.127818, 44.439781 ], [ 9.127995, 44.43986 ], [ 9.127981, 44.440002 ], [ 9.128003, 44.440138 ], [ 9.128118, 44.440215 ], [ 9.128252, 44.440399 ], [ 9.128359, 44.440481 ], [ 9.128606, 44.440541 ], [ 9.128955, 44.440581 ], [ 9.129121, 44.440569 ], [ 9.129317, 44.440545 ], [ 9.129532, 44.440571 ] ] } },
{ "type": "Feature", "properties": { "osm_id": 1247675004, "highway": "path", "surface": "", "name": "", "paved": false }, "geometry": { "type": "LineString", "coordinates": [ [ 9.135156, 44.440586 ], [ 9.135059, 44.440631 ], [ 9.13497, 44.440655 ], [ 9.134735, 44.440666 ], [ 9.134559, 44.44066 ], [ 9.134378, 44.440641 ], [ 9.134206, 44.440641 ], [ 9.134089, 44.440685 ], [ 9.134045, 44.440673 ], [ 9.133981, 44.440295 ], [ 9.133887, 44.440317 ], [ 9.13359, 44.440257 ], [ 9.133358, 44.440172 ], [ 9.133217, 44.440041 ], [ 9.133056, 44.439932 ], [ 9.132931, 44.439879 ], [ 9.132727, 44.439865 ], [ 9.132362, 44.439868 ], [ 9.132218, 44.439809 ], [ 9.131873, 44.439839 ], [ 9.131618, 44.439746 ], [ 9.131582, 44.439722 ], [ 9.13143, 44.439693 ], [ 9.131029, 44.439694 ], [ 9.130832, 44.439735 ], [ 9.130748, 44.439828 ], [ 9.130703, 44.43982 ], [ 9.130762, 44.439677 ], [ 9.130714, 44.439612 ], [ 9.130689, 44.439555 ], [ 9.130407, 44.439463 ], [ 9.130199, 44.439388 ], [ 9.129973, 44.43934 ], [ 9.129919, 44.439478 ], [ 9.12982, 44.439588 ], [ 9.129753, 44.43964 ], [ 9.129665, 44.439807 ], [ 9.129645, 44.439987 ], [ 9.129652, 44.440131 ], [ 9.129581, 44.44026 ], [ 9.129659, 44.440379 ], [ 9.129621, 44.440489 ], [ 9.129532, 44.440571 ] ] } },
{ "type": "Feature", "properties": { "osm_id": 1247675005, "highway": "tertiary", "surface": "asphalt", "name": "", "paved": true }, "geometry": { "type": "LineString", "coordinates": [ [ 9.135156, 44.440586 ], [ 9.135333, 44.440645 ] ] } },
{ "type": "Feature", "properties": { "osm_id": 1255264077, "highway": "cycleway", "surface": "", "name": "", "paved": false }, "geometry": { "type": "LineString", "coordinates": [ [ 8.994938, 44.448796 ], [ 8.994015, 44.449046 ], [ 8.993661, 44.449155 ], [ 8.993384, 44.449263 ], [ 8.993132, 44.449379 ], [ 8.992265, 44.449846 ], [ 8.992103, 44.449945 ], [ 8.991966, 44.450053 ], [ 8.991872, 44.450139 ], [ 8.991793, 44.450231 ], [ 8.991701, 44.450361 ], [ 8.991646, 44.450456 ], [ 8.991603, 44.450565 ], [ 8.991562, 44.450716 ], [ 8.991545, 44.45086 ], [ 8.99155, 44.450904 ], [ 8.991572, 44.451059 ], [ 8.991628, 44.451274 ], [ 8.991662, 44.451469 ], [ 8.991652, 44.451596 ], [ 8.991627, 44.451697 ], [ 8.991544, 44.451872 ] ] } },
{ "type": "Feature", "properties": { "osm_id": 1255264078, "highway": "cycleway", "surface": "asphalt", "name": "", "paved": true }, "geometry": { "type": "LineString", "coordinates": [ [ 8.991544, 44.451872 ], [ 8.991463, 44.451977 ], [ 8.990953, 44.45239 ], [ 8.990874, 44.452446 ], [ 8.990429, 44.452701 ], [ 8.990256, 44.452774 ], [ 8.989939, 44.452898 ], [ 8.989541, 44.453035 ], [ 8.98883, 44.453229 ], [ 8.98715, 44.453675 ] ] } },
{ "type": "Feature", "properties": { "osm_id": 1255264079, "highway": "cycleway", "surface": "asphalt", "name": "", "paved": true }, "geometry": { "type": "LineString", "coordinates": [ [ 8.98285, 44.453583 ], [ 8.981943, 44.453385 ], [ 8.98131, 44.453229 ], [ 8.980585, 44.453064 ] ] } },
{ "type": "Feature", "properties": { "osm_id": 1255264080, "highway": "cycleway", "surface": "asphalt", "name": "", "paved": true }, "geometry": { "type": "LineString", "coordinates": [ [ 8.980681, 44.452852 ], [ 8.981318, 44.452985 ], [ 8.981506, 44.453039 ], [ 8.982173, 44.453203 ], [ 8.982521, 44.453278 ], [ 8.983251, 44.453451 ], [ 8.983343, 44.45347 ], [ 8.983756, 44.453573 ] ] } },
{ "type": "Feature", "properties": { "osm_id": 1255264081, "highway": "cycleway", "surface": "asphalt", "name": "", "paved": true }, "geometry": { "type": "LineString", "coordinates": [ [ 8.986802, 44.45357 ], [ 8.987519, 44.453381 ], [ 8.98814, 44.453194 ], [ 8.988708, 44.453061 ], [ 8.989182, 44.452931 ], [ 8.989299, 44.452881 ], [ 8.98948, 44.452823 ], [ 8.989599, 44.452791 ], [ 8.989739, 44.452737 ], [ 8.989893, 44.452687 ], [ 8.98999, 44.452644 ], [ 8.990098, 44.452588 ], [ 8.990222, 44.4526 ], [ 8.990249, 44.452612 ] ] } },
{ "type": "Feature", "properties": { "osm_id": 1255264082, "highway": "cycleway", "surface": "", "name": "", "paved": false }, "geometry": { "type": "LineString", "coordinates": [ [ 8.991366, 44.451791 ], [ 8.991307, 44.45182 ], [ 8.991026, 44.452062 ], [ 8.990735, 44.452294 ], [ 8.990429, 44.452479 ], [ 8.990249, 44.452612 ] ] } },
{ "type": "Feature", "properties": { "osm_id": 1255264083, "highway": "cycleway", "surface": "", "name": "", "paved": false }, "geometry": { "type": "LineString", "coordinates": [ [ 8.991366, 44.451791 ], [ 8.991397, 44.451647 ], [ 8.99139, 44.451471 ], [ 8.991311, 44.451192 ], [ 8.991258, 44.451048 ], [ 8.991243, 44.450888 ], [ 8.991252, 44.450739 ], [ 8.991289, 44.450611 ], [ 8.991392, 44.450391 ], [ 8.991437, 44.450257 ], [ 8.991639, 44.450072 ], [ 8.991676, 44.450085 ] ] } },
{ "type": "Feature", "properties": { "osm_id": 1255264084, "highway": "cycleway", "surface": "", "name": "", "paved": false }, "geometry": { "type": "LineString", "coordinates": [ [ 8.99206, 44.449773 ], [ 8.992343, 44.449593 ], [ 8.992851, 44.449307 ], [ 8.992976, 44.449243 ], [ 8.993035, 44.449237 ], [ 8.993069, 44.449205 ], [ 8.993117, 44.44918 ], [ 8.993423, 44.449042 ], [ 8.993583, 44.448976 ], [ 8.993863, 44.448879 ], [ 8.994147, 44.448797 ], [ 8.994274, 44.448793 ], [ 8.994432, 44.448731 ], [ 8.994781, 44.448642 ] ] } },
{ "type": "Feature", "properties": { "osm_id": 1255266540, "highway": "unclassified", "surface": "asphalt", "name": "Salita Sant'Eusebio", "paved": true }, "geometry": { "type": "LineString", "coordinates": [ [ 8.991662, 44.450133 ], [ 8.991676, 44.450085 ] ] } },
{ "type": "Feature", "properties": { "osm_id": 1255266541, "highway": "unclassified", "surface": "asphalt", "name": "Salita Sant'Eusebio", "paved": true }, "geometry": { "type": "LineString", "coordinates": [ [ 8.99206, 44.449773 ], [ 8.992076, 44.449783 ] ] } },
{ "type": "Feature", "properties": { "osm_id": 1255349810, "highway": "cycleway", "surface": "asphalt", "name": "", "paved": true }, "geometry": { "type": "LineString", "coordinates": [ [ 8.97852, 44.452262 ], [ 8.978983, 44.452415 ], [ 8.979309, 44.452517 ], [ 8.97946, 44.452554 ], [ 8.979782, 44.452613 ], [ 8.980001, 44.452636 ], [ 8.980482, 44.452631 ], [ 8.980675, 44.452676 ], [ 8.980709, 44.452758 ], [ 8.980702, 44.452856 ] ] } },
{ "type": "Feature", "properties": { "osm_id": 1265358994, "highway": "path", "surface": "", "name": "Salita della Chiosa", "paved": false }, "geometry": { "type": "LineString", "coordinates": [ [ 9.005419, 44.457464 ], [ 9.005313, 44.457489 ], [ 9.00523, 44.457494 ], [ 9.005134, 44.457445 ], [ 9.004984, 44.457424 ], [ 9.004848, 44.457366 ], [ 9.004667, 44.457348 ], [ 9.004593, 44.457356 ], [ 9.004572, 44.457417 ], [ 9.004591, 44.457521 ], [ 9.004627, 44.457632 ], [ 9.004689, 44.457744 ], [ 9.004886, 44.457945 ], [ 9.005127, 44.45812 ], [ 9.005211, 44.458193 ], [ 9.005239, 44.458263 ], [ 9.005254, 44.458403 ], [ 9.005287, 44.458461 ], [ 9.005354, 44.458513 ], [ 9.005456, 44.45861 ], [ 9.005544, 44.458721 ], [ 9.005552, 44.45877 ], [ 9.005618, 44.45883 ], [ 9.005781, 44.458901 ], [ 9.006205, 44.459102 ], [ 9.006255, 44.459134 ], [ 9.006248, 44.459165 ], [ 9.006248, 44.459204 ], [ 9.006291, 44.459235 ], [ 9.006422, 44.459284 ], [ 9.006524, 44.459328 ], [ 9.006596, 44.459369 ], [ 9.006639, 44.459403 ], [ 9.00667, 44.459451 ], [ 9.006727, 44.459497 ], [ 9.007008, 44.459623 ], [ 9.007094, 44.459652 ], [ 9.007149, 44.459693 ], [ 9.007213, 44.459727 ], [ 9.007278, 44.459773 ], [ 9.007352, 44.459802 ], [ 9.007478, 44.459827 ], [ 9.00758, 44.459866 ], [ 9.007642, 44.459924 ], [ 9.007717, 44.459965 ] ] } },
{ "type": "Feature", "properties": { "osm_id": 1265358995, "highway": "path", "surface": "", "name": "Salita Costa di Sestri", "paved": false }, "geometry": { "type": "LineString", "coordinates": [ [ 9.005419, 44.457464 ], [ 9.00487, 44.457173 ], [ 9.004659, 44.45691 ] ] } },
{ "type": "Feature", "properties": { "osm_id": 1272094173, "highway": "steps", "surface": "", "name": "", "paved": false }, "geometry": { "type": "LineString", "coordinates": [ [ 8.97334, 44.452999 ], [ 8.973355, 44.452981 ], [ 8.973341, 44.452891 ], [ 8.97331, 44.452766 ] ] } },
{ "type": "Feature", "properties": { "osm_id": 1272094174, "highway": "path", "surface": "", "name": "", "paved": false }, "geometry": { "type": "LineString", "coordinates": [ [ 8.97331, 44.452766 ], [ 8.973318, 44.452744 ], [ 8.973347, 44.452752 ], [ 8.973445, 44.452853 ], [ 8.973535, 44.452882 ], [ 8.973759, 44.452904 ], [ 8.973793, 44.45288 ], [ 8.973793, 44.452824 ], [ 8.973728, 44.452759 ], [ 8.97365, 44.452649 ], [ 8.973609, 44.452558 ], [ 8.973571, 44.452425 ], [ 8.973528, 44.452197 ], [ 8.973478, 44.452071 ], [ 8.973476, 44.451999 ], [ 8.973443, 44.45196 ], [ 8.97341, 44.451932 ], [ 8.973398, 44.451909 ], [ 8.973422, 44.451906 ], [ 8.973442, 44.451929 ], [ 8.973465, 44.451937 ], [ 8.973491, 44.451923 ], [ 8.973482, 44.451882 ], [ 8.973456, 44.451828 ], [ 8.973467, 44.451815 ], [ 8.973502, 44.451831 ], [ 8.973541, 44.451888 ], [ 8.973591, 44.451921 ], [ 8.973646, 44.451994 ] ] } },
{ "type": "Feature", "properties": { "osm_id": 1290329022, "highway": "service", "surface": "", "name": "", "paved": false }, "geometry": { "type": "LineString", "coordinates": [ [ 9.194804, 44.424804 ], [ 9.194783, 44.424827 ], [ 9.19472, 44.424925 ] ] } },
{ "type": "Feature", "properties": { "osm_id": 1290329023, "highway": "unclassified", "surface": "", "name": "", "paved": false }, "geometry": { "type": "LineString", "coordinates": [ [ 9.194683, 44.425206 ], [ 9.194614, 44.425328 ], [ 9.194586, 44.425366 ], [ 9.194539, 44.425458 ], [ 9.194523, 44.425513 ] ] } },
{ "type": "Feature", "properties": { "osm_id": 1290329024, "highway": "track", "surface": "", "name": "", "paved": false }, "geometry": { "type": "LineString", "coordinates": [ [ 9.194523, 44.425513 ], [ 9.194525, 44.425556 ], [ 9.194555, 44.425642 ], [ 9.194559, 44.42568 ], [ 9.194553, 44.425715 ], [ 9.194491, 44.425796 ], [ 9.194454, 44.425882 ], [ 9.19443, 44.425997 ], [ 9.194409, 44.426155 ], [ 9.194432, 44.426201 ], [ 9.194478, 44.426236 ], [ 9.194529, 44.426251 ], [ 9.194567, 44.426251 ], [ 9.19463, 44.426236 ], [ 9.194682, 44.426244 ], [ 9.194729, 44.426279 ], [ 9.194765, 44.426342 ], [ 9.194786, 44.426498 ], [ 9.194827, 44.426562 ], [ 9.194851, 44.426589 ], [ 9.19489, 44.426602 ], [ 9.194925, 44.426599 ], [ 9.19495, 44.426585 ], [ 9.194946, 44.426432 ], [ 9.194972, 44.426365 ], [ 9.195047, 44.426313 ], [ 9.195125, 44.426287 ], [ 9.195335, 44.426277 ], [ 9.195469, 44.426262 ], [ 9.195581, 44.426233 ], [ 9.195802, 44.426162 ], [ 9.196033, 44.42607 ], [ 9.196199, 44.425993 ], [ 9.196337, 44.425899 ], [ 9.196504, 44.425836 ], [ 9.196866, 44.425724 ], [ 9.197076, 44.425682 ] ] } },
{ "type": "Feature", "properties": { "osm_id": 1292865071, "highway": "service", "surface": "", "name": "", "paved": false }, "geometry": { "type": "LineString", "coordinates": [ [ 9.204207, 44.424631 ], [ 9.204159, 44.424646 ], [ 9.204141, 44.42466 ], [ 9.204129, 44.424694 ], [ 9.204136, 44.42472 ], [ 9.204279, 44.42478 ], [ 9.204322, 44.424779 ], [ 9.204463, 44.42473 ], [ 9.204498, 44.424703 ], [ 9.204507, 44.424665 ], [ 9.20448, 44.424593 ], [ 9.2045, 44.424558 ], [ 9.204546, 44.42454 ], [ 9.204687, 44.424508 ], [ 9.204877, 44.42448 ], [ 9.205166, 44.42446 ], [ 9.205441, 44.424397 ], [ 9.205583, 44.424396 ], [ 9.205651, 44.424408 ], [ 9.20569, 44.424403 ], [ 9.205721, 44.424391 ], [ 9.205749, 44.424367 ], [ 9.205766, 44.424321 ] ] } },
{ "type": "Feature", "properties": { "osm_id": 1295724660, "highway": "primary", "surface": "asphalt", "name": "Via del Commercio", "paved": true }, "geometry": { "type": "LineString", "coordinates": [ [ 9.182709, 44.4296 ], [ 9.182594, 44.429719 ], [ 9.182524, 44.429803 ] ] } },
{ "type": "Feature", "properties": { "osm_id": 1313291756, "highway": "service", "surface": "", "name": "", "paved": false }, "geometry": { "type": "LineString", "coordinates": [ [ 9.218438, 44.416344 ], [ 9.217698, 44.416209 ], [ 9.217618, 44.416189 ] ] } },
{ "type": "Feature", "properties": { "osm_id": 1315086925, "highway": "steps", "surface": "", "name": "", "paved": false }, "geometry": { "type": "LineString", "coordinates": [ [ 9.021489, 44.457608 ], [ 9.021526, 44.457599 ], [ 9.021538, 44.457591 ], [ 9.021515, 44.457525 ], [ 9.02152, 44.457517 ] ] } },
{ "type": "Feature", "properties": { "osm_id": 1315086926, "highway": "path", "surface": "", "name": "", "paved": false }, "geometry": { "type": "LineString", "coordinates": [ [ 9.02152, 44.457517 ], [ 9.021575, 44.457493 ] ] } },
{ "type": "Feature", "properties": { "osm_id": 1315098852, "highway": "steps", "surface": "paved", "name": "Salita San Martino di Struppa", "paved": true }, "geometry": { "type": "LineString", "coordinates": [ [ 9.02178, 44.457224 ], [ 9.021769, 44.457237 ], [ 9.021758, 44.457238 ], [ 9.021734, 44.457228 ], [ 9.021722, 44.457236 ], [ 9.02172, 44.457244 ] ] } },
{ "type": "Feature", "properties": { "osm_id": 1315098853, "highway": "footway", "surface": "", "name": "Salita Chiappa di Struppa", "paved": false }, "geometry": { "type": "LineString", "coordinates": [ [ 9.021473, 44.455792 ], [ 9.021637, 44.455855 ], [ 9.021852, 44.45596 ], [ 9.021904, 44.455975 ] ] } },
{ "type": "Feature", "properties": { "osm_id": 1315098854, "highway": "footway", "surface": "", "name": "Salita Ca' Driella", "paved": false }, "geometry": { "type": "LineString", "coordinates": [ [ 9.01824, 44.454938 ], [ 9.018191, 44.45493 ] ] } },
{ "type": "Feature", "properties": { "osm_id": 1315113054, "highway": "service", "surface": "", "name": "", "paved": false }, "geometry": { "type": "LineString", "coordinates": [ [ 9.009695, 44.455015 ], [ 9.010174, 44.454734 ] ] } },
{ "type": "Feature", "properties": { "osm_id": 1315113055, "highway": "service", "surface": "", "name": "", "paved": false }, "geometry": { "type": "LineString", "coordinates": [ [ 9.010144, 44.454752 ], [ 9.010128, 44.454733 ] ] } },
{ "type": "Feature", "properties": { "osm_id": 1315113056, "highway": "service", "surface": "", "name": "", "paved": false }, "geometry": { "type": "LineString", "coordinates": [ [ 9.009653, 44.454719 ], [ 9.009667, 44.454742 ], [ 9.009695, 44.454861 ], [ 9.009804, 44.454954 ] ] } },
{ "type": "Feature", "properties": { "osm_id": 1315113058, "highway": "service", "surface": "", "name": "", "paved": false }, "geometry": { "type": "LineString", "coordinates": [ [ 9.0095, 44.455013 ], [ 9.009625, 44.455106 ], [ 9.010152, 44.455528 ], [ 9.010171, 44.455538 ], [ 9.010198, 44.455543 ], [ 9.010226, 44.45554 ], [ 9.010261, 44.455516 ], [ 9.010272, 44.4555 ], [ 9.01027, 44.455484 ], [ 9.010121, 44.455362 ], [ 9.01012, 44.455343 ], [ 9.010199, 44.455167 ] ] } },
{ "type": "Feature", "properties": { "osm_id": 1315113060, "highway": "service", "surface": "", "name": "", "paved": false }, "geometry": { "type": "LineString", "coordinates": [ [ 9.010164, 44.45482 ], [ 9.010265, 44.454896 ] ] } },
{ "type": "Feature", "properties": { "osm_id": 1316634542, "highway": "residential", "surface": "", "name": "Salita Maggiolo di Struppa", "paved": true }, "geometry": { "type": "LineString", "coordinates": [ [ 9.026289, 44.459353 ], [ 9.026314, 44.459362 ], [ 9.026354, 44.459353 ], [ 9.026397, 44.459321 ], [ 9.026484, 44.459219 ], [ 9.026606, 44.459099 ], [ 9.026635, 44.459025 ], [ 9.026638, 44.459001 ], [ 9.026632, 44.458967 ], [ 9.026615, 44.458933 ], [ 9.026571, 44.458898 ], [ 9.026529, 44.458855 ], [ 9.026502, 44.458811 ], [ 9.026492, 44.458761 ], [ 9.026513, 44.458494 ], [ 9.026507, 44.458327 ] ] } },
{ "type": "Feature", "properties": { "osm_id": 1317543179, "highway": "footway", "surface": "", "name": "", "paved": false }, "geometry": { "type": "LineString", "coordinates": [ [ 8.99815, 44.452966 ], [ 8.998192, 44.452956 ], [ 8.998211, 44.45294 ], [ 8.998215, 44.45292 ] ] } },
{ "type": "Feature", "properties": { "osm_id": 1317543180, "highway": "footway", "surface": "", "name": "Salita San Bazà", "paved": false }, "geometry": { "type": "LineString", "coordinates": [ [ 8.994793, 44.451032 ], [ 8.994753, 44.45097 ], [ 8.994757, 44.450904 ], [ 8.994782, 44.450873 ], [ 8.994812, 44.45087 ], [ 8.994849, 44.450876 ], [ 8.994932, 44.450877 ] ] } },
{ "type": "Feature", "properties": { "osm_id": 1317543181, "highway": "footway", "surface": "", "name": "Salita San Bazà", "paved": false }, "geometry": { "type": "LineString", "coordinates": [ [ 8.995128, 44.451054 ], [ 8.995119, 44.450831 ] ] } },
{ "type": "Feature", "properties": { "osm_id": 1355137847, "highway": "service", "surface": "", "name": "", "paved": false }, "geometry": { "type": "LineString", "coordinates": [ [ 9.132747, 44.438657 ], [ 9.133651, 44.439134 ] ] } },
{ "type": "Feature", "properties": { "osm_id": 1355137848, "highway": "service", "surface": "", "name": "", "paved": false }, "geometry": { "type": "LineString", "coordinates": [ [ 9.133515, 44.439231 ], [ 9.133473, 44.439246 ], [ 9.133427, 44.439252 ], [ 9.13339, 44.439252 ], [ 9.13332, 44.439235 ], [ 9.132947, 44.439045 ], [ 9.132897, 44.438993 ], [ 9.132857, 44.438936 ], [ 9.132792, 44.438775 ], [ 9.132768, 44.438752 ], [ 9.132738, 44.438735 ], [ 9.132703, 44.438722 ], [ 9.132666, 44.438715 ], [ 9.132627, 44.438714 ], [ 9.132585, 44.43872 ], [ 9.132547, 44.438733 ], [ 9.132514, 44.438752 ], [ 9.132489, 44.438776 ], [ 9.132473, 44.438804 ], [ 9.132466, 44.438834 ], [ 9.132461, 44.438891 ], [ 9.132468, 44.438948 ], [ 9.132534, 44.439024 ], [ 9.132618, 44.43909 ] ] } },
{ "type": "Feature", "properties": { "osm_id": 1355137849, "highway": "service", "surface": "", "name": "", "paved": false }, "geometry": { "type": "LineString", "coordinates": [ [ 9.131759, 44.438673 ], [ 9.13193, 44.438703 ], [ 9.132079, 44.438703 ], [ 9.132356, 44.43869 ], [ 9.132639, 44.438665 ], [ 9.133024, 44.438638 ], [ 9.133183, 44.438638 ], [ 9.133275, 44.43864 ], [ 9.133367, 44.438648 ], [ 9.133457, 44.438663 ], [ 9.133544, 44.438685 ], [ 9.133634, 44.438714 ], [ 9.133718, 44.43875 ], [ 9.133753, 44.438776 ], [ 9.133781, 44.438806 ], [ 9.133803, 44.438839 ], [ 9.133818, 44.438874 ], [ 9.133825, 44.438916 ], [ 9.133822, 44.438958 ], [ 9.133809, 44.438998 ], [ 9.133785, 44.439037 ], [ 9.133515, 44.439231 ] ] } },
{ "type": "Feature", "properties": { "osm_id": 1365346714, "highway": "path", "surface": "", "name": "", "paved": false }, "geometry": { "type": "LineString", "coordinates": [ [ 9.163353, 44.432971 ], [ 9.163352, 44.433016 ], [ 9.163418, 44.433171 ], [ 9.163697, 44.433435 ], [ 9.163872, 44.433515 ], [ 9.164011, 44.433597 ], [ 9.164014, 44.433768 ], [ 9.16396, 44.433863 ], [ 9.164006, 44.433906 ], [ 9.164156, 44.433982 ], [ 9.164239, 44.434168 ], [ 9.164308, 44.434297 ], [ 9.164462, 44.434386 ], [ 9.164589, 44.434395 ], [ 9.164652, 44.434326 ], [ 9.164716, 44.433948 ], [ 9.164972, 44.433602 ], [ 9.165073, 44.433365 ], [ 9.16504, 44.433207 ], [ 9.165086, 44.433131 ], [ 9.165197, 44.433148 ], [ 9.165253, 44.4333 ], [ 9.165337, 44.433492 ], [ 9.165339, 44.433591 ], [ 9.165193, 44.433736 ], [ 9.165262, 44.43388 ], [ 9.165586, 44.434315 ], [ 9.165756, 44.434422 ], [ 9.165985, 44.434494 ], [ 9.166544, 44.434329 ], [ 9.167231, 44.434114 ], [ 9.167958, 44.433919 ], [ 9.168549, 44.43384 ], [ 9.168837, 44.433833 ] ] } },
{ "type": "Feature", "properties": { "osm_id": 1367659689, "highway": "residential", "surface": "", "name": "", "paved": true }, "geometry": { "type": "LineString", "coordinates": [ [ 9.190558, 44.429569 ], [ 9.190805, 44.429484 ], [ 9.190945, 44.429392 ], [ 9.19102, 44.429271 ], [ 9.191149, 44.429017 ], [ 9.1911, 44.428729 ], [ 9.191124, 44.428643 ], [ 9.191277, 44.428536 ], [ 9.191355, 44.428325 ], [ 9.191457, 44.428226 ], [ 9.191776, 44.428099 ] ] } },
{ "type": "Feature", "properties": { "osm_id": 1391584511, "highway": "footway", "surface": "", "name": "", "paved": false }, "geometry": { "type": "LineString", "coordinates": [ [ 8.992455, 44.450534 ], [ 8.992614, 44.450507 ], [ 8.992833, 44.450372 ], [ 8.993485, 44.450023 ], [ 8.993571, 44.449964 ], [ 8.993684, 44.449898 ], [ 8.993863, 44.449802 ], [ 8.993878, 44.449785 ], [ 8.99397, 44.44974 ], [ 8.994208, 44.44967 ], [ 8.994362, 44.449631 ] ] } },
{ "type": "Feature", "properties": { "osm_id": 1391584512, "highway": "footway", "surface": "", "name": "", "paved": false }, "geometry": { "type": "LineString", "coordinates": [ [ 8.994362, 44.449631 ], [ 8.994293, 44.449514 ] ] } },
{ "type": "Feature", "properties": { "osm_id": 1391584513, "highway": "footway", "surface": "", "name": "", "paved": false }, "geometry": { "type": "LineString", "coordinates": [ [ 8.993602, 44.450026 ], [ 8.993659, 44.45009 ] ] } },
{ "type": "Feature", "properties": { "osm_id": 1391584514, "highway": "steps", "surface": "", "name": "", "paved": false }, "geometry": { "type": "LineString", "coordinates": [ [ 8.993533, 44.44999 ], [ 8.993563, 44.450013 ] ] } },
{ "type": "Feature", "properties": { "osm_id": 1391584515, "highway": "steps", "surface": "", "name": "", "paved": false }, "geometry": { "type": "LineString", "coordinates": [ [ 8.993563, 44.450013 ], [ 8.993583, 44.450004 ] ] } },
{ "type": "Feature", "properties": { "osm_id": 1391584516, "highway": "steps", "surface": "", "name": "", "paved": false }, "geometry": { "type": "LineString", "coordinates": [ [ 8.993583, 44.450004 ], [ 8.993602, 44.450026 ] ] } },
{ "type": "Feature", "properties": { "osm_id": 1391584517, "highway": "footway", "surface": "", "name": "", "paved": false }, "geometry": { "type": "LineString", "coordinates": [ [ 8.993563, 44.450013 ], [ 8.993567, 44.450017 ] ] } },
{ "type": "Feature", "properties": { "osm_id": 1410161951, "highway": "unclassified", "surface": "asphalt", "name": "Via Mantova", "paved": true }, "geometry": { "type": "LineString", "coordinates": [ [ 8.975135, 44.452512 ], [ 8.975182, 44.45249 ], [ 8.975201, 44.45249 ], [ 8.97532, 44.452548 ], [ 8.975378, 44.452559 ], [ 8.975409, 44.45256 ], [ 8.975451, 44.452548 ], [ 8.975552, 44.452497 ] ] } },
{ "type": "Feature", "properties": { "osm_id": 1415200281, "highway": "trunk", "surface": "asphalt", "name": "Strada statale 225 della Fontanabuona", "paved": true }, "geometry": { "type": "LineString", "coordinates": [ [ 9.122417, 44.437198 ], [ 9.122256, 44.437176 ], [ 9.1221, 44.437146 ], [ 9.121893, 44.437091 ], [ 9.12169, 44.43702 ], [ 9.121529, 44.436945 ], [ 9.121376, 44.436855 ], [ 9.121213, 44.436747 ], [ 9.121071, 44.43664 ], [ 9.118811, 44.434868 ], [ 9.118645, 44.434752 ] ] } },
{ "type": "Feature", "properties": { "osm_id": 1428257792, "highway": "path", "surface": "ground", "name": "Via Scovaz Sotto", "paved": false }, "geometry": { "type": "LineString", "coordinates": [ [ 8.981525, 44.446395 ], [ 8.981553, 44.446441 ], [ 8.981783, 44.446588 ], [ 8.982151, 44.447246 ], [ 8.982147, 44.447456 ], [ 8.981907, 44.447909 ], [ 8.981354, 44.448203 ], [ 8.980836, 44.448502 ], [ 8.980668, 44.448673 ], [ 8.980639, 44.448927 ], [ 8.980777, 44.449135 ], [ 8.981038, 44.44926 ], [ 8.981383, 44.449402 ], [ 8.981705, 44.449451 ], [ 8.982347, 44.449472 ], [ 8.982984, 44.449329 ], [ 8.983202, 44.449236 ], [ 8.984202, 44.449009 ], [ 8.984748, 44.448758 ] ] } },
{ "type": "Feature", "properties": { "osm_id": 1428257793, "highway": "path", "surface": "ground", "name": "Via Scovaz", "paved": false }, "geometry": { "type": "LineString", "coordinates": [ [ 8.983098, 44.446378 ], [ 8.983136, 44.446447 ], [ 8.983187, 44.446691 ], [ 8.983165, 44.446921 ], [ 8.983199, 44.447147 ], [ 8.983295, 44.447369 ], [ 8.983285, 44.447839 ], [ 8.983251, 44.448066 ], [ 8.983117, 44.448271 ], [ 8.983045, 44.448493 ], [ 8.983284, 44.448667 ], [ 8.98359, 44.448733 ], [ 8.983918, 44.448765 ], [ 8.984287, 44.448765 ], [ 8.984748, 44.448758 ], [ 8.985716, 44.448691 ], [ 8.986128, 44.44883 ], [ 8.986429, 44.448905 ], [ 8.986679, 44.448927 ], [ 8.986841, 44.448883 ], [ 8.986989, 44.448775 ], [ 8.987082, 44.448649 ], [ 8.987449, 44.448345 ], [ 8.987679, 44.448041 ], [ 8.987706, 44.447888 ], [ 8.987448, 44.447494 ], [ 8.987262, 44.447233 ], [ 8.987222, 44.447106 ], [ 8.987323, 44.446813 ], [ 8.987276, 44.446435 ], [ 8.987277, 44.446331 ] ] } },
{ "type": "Feature", "properties": { "osm_id": 1442562237, "highway": "primary", "surface": "asphalt", "name": "Via Donega", "paved": true }, "geometry": { "type": "LineString", "coordinates": [ [ 9.178621, 44.432745 ], [ 9.17841, 44.432939 ], [ 9.178204, 44.433096 ], [ 9.17815, 44.433118 ], [ 9.178054, 44.433136 ], [ 9.177526, 44.433107 ], [ 9.177006, 44.433066 ] ] } },
{ "type": "Feature", "properties": { "osm_id": 1442562238, "highway": "steps", "surface": "", "name": "", "paved": false }, "geometry": { "type": "LineString", "coordinates": [ [ 9.155809, 44.436654 ], [ 9.15616, 44.436829 ], [ 9.156146, 44.436908 ] ] } },
{ "type": "Feature", "properties": { "osm_id": 1442562240, "highway": "residential", "surface": "", "name": "", "paved": true }, "geometry": { "type": "LineString", "coordinates": [ [ 9.16909, 44.435505 ], [ 9.169317, 44.435612 ], [ 9.169551, 44.435706 ], [ 9.169744, 44.435739 ], [ 9.170326, 44.435791 ], [ 9.170532, 44.435818 ], [ 9.170587, 44.435848 ], [ 9.170651, 44.435913 ], [ 9.170627, 44.436007 ], [ 9.170541, 44.436126 ], [ 9.170454, 44.436194 ] ] } },
{ "type": "Feature", "properties": { "osm_id": 1442612412, "highway": "residential", "surface": "", "name": "", "paved": true }, "geometry": { "type": "LineString", "coordinates": [ [ 9.22, 44.420938 ], [ 9.219875, 44.420935 ], [ 9.219467, 44.420898 ], [ 9.219278, 44.420871 ], [ 9.219137, 44.420864 ], [ 9.219062, 44.42089 ], [ 9.219018, 44.420938 ], [ 9.218896, 44.421105 ], [ 9.218801, 44.421281 ] ] } },
{ "type": "Feature", "properties": { "osm_id": 1442612413, "highway": "residential", "surface": "", "name": "", "paved": true }, "geometry": { "type": "LineString", "coordinates": [ [ 9.220503, 44.420356 ], [ 9.220448, 44.420464 ], [ 9.22043, 44.420553 ], [ 9.22045, 44.420645 ], [ 9.220521, 44.420781 ], [ 9.220629, 44.420958 ], [ 9.220651, 44.421028 ], [ 9.220669, 44.421049 ], [ 9.220696, 44.421058 ], [ 9.220718, 44.421054 ], [ 9.220737, 44.421035 ], [ 9.220752, 44.42069 ], [ 9.220765, 44.420618 ] ] } },
{ "type": "Feature", "properties": { "osm_id": 1442612414, "highway": "residential", "surface": "", "name": "", "paved": true }, "geometry": { "type": "LineString", "coordinates": [ [ 9.220503, 44.420356 ], [ 9.220434, 44.420392 ], [ 9.220382, 44.420439 ], [ 9.220335, 44.420513 ], [ 9.220342, 44.420657 ], [ 9.220391, 44.420894 ], [ 9.220393, 44.42098 ], [ 9.220377, 44.420996 ], [ 9.220325, 44.421013 ], [ 9.220213, 44.421 ], [ 9.22, 44.420938 ], [ 9.219887, 44.420892 ], [ 9.219772, 44.420856 ], [ 9.219552, 44.420818 ], [ 9.219501, 44.420795 ], [ 9.219451, 44.420759 ], [ 9.219393, 44.42073 ], [ 9.219318, 44.420715 ] ] } },
{ "type": "Feature", "properties": { "osm_id": 1442612415, "highway": "unclassified", "surface": "", "name": "", "paved": false }, "geometry": { "type": "LineString", "coordinates": [ [ 9.221576, 44.4179 ], [ 9.22163, 44.417929 ], [ 9.221665, 44.417981 ], [ 9.221689, 44.418074 ], [ 9.221695, 44.418119 ], [ 9.221681, 44.418237 ], [ 9.221571, 44.418437 ], [ 9.221464, 44.418615 ], [ 9.221345, 44.418861 ], [ 9.221337, 44.418923 ], [ 9.221354, 44.418976 ], [ 9.221476, 44.41911 ], [ 9.22151, 44.419168 ], [ 9.221524, 44.419248 ], [ 9.221515, 44.419364 ], [ 9.221478, 44.419424 ], [ 9.221424, 44.419484 ], [ 9.221333, 44.419517 ], [ 9.221196, 44.419538 ], [ 9.221091, 44.419574 ], [ 9.221005, 44.419613 ], [ 9.22094, 44.419678 ], [ 9.220857, 44.419807 ], [ 9.220838, 44.419858 ], [ 9.220793, 44.420072 ], [ 9.220756, 44.420155 ], [ 9.220717, 44.420217 ], [ 9.220666, 44.420267 ], [ 9.220615, 44.420305 ], [ 9.220503, 44.420356 ] ] } },
{ "type": "Feature", "properties": { "osm_id": 1442612416, "highway": "residential", "surface": "", "name": "", "paved": true }, "geometry": { "type": "LineString", "coordinates": [ [ 9.214061, 44.420006 ], [ 9.214171, 44.420038 ], [ 9.214316, 44.420069 ], [ 9.214525, 44.420101 ], [ 9.215016, 44.420134 ], [ 9.215198, 44.42013 ], [ 9.215333, 44.420119 ], [ 9.215383, 44.420119 ], [ 9.215426, 44.420126 ], [ 9.215459, 44.420144 ], [ 9.215539, 44.420241 ], [ 9.215604, 44.420356 ], [ 9.215641, 44.4204 ], [ 9.215791, 44.42049 ] ] } },
{ "type": "Feature", "properties": { "osm_id": 1442612417, "highway": "service", "surface": "", "name": "", "paved": false }, "geometry": { "type": "LineString", "coordinates": [ [ 9.210996, 44.418623 ], [ 9.210965, 44.418653 ], [ 9.210947, 44.418683 ], [ 9.210958, 44.418798 ], [ 9.210942, 44.418834 ], [ 9.210888, 44.418858 ], [ 9.210856, 44.41886 ], [ 9.210831, 44.418852 ], [ 9.210796, 44.418807 ] ] } },
{ "type": "Feature", "properties": { "osm_id": 1442612419, "highway": "residential", "surface": "", "name": "", "paved": true }, "geometry": { "type": "LineString", "coordinates": [ [ 9.20909, 44.420839 ], [ 9.209011, 44.420751 ], [ 9.208871, 44.4205 ], [ 9.208666, 44.420266 ] ] } },
{ "type": "Feature", "properties": { "osm_id": 1442612420, "highway": "service", "surface": "", "name": "", "paved": false }, "geometry": { "type": "LineString", "coordinates": [ [ 9.208375, 44.421141 ], [ 9.208463, 44.421245 ], [ 9.208478, 44.421273 ], [ 9.208483, 44.421299 ], [ 9.208476, 44.421322 ], [ 9.208404, 44.421364 ], [ 9.208289, 44.42141 ], [ 9.208282, 44.421434 ], [ 9.208297, 44.421466 ], [ 9.208418, 44.421629 ] ] } },
{ "type": "Feature", "properties": { "osm_id": 1442612421, "highway": "steps", "surface": "", "name": "", "paved": false }, "geometry": { "type": "LineString", "coordinates": [ [ 9.20641, 44.42249 ], [ 9.206521, 44.422598 ] ] } },
{ "type": "Feature", "properties": { "osm_id": 1442612422, "highway": "steps", "surface": "", "name": "", "paved": false }, "geometry": { "type": "LineString", "coordinates": [ [ 9.206166, 44.422234 ], [ 9.206147, 44.422262 ], [ 9.206141, 44.422296 ], [ 9.206151, 44.422319 ], [ 9.206169, 44.422329 ], [ 9.206271, 44.422347 ], [ 9.206316, 44.422345 ], [ 9.206375, 44.422349 ], [ 9.206417, 44.422367 ], [ 9.206437, 44.422393 ], [ 9.206438, 44.422423 ], [ 9.206426, 44.422464 ], [ 9.20641, 44.42249 ] ] } },
{ "type": "Feature", "properties": { "osm_id": 1442612423, "highway": "steps", "surface": "", "name": "", "paved": false }, "geometry": { "type": "LineString", "coordinates": [ [ 9.206166, 44.422234 ], [ 9.206233, 44.422233 ], [ 9.206269, 44.422243 ], [ 9.206285, 44.422263 ], [ 9.206285, 44.422303 ], [ 9.206271, 44.422347 ], [ 9.206243, 44.422378 ], [ 9.206233, 44.422407 ], [ 9.206235, 44.422434 ], [ 9.206255, 44.422461 ], [ 9.206307, 44.422481 ], [ 9.206369, 44.422492 ], [ 9.20641, 44.42249 ] ] } },
{ "type": "Feature", "properties": { "osm_id": 1442612424, "highway": "residential", "surface": "", "name": "", "paved": true }, "geometry": { "type": "LineString", "coordinates": [ [ 9.201862, 44.428 ], [ 9.201925, 44.428068 ], [ 9.201985, 44.428104 ], [ 9.202074, 44.428122 ], [ 9.202188, 44.428118 ], [ 9.202345, 44.428087 ], [ 9.202469, 44.428055 ], [ 9.202544, 44.428022 ], [ 9.202589, 44.428015 ], [ 9.202682, 44.428016 ], [ 9.202737, 44.428023 ], [ 9.2028, 44.428039 ] ] } },
{ "type": "Feature", "properties": { "osm_id": 1442612425, "highway": "residential", "surface": "", "name": "", "paved": true }, "geometry": { "type": "LineString", "coordinates": [ [ 9.204106, 44.42901 ], [ 9.204152, 44.428996 ], [ 9.204175, 44.429002 ], [ 9.204243, 44.429076 ], [ 9.204341, 44.429115 ], [ 9.204437, 44.429143 ], [ 9.20461, 44.42919 ], [ 9.204773, 44.429214 ], [ 9.204844, 44.429233 ], [ 9.204902, 44.429229 ], [ 9.204909, 44.429211 ], [ 9.204881, 44.429187 ], [ 9.204802, 44.429151 ], [ 9.20471, 44.429103 ], [ 9.204672, 44.429063 ], [ 9.204663, 44.429041 ], [ 9.204669, 44.429013 ], [ 9.204687, 44.429003 ], [ 9.204821, 44.429051 ], [ 9.204887, 44.429058 ], [ 9.205052, 44.429024 ], [ 9.205087, 44.429005 ], [ 9.205103, 44.428988 ], [ 9.205112, 44.428968 ], [ 9.205113, 44.428941 ], [ 9.205061, 44.428813 ] ] } },
{ "type": "Feature", "properties": { "osm_id": 1442612426, "highway": "residential", "surface": "", "name": "", "paved": true }, "geometry": { "type": "LineString", "coordinates": [ [ 9.202542, 44.429046 ], [ 9.202547, 44.429189 ], [ 9.202504, 44.429327 ], [ 9.202435, 44.429375 ], [ 9.202363, 44.429412 ], [ 9.202266, 44.429504 ], [ 9.202192, 44.429555 ], [ 9.202116, 44.429575 ], [ 9.201944, 44.429604 ], [ 9.201845, 44.429637 ], [ 9.20169, 44.429724 ] ] } },
{ "type": "Feature", "properties": { "osm_id": 1442612428, "highway": "residential", "surface": "", "name": "", "paved": true }, "geometry": { "type": "LineString", "coordinates": [ [ 9.194955, 44.429791 ], [ 9.194967, 44.429769 ], [ 9.194992, 44.429753 ], [ 9.195038, 44.429747 ], [ 9.195332, 44.429762 ], [ 9.195612, 44.42959 ], [ 9.195671, 44.429561 ], [ 9.195702, 44.429519 ], [ 9.195693, 44.42948 ], [ 9.195671, 44.429459 ], [ 9.195622, 44.429461 ], [ 9.195559, 44.429489 ], [ 9.195494, 44.429536 ], [ 9.195421, 44.429556 ], [ 9.195369, 44.429563 ], [ 9.195347, 44.429548 ], [ 9.19528, 44.42952 ], [ 9.195219, 44.429469 ], [ 9.195129, 44.429415 ], [ 9.195074, 44.429385 ], [ 9.194975, 44.429345 ], [ 9.194845, 44.429254 ] ] } },
{ "type": "Feature", "properties": { "osm_id": 1442612429, "highway": "service", "surface": "", "name": "", "paved": false }, "geometry": { "type": "LineString", "coordinates": [ [ 9.195503, 44.431343 ], [ 9.195499, 44.431246 ], [ 9.195539, 44.431129 ], [ 9.195593, 44.431042 ], [ 9.195747, 44.430943 ], [ 9.195917, 44.430802 ], [ 9.195983, 44.430732 ], [ 9.196039, 44.430662 ] ] } },
{ "type": "Feature", "properties": { "osm_id": 1442612430, "highway": "residential", "surface": "", "name": "", "paved": true }, "geometry": { "type": "LineString", "coordinates": [ [ 9.194897, 44.43202 ], [ 9.194949, 44.432016 ], [ 9.195019, 44.431986 ], [ 9.195071, 44.431923 ], [ 9.195118, 44.431843 ], [ 9.195154, 44.431756 ], [ 9.195185, 44.4317 ], [ 9.195223, 44.431667 ], [ 9.195326, 44.431609 ], [ 9.19544, 44.431523 ], [ 9.195495, 44.431447 ], [ 9.195503, 44.431343 ] ] } },
{ "type": "Feature", "properties": { "osm_id": 1442612431, "highway": "residential", "surface": "", "name": "", "paved": true }, "geometry": { "type": "LineString", "coordinates": [ [ 9.195119, 44.431135 ], [ 9.195172, 44.431322 ], [ 9.195162, 44.431383 ], [ 9.195115, 44.43147 ], [ 9.195085, 44.43155 ], [ 9.195043, 44.431607 ], [ 9.194996, 44.431692 ], [ 9.194996, 44.431796 ], [ 9.194975, 44.431884 ], [ 9.194913, 44.431983 ], [ 9.194849, 44.432152 ], [ 9.194811, 44.432217 ], [ 9.194714, 44.432286 ], [ 9.19462, 44.432336 ], [ 9.194494, 44.432426 ], [ 9.194422, 44.432443 ], [ 9.194336, 44.432445 ], [ 9.194266, 44.432382 ], [ 9.194213, 44.432242 ], [ 9.194151, 44.432169 ], [ 9.194022, 44.4321 ], [ 9.19381, 44.432036 ], [ 9.193678, 44.432008 ], [ 9.19364, 44.43199 ], [ 9.193566, 44.431907 ] ] } },
{ "type": "Feature", "properties": { "osm_id": 1442612432, "highway": "service", "surface": "", "name": "", "paved": false }, "geometry": { "type": "LineString", "coordinates": [ [ 9.194957, 44.430391 ], [ 9.195004, 44.430383 ], [ 9.195042, 44.430353 ], [ 9.195059, 44.4303 ], [ 9.195048, 44.430212 ], [ 9.195059, 44.430161 ], [ 9.195079, 44.430142 ], [ 9.19513, 44.43012 ], [ 9.195247, 44.430113 ] ] } },
{ "type": "Feature", "properties": { "osm_id": 1442612433, "highway": "residential", "surface": "", "name": "", "paved": true }, "geometry": { "type": "LineString", "coordinates": [ [ 9.19562, 44.429742 ], [ 9.195621, 44.429786 ], [ 9.195595, 44.429824 ], [ 9.195311, 44.429933 ], [ 9.195157, 44.429987 ], [ 9.19506, 44.43003 ], [ 9.195007, 44.43008 ], [ 9.194972, 44.430134 ], [ 9.194956, 44.430188 ], [ 9.194957, 44.430391 ], [ 9.194977, 44.430864 ], [ 9.195013, 44.430959 ], [ 9.195052, 44.43099 ], [ 9.195085, 44.431046 ], [ 9.195086, 44.431089 ], [ 9.195106, 44.431124 ], [ 9.195119, 44.431135 ], [ 9.19515, 44.431135 ], [ 9.195191, 44.431116 ], [ 9.195205, 44.431075 ], [ 9.195216, 44.430894 ], [ 9.195237, 44.430855 ], [ 9.195522, 44.430666 ], [ 9.195555, 44.430635 ] ] } },
{ "type": "Feature", "properties": { "osm_id": 1442612434, "highway": "residential", "surface": "", "name": "", "paved": true }, "geometry": { "type": "LineString", "coordinates": [ [ 9.192625, 44.43 ], [ 9.192542, 44.430173 ], [ 9.192519, 44.43028 ], [ 9.192511, 44.430589 ], [ 9.192499, 44.430618 ], [ 9.192469, 44.430639 ], [ 9.192184, 44.430782 ], [ 9.192066, 44.430918 ], [ 9.191997, 44.430961 ], [ 9.191904, 44.430975 ], [ 9.191612, 44.431001 ], [ 9.191515, 44.430995 ], [ 9.191383, 44.430978 ], [ 9.191313, 44.430977 ], [ 9.19128, 44.430987 ], [ 9.19126, 44.431013 ], [ 9.191254, 44.431032 ], [ 9.191273, 44.431057 ], [ 9.191433, 44.431143 ], [ 9.191637, 44.431283 ], [ 9.191657, 44.43131 ], [ 9.191623, 44.431342 ], [ 9.191565, 44.431332 ], [ 9.191469, 44.431274 ], [ 9.191406, 44.431242 ], [ 9.191364, 44.431234 ], [ 9.191332, 44.431237 ], [ 9.191311, 44.431249 ], [ 9.1913, 44.431268 ], [ 9.1913, 44.431296 ], [ 9.191367, 44.431418 ], [ 9.191405, 44.431517 ], [ 9.191442, 44.431577 ], [ 9.191503, 44.431658 ], [ 9.191731, 44.431836 ], [ 9.191755, 44.431848 ], [ 9.191787, 44.431836 ], [ 9.191812, 44.431803 ], [ 9.191863, 44.431767 ], [ 9.19196, 44.431734 ], [ 9.19209, 44.431723 ], [ 9.192192, 44.431696 ], [ 9.192353, 44.431672 ], [ 9.192459, 44.431673 ], [ 9.192587, 44.431691 ], [ 9.192719, 44.431733 ] ] } },
{ "type": "Feature", "properties": { "osm_id": 1442612435, "highway": "service", "surface": "", "name": "", "paved": false }, "geometry": { "type": "LineString", "coordinates": [ [ 9.187845, 44.430586 ], [ 9.187926, 44.430697 ], [ 9.188009, 44.430781 ], [ 9.188034, 44.430841 ], [ 9.188033, 44.430862 ], [ 9.187825, 44.431128 ], [ 9.18782, 44.431184 ], [ 9.187784, 44.431216 ], [ 9.187704, 44.431241 ] ] } },
{ "type": "Feature", "properties": { "osm_id": 1442612437, "highway": "secondary", "surface": "", "name": "Strada Provinciale di Neirone", "paved": true }, "geometry": { "type": "LineString", "coordinates": [ [ 9.18453, 44.431738 ], [ 9.184572, 44.431747 ], [ 9.184621, 44.431742 ], [ 9.184671, 44.431713 ], [ 9.185215, 44.431128 ], [ 9.185329, 44.430937 ], [ 9.185389, 44.430714 ], [ 9.185412, 44.430679 ], [ 9.185464, 44.430669 ] ] } },
{ "type": "Feature", "properties": { "osm_id": 1442612438, "highway": "primary", "surface": "asphalt", "name": "Via del Commercio", "paved": true }, "geometry": { "type": "LineString", "coordinates": [ [ 9.186644, 44.429272 ], [ 9.186397, 44.42924 ], [ 9.185596, 44.429153 ] ] } },
{ "type": "Feature", "properties": { "osm_id": 1442895431, "highway": "service", "surface": "", "name": "", "paved": false }, "geometry": { "type": "LineString", "coordinates": [ [ 9.169274, 44.439159 ], [ 9.169153, 44.438989 ], [ 9.169113, 44.438915 ], [ 9.169109, 44.438896 ], [ 9.169113, 44.438854 ] ] } },
{ "type": "Feature", "properties": { "osm_id": 1442895432, "highway": "service", "surface": "", "name": "", "paved": false }, "geometry": { "type": "LineString", "coordinates": [ [ 9.169581, 44.43942 ], [ 9.169679, 44.439459 ], [ 9.169726, 44.43947 ], [ 9.169781, 44.439471 ], [ 9.169813, 44.439464 ], [ 9.170029, 44.43939 ], [ 9.17018, 44.439346 ], [ 9.170344, 44.439318 ], [ 9.170463, 44.43932 ], [ 9.170532, 44.439328 ] ] } },
{ "type": "Feature", "properties": { "osm_id": 1442895444, "highway": "service", "surface": "", "name": "", "paved": false }, "geometry": { "type": "LineString", "coordinates": [ [ 9.159805, 44.438815 ], [ 9.159784, 44.438925 ], [ 9.159789, 44.438976 ], [ 9.159816, 44.438995 ], [ 9.159874, 44.439004 ], [ 9.160086, 44.438986 ], [ 9.160245, 44.438938 ], [ 9.160394, 44.43893 ], [ 9.160511, 44.438987 ], [ 9.160783, 44.4391 ] ] } },
{ "type": "Feature", "properties": { "osm_id": 1444364129, "highway": "primary", "surface": "asphalt", "name": "", "paved": true }, "geometry": { "type": "LineString", "coordinates": [ [ 9.091392, 44.442705 ], [ 9.091352, 44.44265 ], [ 9.09134, 44.44259 ], [ 9.091359, 44.44253 ], [ 9.091405, 44.442478 ] ] } },
{ "type": "Feature", "properties": { "osm_id": 1446143461, "highway": "primary", "surface": "asphalt", "name": "", "paved": true }, "geometry": { "type": "LineString", "coordinates": [ [ 9.091405, 44.442478 ], [ 9.091449, 44.44245 ], [ 9.091502, 44.442431 ], [ 9.091559, 44.442421 ] ] } },
{ "type": "Feature", "properties": { "osm_id": 1446143462, "highway": "primary", "surface": "asphalt", "name": "", "paved": true }, "geometry": { "type": "LineString", "coordinates": [ [ 9.091664, 44.442765 ], [ 9.091595, 44.442774 ], [ 9.091526, 44.442768 ], [ 9.091461, 44.442749 ] ] } },
{ "type": "Feature", "properties": { "osm_id": 1446382039, "highway": "residential", "surface": "", "name": "", "paved": true }, "geometry": { "type": "LineString", "coordinates": [ [ 9.073582, 44.447055 ], [ 9.073548, 44.447042 ], [ 9.073516, 44.447046 ], [ 9.073481, 44.447065 ], [ 9.073359, 44.447174 ], [ 9.073298, 44.44725 ], [ 9.073177, 44.447332 ] ] } },
{ "type": "Feature", "properties": { "osm_id": 1446382040, "highway": "footway", "surface": "", "name": "", "paved": false }, "geometry": { "type": "LineString", "coordinates": [ [ 9.070494, 44.44513 ], [ 9.070511, 44.445112 ], [ 9.0707, 44.445002 ], [ 9.07078, 44.444988 ], [ 9.070837, 44.444989 ], [ 9.070849, 44.444977 ], [ 9.070757, 44.444941 ], [ 9.070563, 44.444897 ], [ 9.070486, 44.444887 ], [ 9.070304, 44.4449 ], [ 9.070203, 44.444891 ], [ 9.070112, 44.444893 ], [ 9.070035, 44.444903 ], [ 9.069911, 44.44494 ], [ 9.069732, 44.445032 ], [ 9.069701, 44.445054 ], [ 9.06954, 44.445231 ], [ 9.069496, 44.445271 ], [ 9.069384, 44.445358 ], [ 9.069282, 44.445424 ], [ 9.069213, 44.445476 ], [ 9.069097, 44.445613 ], [ 9.069005, 44.445697 ], [ 9.068969, 44.44571 ], [ 9.068848, 44.445702 ], [ 9.068769, 44.445712 ], [ 9.068546, 44.445846 ], [ 9.068453, 44.445884 ], [ 9.068149, 44.445979 ], [ 9.068087, 44.44601 ], [ 9.067938, 44.446168 ], [ 9.067911, 44.446213 ], [ 9.067876, 44.446253 ], [ 9.067661, 44.446364 ], [ 9.067493, 44.446479 ], [ 9.06744, 44.446521 ] ] } },
{ "type": "Feature", "properties": { "osm_id": 1446382041, "highway": "footway", "surface": "", "name": "", "paved": false }, "geometry": { "type": "LineString", "coordinates": [ [ 9.070822, 44.445135 ], [ 9.070784, 44.445103 ], [ 9.070715, 44.44508 ], [ 9.070646, 44.445085 ], [ 9.070442, 44.445148 ], [ 9.070417, 44.445168 ], [ 9.070375, 44.445231 ], [ 9.070365, 44.445262 ], [ 9.070318, 44.445301 ], [ 9.070234, 44.445351 ], [ 9.070127, 44.445406 ] ] } },
{ "type": "Feature", "properties": { "osm_id": 1446382044, "highway": "footway", "surface": "", "name": "", "paved": false }, "geometry": { "type": "LineString", "coordinates": [ [ 9.069387, 44.445892 ], [ 9.069156, 44.445933 ], [ 9.069088, 44.445952 ], [ 9.06894, 44.446025 ], [ 9.068847, 44.446055 ], [ 9.0688, 44.446065 ], [ 9.068767, 44.446064 ], [ 9.068733, 44.446068 ], [ 9.068706, 44.446101 ] ] } },
{ "type": "Feature", "properties": { "osm_id": 1446382045, "highway": "residential", "surface": "", "name": "", "paved": true }, "geometry": { "type": "LineString", "coordinates": [ [ 9.063502, 44.445631 ], [ 9.063452, 44.445669 ], [ 9.063417, 44.445682 ], [ 9.063286, 44.44569 ], [ 9.062969, 44.445671 ], [ 9.062834, 44.445645 ], [ 9.062758, 44.445643 ], [ 9.062637, 44.445651 ], [ 9.062558, 44.445644 ], [ 9.062459, 44.445613 ], [ 9.062184, 44.445516 ], [ 9.062095, 44.445495 ], [ 9.061939, 44.445483 ], [ 9.061777, 44.445486 ], [ 9.061671, 44.445497 ], [ 9.061592, 44.445512 ], [ 9.061335, 44.445598 ], [ 9.060733, 44.445851 ], [ 9.060682, 44.445881 ], [ 9.060652, 44.445913 ], [ 9.060628, 44.445954 ], [ 9.060621, 44.446074 ], [ 9.060593, 44.44614 ], [ 9.060562, 44.446177 ], [ 9.060469, 44.446266 ], [ 9.060373, 44.446428 ], [ 9.060311, 44.446474 ] ] } },
{ "type": "Feature", "properties": { "osm_id": 1446382048, "highway": "residential", "surface": "", "name": "", "paved": true }, "geometry": { "type": "LineString", "coordinates": [ [ 9.038796, 44.450845 ], [ 9.038819, 44.450864 ], [ 9.038887, 44.450872 ], [ 9.038937, 44.450873 ], [ 9.039224, 44.450804 ], [ 9.039292, 44.450778 ], [ 9.039565, 44.450609 ], [ 9.039613, 44.450565 ], [ 9.03966, 44.450508 ], [ 9.039693, 44.450478 ], [ 9.039748, 44.450444 ], [ 9.039847, 44.45041 ], [ 9.040139, 44.450284 ], [ 9.040154, 44.45026 ], [ 9.040152, 44.450217 ], [ 9.040157, 44.450173 ], [ 9.04018, 44.450136 ], [ 9.04028, 44.450032 ], [ 9.040299, 44.449993 ], [ 9.040296, 44.449946 ], [ 9.040343, 44.449838 ], [ 9.040412, 44.449725 ], [ 9.040495, 44.449622 ], [ 9.040543, 44.44953 ], [ 9.040549, 44.449495 ], [ 9.040564, 44.44946 ], [ 9.040631, 44.449381 ], [ 9.040657, 44.449334 ] ] } },
{ "type": "Feature", "properties": { "osm_id": 1447243998, "highway": "secondary", "surface": "asphalt", "name": "Via Meco", "paved": true }, "geometry": { "type": "LineString", "coordinates": [ [ 9.065001, 44.446641 ], [ 9.064891, 44.446649 ], [ 9.064823, 44.446646 ], [ 9.064762, 44.44663 ], [ 9.064712, 44.446607 ], [ 9.064647, 44.446549 ], [ 9.06424, 44.446063 ], [ 9.064203, 44.445992 ], [ 9.064156, 44.445775 ], [ 9.064114, 44.445682 ], [ 9.064061, 44.445648 ], [ 9.063984, 44.445631 ], [ 9.063872, 44.445633 ], [ 9.06369, 44.445642 ], [ 9.063361, 44.445622 ], [ 9.063139, 44.445621 ], [ 9.062972, 44.445604 ], [ 9.062777, 44.445564 ], [ 9.062513, 44.445496 ], [ 9.062284, 44.445382 ], [ 9.062151, 44.445326 ], [ 9.06205, 44.445293 ], [ 9.061539, 44.445228 ], [ 9.061414, 44.445226 ], [ 9.061266, 44.445244 ], [ 9.060898, 44.445347 ], [ 9.06073, 44.445408 ], [ 9.060207, 44.445637 ], [ 9.059583, 44.445861 ], [ 9.059431, 44.445929 ], [ 9.059137, 44.446087 ], [ 9.059018, 44.446179 ], [ 9.058936, 44.44629 ], [ 9.058685, 44.446548 ], [ 9.058596, 44.446661 ], [ 9.058455, 44.446774 ], [ 9.058363, 44.44682 ], [ 9.058232, 44.446897 ], [ 9.058111, 44.44702 ], [ 9.058034, 44.447143 ], [ 9.058009, 44.447246 ] ] } },
{ "type": "Feature", "properties": { "osm_id": 1447243999, "highway": "secondary", "surface": "asphalt", "name": "Via Piè di Rosso", "paved": true }, "geometry": { "type": "LineString", "coordinates": [ [ 9.075605, 44.444592 ], [ 9.075056, 44.444285 ], [ 9.075003, 44.444281 ], [ 9.074951, 44.444284 ], [ 9.074896, 44.444296 ], [ 9.074847, 44.444317 ], [ 9.074519, 44.444548 ], [ 9.074262, 44.444765 ], [ 9.074051, 44.444888 ], [ 9.073824, 44.44499 ], [ 9.073744, 44.445 ], [ 9.07364, 44.444998 ], [ 9.073419, 44.444955 ], [ 9.073227, 44.444899 ], [ 9.072842, 44.444732 ], [ 9.072723, 44.444702 ], [ 9.072562, 44.444682 ], [ 9.072414, 44.444735 ], [ 9.072181, 44.444991 ], [ 9.072115, 44.44505 ], [ 9.071982, 44.445112 ], [ 9.071853, 44.44515 ], [ 9.071684, 44.445175 ], [ 9.07124, 44.445215 ], [ 9.071062, 44.445201 ], [ 9.070879, 44.445133 ], [ 9.070747, 44.445137 ], [ 9.070593, 44.445189 ], [ 9.070452, 44.445314 ], [ 9.070275, 44.445486 ], [ 9.070065, 44.445626 ], [ 9.069664, 44.445988 ], [ 9.06955, 44.44604 ], [ 9.069169, 44.44609 ], [ 9.068989, 44.446107 ], [ 9.06885, 44.446108 ], [ 9.068657, 44.446098 ], [ 9.068545, 44.446111 ], [ 9.06845, 44.446149 ], [ 9.06833, 44.446216 ], [ 9.068111, 44.446472 ], [ 9.067763, 44.446734 ], [ 9.067617, 44.446807 ], [ 9.067117, 44.447007 ], [ 9.067012, 44.447017 ], [ 9.066933, 44.447003 ], [ 9.066844, 44.446965 ], [ 9.065856, 44.446472 ], [ 9.065795, 44.446453 ], [ 9.06574, 44.446443 ], [ 9.065682, 44.446445 ], [ 9.065576, 44.446467 ], [ 9.065001, 44.446641 ] ] } },
{ "type": "Feature", "properties": { "osm_id": 1447244000, "highway": "secondary", "surface": "asphalt", "name": "Strada Provinciale 14 di Davagna", "paved": true }, "geometry": { "type": "LineString", "coordinates": [ [ 9.080707, 44.445984 ], [ 9.080609, 44.445748 ], [ 9.080603, 44.445672 ], [ 9.080651, 44.445553 ], [ 9.080848, 44.445305 ], [ 9.080881, 44.445235 ], [ 9.08086, 44.445142 ], [ 9.080795, 44.44506 ], [ 9.080298, 44.444797 ], [ 9.080228, 44.444742 ], [ 9.080187, 44.444685 ], [ 9.080126, 44.444479 ], [ 9.079983, 44.444293 ], [ 9.079952, 44.444231 ], [ 9.079909, 44.444051 ], [ 9.079653, 44.443726 ], [ 9.079514, 44.443461 ], [ 9.079365, 44.443325 ], [ 9.079254, 44.44326 ], [ 9.079175, 44.44323 ], [ 9.079074, 44.443244 ], [ 9.07899, 44.443287 ], [ 9.078741, 44.443573 ], [ 9.0786, 44.443857 ], [ 9.078534, 44.443935 ], [ 9.078105, 44.44424 ], [ 9.077908, 44.444452 ], [ 9.077818, 44.444495 ], [ 9.077747, 44.444513 ], [ 9.077646, 44.444505 ], [ 9.077299, 44.444421 ], [ 9.077153, 44.444426 ], [ 9.077012, 44.444471 ], [ 9.076368, 44.444871 ], [ 9.076318, 44.444898 ], [ 9.076244, 44.444902 ], [ 9.076161, 44.444893 ], [ 9.076013, 44.44482 ], [ 9.075605, 44.444592 ] ] } },
{ "type": "Feature", "properties": { "osm_id": 1447546474, "highway": "footway", "surface": "", "name": "", "paved": false }, "geometry": { "type": "LineString", "coordinates": [ [ 9.068581, 44.446107 ], [ 9.068557, 44.446136 ], [ 9.068437, 44.446198 ], [ 9.068425, 44.446238 ], [ 9.068422, 44.446288 ], [ 9.06834, 44.446424 ], [ 9.06823, 44.446634 ], [ 9.06816, 44.446705 ], [ 9.067998, 44.446812 ] ] } },
{ "type": "Feature", "properties": { "osm_id": 1454486813, "highway": "primary", "surface": "asphalt", "name": "Strada statale 225 della Fontanabuona", "paved": true }, "geometry": { "type": "LineString", "coordinates": [ [ 9.151706, 44.439525 ], [ 9.151371, 44.439574 ], [ 9.150888, 44.439621 ], [ 9.150507, 44.439614 ], [ 9.149997, 44.439497 ], [ 9.14956, 44.439513 ], [ 9.149336, 44.439564 ], [ 9.149126, 44.439735 ], [ 9.148925, 44.439915 ], [ 9.148856, 44.439961 ], [ 9.14852, 44.44007 ] ] } },
{ "type": "Feature", "properties": { "osm_id": 1456364233, "highway": "service", "surface": "", "name": "", "paved": false }, "geometry": { "type": "LineString", "coordinates": [ [ 9.105513, 44.441606 ], [ 9.105434, 44.441608 ], [ 9.105362, 44.441631 ], [ 9.105323, 44.44166 ], [ 9.105304, 44.441683 ], [ 9.10526, 44.441771 ], [ 9.105239, 44.441794 ], [ 9.105131, 44.44186 ], [ 9.105053, 44.44189 ], [ 9.104958, 44.441907 ] ] } },
{ "type": "Feature", "properties": { "osm_id": 1456364234, "highway": "footway", "surface": "", "name": "", "paved": false }, "geometry": { "type": "LineString", "coordinates": [ [ 9.103881, 44.437789 ], [ 9.10395, 44.437965 ], [ 9.103955, 44.438034 ], [ 9.103968, 44.438058 ], [ 9.104001, 44.438085 ], [ 9.104058, 44.43815 ], [ 9.104101, 44.438214 ], [ 9.104158, 44.438266 ], [ 9.104214, 44.438285 ], [ 9.104282, 44.438296 ], [ 9.104415, 44.438295 ], [ 9.104485, 44.438283 ], [ 9.104594, 44.438257 ], [ 9.104641, 44.438256 ], [ 9.104713, 44.438264 ], [ 9.104837, 44.438293 ], [ 9.1049, 44.43833 ], [ 9.104974, 44.438348 ], [ 9.105001, 44.438377 ], [ 9.105058, 44.43846 ], [ 9.105069, 44.438518 ], [ 9.105072, 44.438605 ], [ 9.105066, 44.438687 ], [ 9.105036, 44.438833 ], [ 9.105045, 44.438921 ], [ 9.105092, 44.439036 ], [ 9.105149, 44.43909 ], [ 9.105206, 44.439118 ], [ 9.105288, 44.439137 ], [ 9.105579, 44.439136 ] ] } },
{ "type": "Feature", "properties": { "osm_id": 1456364235, "highway": "service", "surface": "unpaved", "name": "", "paved": false }, "geometry": { "type": "LineString", "coordinates": [ [ 9.105403, 44.439005 ], [ 9.105313, 44.439018 ], [ 9.105245, 44.439009 ], [ 9.10519, 44.438994 ], [ 9.105156, 44.438974 ], [ 9.105134, 44.438941 ], [ 9.105125, 44.438889 ], [ 9.105126, 44.438722 ], [ 9.105148, 44.438442 ], [ 9.105142, 44.438346 ], [ 9.105111, 44.438291 ], [ 9.105064, 44.438257 ], [ 9.104984, 44.438218 ], [ 9.104886, 44.438183 ], [ 9.104722, 44.43814 ], [ 9.104652, 44.43811 ], [ 9.10458, 44.438072 ], [ 9.104411, 44.438023 ] ] } },
{ "type": "Feature", "properties": { "osm_id": 1456364236, "highway": "service", "surface": "paved", "name": "", "paved": true }, "geometry": { "type": "LineString", "coordinates": [ [ 9.105331, 44.43653 ], [ 9.105302, 44.436273 ], [ 9.105304, 44.436219 ], [ 9.105324, 44.436197 ], [ 9.105361, 44.436172 ], [ 9.105402, 44.436162 ] ] } },
{ "type": "Feature", "properties": { "osm_id": 1456364237, "highway": "service", "surface": "paved", "name": "", "paved": true }, "geometry": { "type": "LineString", "coordinates": [ [ 9.105331, 44.43653 ], [ 9.105426, 44.436615 ], [ 9.105518, 44.436733 ] ] } },
{ "type": "Feature", "properties": { "osm_id": 1456364238, "highway": "footway", "surface": "", "name": "", "paved": false }, "geometry": { "type": "LineString", "coordinates": [ [ 9.105552, 44.438008 ], [ 9.105469, 44.437991 ], [ 9.105433, 44.437976 ], [ 9.105361, 44.437898 ], [ 9.105328, 44.437826 ], [ 9.105322, 44.437768 ], [ 9.105351, 44.437634 ], [ 9.105345, 44.437608 ], [ 9.105294, 44.437592 ], [ 9.105118, 44.437588 ], [ 9.104868, 44.437563 ], [ 9.104704, 44.437512 ], [ 9.10456, 44.437493 ], [ 9.10452, 44.43748 ], [ 9.104484, 44.437444 ], [ 9.104455, 44.437405 ], [ 9.104413, 44.437373 ], [ 9.104378, 44.437309 ], [ 9.104138, 44.436977 ], [ 9.104105, 44.436882 ], [ 9.104024, 44.436764 ], [ 9.103926, 44.436692 ], [ 9.10382, 44.436598 ], [ 9.103775, 44.436529 ], [ 9.103699, 44.436494 ] ] } },
{ "type": "Feature", "properties": { "osm_id": 1456364243, "highway": "primary", "surface": "asphalt", "name": "Strada Statale di Val Trebbia", "paved": true }, "geometry": { "type": "LineString", "coordinates": [ [ 9.085702, 44.441015 ], [ 9.08559, 44.440982 ] ] } },
{ "type": "Feature", "properties": { "osm_id": 1456375140, "highway": "service", "surface": "", "name": "", "paved": false }, "geometry": { "type": "LineString", "coordinates": [ [ 9.113515, 44.437729 ], [ 9.11358, 44.437692 ], [ 9.113611, 44.437651 ], [ 9.113608, 44.437616 ], [ 9.113568, 44.437555 ], [ 9.113578, 44.437526 ], [ 9.113646, 44.437452 ], [ 9.113708, 44.437414 ] ] } },
{ "type": "Feature", "properties": { "osm_id": 1456375141, "highway": "service", "surface": "", "name": "", "paved": false }, "geometry": { "type": "LineString", "coordinates": [ [ 9.113434, 44.437664 ], [ 9.113406, 44.437672 ], [ 9.113385, 44.437684 ], [ 9.113379, 44.437699 ], [ 9.11339, 44.437748 ], [ 9.113397, 44.437818 ], [ 9.113376, 44.437847 ], [ 9.113338, 44.43786 ], [ 9.113303, 44.437851 ], [ 9.113291, 44.437832 ], [ 9.113283, 44.437717 ], [ 9.113242, 44.437656 ], [ 9.11314, 44.437526 ], [ 9.113102, 44.437523 ], [ 9.113081, 44.437539 ], [ 9.113131, 44.437616 ], [ 9.113142, 44.437656 ], [ 9.113133, 44.43769 ], [ 9.113098, 44.437733 ], [ 9.112912, 44.437929 ], [ 9.112796, 44.438068 ], [ 9.112675, 44.438177 ], [ 9.112648, 44.438184 ], [ 9.11262, 44.438179 ], [ 9.112598, 44.438167 ], [ 9.112591, 44.438148 ], [ 9.112594, 44.438123 ], [ 9.11267, 44.437896 ] ] } },
{ "type": "Feature", "properties": { "osm_id": 1456375142, "highway": "footway", "surface": "", "name": "", "paved": false }, "geometry": { "type": "LineString", "coordinates": [ [ 9.112034, 44.436721 ], [ 9.111901, 44.436718 ], [ 9.111846, 44.436704 ], [ 9.111798, 44.436683 ], [ 9.11178, 44.436685 ], [ 9.111777, 44.436692 ], [ 9.111798, 44.436739 ], [ 9.111832, 44.4368 ], [ 9.111836, 44.436832 ] ] } },
{ "type": "Feature", "properties": { "osm_id": 1456375143, "highway": "service", "surface": "", "name": "", "paved": false }, "geometry": { "type": "LineString", "coordinates": [ [ 9.111298, 44.43689 ], [ 9.111563, 44.436841 ], [ 9.111695, 44.436827 ], [ 9.111807, 44.436825 ], [ 9.111872, 44.436842 ], [ 9.111949, 44.436885 ] ] } },
{ "type": "Feature", "properties": { "osm_id": 1456375144, "highway": "footway", "surface": "", "name": "", "paved": false }, "geometry": { "type": "LineString", "coordinates": [ [ 9.11086, 44.436997 ], [ 9.111216, 44.436985 ], [ 9.111325, 44.436969 ] ] } },
{ "type": "Feature", "properties": { "osm_id": 1456375149, "highway": "tertiary", "surface": "asphalt", "name": "", "paved": true }, "geometry": { "type": "LineString", "coordinates": [ [ 9.111284, 44.43686 ], [ 9.111324, 44.436945 ], [ 9.111335, 44.437187 ], [ 9.111395, 44.43728 ], [ 9.111517, 44.437348 ], [ 9.111679, 44.437362 ], [ 9.11189, 44.437341 ], [ 9.112319, 44.437341 ], [ 9.112677, 44.437306 ], [ 9.112984, 44.437296 ], [ 9.113109, 44.437319 ], [ 9.11318, 44.437346 ], [ 9.113295, 44.437463 ], [ 9.113383, 44.437583 ] ] } },
{ "type": "Feature", "properties": { "osm_id": 1456375150, "highway": "unclassified", "surface": "", "name": "", "paved": false }, "geometry": { "type": "LineString", "coordinates": [ [ 9.103913, 44.435149 ], [ 9.104009, 44.435183 ], [ 9.104108, 44.435205 ], [ 9.104189, 44.435209 ], [ 9.104284, 44.435195 ], [ 9.104432, 44.435142 ] ] } },
{ "type": "Feature", "properties": { "osm_id": 1456375151, "highway": "tertiary", "surface": "", "name": "Via Giovanni Cevasco", "paved": true }, "geometry": { "type": "LineString", "coordinates": [ [ 9.085581, 44.440284 ], [ 9.085482, 44.440287 ], [ 9.084885, 44.440529 ], [ 9.08471, 44.440559 ], [ 9.084228, 44.440498 ], [ 9.084086, 44.440427 ], [ 9.083646, 44.440013 ], [ 9.083367, 44.439763 ], [ 9.083187, 44.439404 ], [ 9.082869, 44.439089 ] ] } },
{ "type": "Feature", "properties": { "osm_id": 1457011006, "highway": "secondary", "surface": "", "name": "", "paved": true }, "geometry": { "type": "LineString", "coordinates": [ [ 9.185915, 44.428065 ], [ 9.185851, 44.428008 ], [ 9.185731, 44.427969 ], [ 9.185298, 44.427911 ] ] } },
{ "type": "Feature", "properties": { "osm_id": 1457011007, "highway": "service", "surface": "", "name": "", "paved": false }, "geometry": { "type": "LineString", "coordinates": [ [ 9.217686, 44.420549 ], [ 9.217891, 44.42056 ], [ 9.218166, 44.420605 ] ] } },
{ "type": "Feature", "properties": { "osm_id": 1457011008, "highway": "service", "surface": "", "name": "", "paved": false }, "geometry": { "type": "LineString", "coordinates": [ [ 9.217627, 44.420393 ], [ 9.217875, 44.420451 ], [ 9.218042, 44.420511 ], [ 9.218143, 44.420564 ], [ 9.218166, 44.420605 ] ] } },
{ "type": "Feature", "properties": { "osm_id": 1457011009, "highway": "service", "surface": "", "name": "", "paved": false }, "geometry": { "type": "LineString", "coordinates": [ [ 9.21549, 44.420179 ], [ 9.215402, 44.420179 ], [ 9.215265, 44.420205 ], [ 9.215113, 44.420242 ], [ 9.214802, 44.420288 ] ] } },
{ "type": "Feature", "properties": { "osm_id": 1457011010, "highway": "service", "surface": "", "name": "", "paved": false }, "geometry": { "type": "LineString", "coordinates": [ [ 9.217277, 44.419807 ], [ 9.217315, 44.41982 ], [ 9.217382, 44.41982 ], [ 9.217482, 44.419809 ], [ 9.217637, 44.419807 ], [ 9.218005, 44.419821 ], [ 9.21833, 44.419874 ], [ 9.218398, 44.419892 ] ] } },
{ "type": "Feature", "properties": { "osm_id": 1457011011, "highway": "service", "surface": "", "name": "", "paved": false }, "geometry": { "type": "LineString", "coordinates": [ [ 9.220275, 44.418904 ], [ 9.220233, 44.418997 ], [ 9.220191, 44.419058 ], [ 9.220136, 44.419097 ], [ 9.220016, 44.419138 ], [ 9.2199, 44.419188 ], [ 9.219815, 44.419245 ] ] } },
{ "type": "Feature", "properties": { "osm_id": 1457011012, "highway": "service", "surface": "", "name": "", "paved": false }, "geometry": { "type": "LineString", "coordinates": [ [ 9.219009, 44.419415 ], [ 9.218904, 44.419433 ], [ 9.218832, 44.419464 ], [ 9.218766, 44.419504 ], [ 9.218739, 44.419531 ], [ 9.218719, 44.419582 ], [ 9.218751, 44.419614 ], [ 9.218869, 44.419706 ], [ 9.218913, 44.41977 ], [ 9.218958, 44.419888 ], [ 9.219015, 44.419981 ], [ 9.21905, 44.420012 ], [ 9.219169, 44.42006 ], [ 9.219242, 44.420063 ] ] } },
{ "type": "Feature", "properties": { "osm_id": 1457011013, "highway": "residential", "surface": "", "name": "", "paved": true }, "geometry": { "type": "MultiLineString", "coordinates": [ [ [ 9.221702, 44.420974 ], [ 9.221765, 44.421052 ], [ 9.221828, 44.421107 ], [ 9.221842, 44.421165 ], [ 9.221826, 44.421194 ], [ 9.221708, 44.421317 ], [ 9.221626, 44.421389 ] ], [ [ 9.220506, 44.421999 ], [ 9.220364, 44.421848 ], [ 9.220292, 44.421751 ], [ 9.220237, 44.421657 ], [ 9.220048, 44.421434 ], [ 9.219985, 44.421381 ], [ 9.219713, 44.421214 ], [ 9.219596, 44.421195 ], [ 9.219338, 44.421185 ], [ 9.219233, 44.421203 ], [ 9.219163, 44.421238 ], [ 9.219014, 44.421405 ] ] ] } },
{ "type": "Feature", "properties": { "osm_id": 1457011014, "highway": "residential", "surface": "", "name": "", "paved": true }, "geometry": { "type": "LineString", "coordinates": [ [ 9.217458, 44.4217 ], [ 9.217409, 44.421652 ], [ 9.217368, 44.421563 ], [ 9.21734, 44.421517 ], [ 9.217266, 44.421438 ], [ 9.217071, 44.421278 ], [ 9.217004, 44.421206 ], [ 9.216949, 44.421165 ], [ 9.216883, 44.42113 ], [ 9.216763, 44.421079 ], [ 9.216556, 44.421013 ], [ 9.216532, 44.421 ], [ 9.21652, 44.420972 ], [ 9.216525, 44.42095 ], [ 9.216541, 44.420941 ], [ 9.216582, 44.420936 ], [ 9.216793, 44.420956 ], [ 9.216943, 44.42096 ], [ 9.217056, 44.420974 ], [ 9.217562, 44.421089 ], [ 9.217713, 44.421131 ], [ 9.217872, 44.421209 ], [ 9.21801, 44.421329 ], [ 9.218064, 44.42139 ], [ 9.218101, 44.421403 ], [ 9.218217, 44.421384 ], [ 9.218277, 44.421363 ] ] } },
{ "type": "Feature", "properties": { "osm_id": 1457011016, "highway": "service", "surface": "", "name": "", "paved": false }, "geometry": { "type": "MultiLineString", "coordinates": [ [ [ 9.206701, 44.420753 ], [ 9.206614, 44.420524 ] ], [ [ 9.206119, 44.420793 ], [ 9.206184, 44.421009 ] ] ] } },
{ "type": "Feature", "properties": { "osm_id": 1457011017, "highway": "service", "surface": "", "name": "", "paved": false }, "geometry": { "type": "LineString", "coordinates": [ [ 9.207593, 44.420281 ], [ 9.20811, 44.420077 ] ] } },
{ "type": "Feature", "properties": { "osm_id": 1457011019, "highway": "service", "surface": "", "name": "", "paved": false }, "geometry": { "type": "LineString", "coordinates": [ [ 9.207574, 44.420261 ], [ 9.207514, 44.42032 ], [ 9.207508, 44.420338 ], [ 9.207508, 44.420392 ], [ 9.207594, 44.420461 ], [ 9.207596, 44.420494 ] ] } },
{ "type": "Feature", "properties": { "osm_id": 1457011022, "highway": "service", "surface": "", "name": "", "paved": false }, "geometry": { "type": "LineString", "coordinates": [ [ 9.215912, 44.415946 ], [ 9.215777, 44.415779 ], [ 9.21561, 44.415524 ], [ 9.215582, 44.415446 ], [ 9.21562, 44.415397 ], [ 9.215681, 44.415366 ], [ 9.215738, 44.415358 ], [ 9.215767, 44.415366 ], [ 9.215815, 44.415392 ], [ 9.215848, 44.415445 ] ] } },
{ "type": "Feature", "properties": { "osm_id": 1457195636, "highway": "pedestrian", "surface": "", "name": "Piazza Basso Vittorio", "paved": false }, "geometry": { "type": "LineString", "coordinates": [ [ 9.184802, 44.429148 ], [ 9.185004, 44.429148 ], [ 9.184992, 44.429281 ], [ 9.185023, 44.429282 ], [ 9.185009, 44.429392 ], [ 9.185117, 44.429401 ], [ 9.185056, 44.429514 ], [ 9.184716, 44.42946 ], [ 9.184763, 44.429322 ], [ 9.184798, 44.429188 ], [ 9.184802, 44.429148 ] ] } },
{ "type": "Feature", "properties": { "osm_id": 1457812861, "highway": "primary", "surface": "asphalt", "name": "Strada statale 225 della Fontanabuona", "paved": true }, "geometry": { "type": "LineString", "coordinates": [ [ 9.218667, 44.415441 ], [ 9.218514, 44.415179 ], [ 9.218247, 44.414894 ], [ 9.218159, 44.414709 ], [ 9.218139, 44.414583 ], [ 9.218137, 44.414383 ], [ 9.218215, 44.413905 ], [ 9.218315, 44.413663 ], [ 9.218378, 44.413575 ], [ 9.219402, 44.412444 ], [ 9.219707, 44.412284 ], [ 9.219998, 44.41217 ], [ 9.220895, 44.411964 ] ] } },
{ "type": "Feature", "properties": { "osm_id": 1459138768, "highway": "residential", "surface": "", "name": "", "paved": true }, "geometry": { "type": "LineString", "coordinates": [ [ 9.190428, 44.429338 ], [ 9.190239, 44.429422 ], [ 9.190093, 44.429505 ], [ 9.189889, 44.429586 ] ] } },
{ "type": "Feature", "properties": { "osm_id": 1459138769, "highway": "service", "surface": "", "name": "", "paved": false }, "geometry": { "type": "LineString", "coordinates": [ [ 9.188806, 44.429759 ], [ 9.188776, 44.429826 ], [ 9.188796, 44.429873 ], [ 9.188846, 44.42994 ], [ 9.18913, 44.430119 ], [ 9.189359, 44.430219 ], [ 9.189459, 44.430235 ], [ 9.189515, 44.430226 ], [ 9.189554, 44.430201 ], [ 9.189582, 44.430148 ], [ 9.189626, 44.43002 ], [ 9.189669, 44.429967 ], [ 9.189715, 44.429942 ], [ 9.189785, 44.429929 ] ] } },
{ "type": "Feature", "properties": { "osm_id": 1461753285, "highway": "service", "surface": "", "name": "", "paved": false }, "geometry": { "type": "LineString", "coordinates": [ [ 8.975819, 44.452654 ], [ 8.975606, 44.452721 ] ] } },
{ "type": "Feature", "properties": { "osm_id": 1461753286, "highway": "service", "surface": "", "name": "", "paved": false }, "geometry": { "type": "LineString", "coordinates": [ [ 8.976048, 44.453024 ], [ 8.975982, 44.453057 ], [ 8.97576, 44.45311 ] ] } },
{ "type": "Feature", "properties": { "osm_id": 1465654798, "highway": "primary", "surface": "asphalt", "name": "Strada statale 225 della Fontanabuona", "paved": true }, "geometry": { "type": "LineString", "coordinates": [ [ 9.211389, 44.418996 ], [ 9.208445, 44.42037 ] ] } },
{ "type": "Feature", "properties": { "osm_id": 1465654799, "highway": "primary", "surface": "asphalt", "name": "Strada statale 225 della Fontanabuona", "paved": true }, "geometry": { "type": "LineString", "coordinates": [ [ 9.215614, 44.417608 ], [ 9.215168, 44.417683 ], [ 9.214398, 44.417842 ] ] } },
{ "type": "Feature", "properties": { "osm_id": 1467631444, "highway": "primary", "surface": "asphalt", "name": "", "paved": true }, "geometry": { "type": "LineString", "coordinates": [ [ 9.091461, 44.442749 ], [ 9.091423, 44.442729 ], [ 9.091392, 44.442705 ] ] } },
{ "type": "Feature", "properties": { "osm_id": 1467631445, "highway": "primary", "surface": "asphalt", "name": "", "paved": true }, "geometry": { "type": "LineString", "coordinates": [ [ 9.091559, 44.442421 ], [ 9.091643, 44.442425 ], [ 9.091722, 44.442448 ], [ 9.091784, 44.442489 ], [ 9.091823, 44.442542 ] ] } },
{ "type": "Feature", "properties": { "osm_id": 1483133877, "highway": "footway", "surface": "", "name": "Acquedotto Storico di Genova", "paved": false }, "geometry": { "type": "LineString", "coordinates": [ [ 8.974402, 44.454009 ], [ 8.974368, 44.453921 ], [ 8.974276, 44.453825 ], [ 8.973987, 44.45363 ], [ 8.973627, 44.453342 ], [ 8.973295, 44.453025 ], [ 8.972978, 44.452634 ], [ 8.972951, 44.452485 ], [ 8.97301, 44.452217 ], [ 8.97301, 44.452125 ], [ 8.972981, 44.451964 ] ] } },
{ "type": "Feature", "properties": { "osm_id": 1483133878, "highway": "service", "surface": "", "name": "", "paved": false }, "geometry": { "type": "LineString", "coordinates": [ [ 8.970958, 44.451262 ], [ 8.97108, 44.451303 ] ] } },
{ "type": "Feature", "properties": { "osm_id": 1483133879, "highway": "pedestrian", "surface": "", "name": "Acquedotto Storico di Genova", "paved": false }, "geometry": { "type": "LineString", "coordinates": [ [ 8.972981, 44.451964 ], [ 8.972903, 44.4519 ], [ 8.972882, 44.451891 ], [ 8.972857, 44.45189 ], [ 8.972828, 44.451899 ], [ 8.972746, 44.451955 ], [ 8.972541, 44.45203 ], [ 8.972339, 44.452095 ], [ 8.972024, 44.452178 ], [ 8.971804, 44.452294 ], [ 8.971626, 44.452471 ] ] } },
{ "type": "Feature", "properties": { "osm_id": 1483313743, "highway": "service", "surface": "", "name": "", "paved": false }, "geometry": { "type": "LineString", "coordinates": [ [ 8.972406, 44.450749 ], [ 8.972301, 44.450683 ], [ 8.972262, 44.450649 ], [ 8.972239, 44.450597 ] ] } },
{ "type": "Feature", "properties": { "osm_id": 1483313744, "highway": "service", "surface": "", "name": "", "paved": false }, "geometry": { "type": "LineString", "coordinates": [ [ 8.972382, 44.450769 ], [ 8.972273, 44.450727 ], [ 8.972164, 44.450662 ] ] } },
{ "type": "Feature", "properties": { "osm_id": 1484324685, "highway": "trunk", "surface": "asphalt", "name": "Strada statale 225 della Fontanabuona", "paved": true }, "geometry": { "type": "LineString", "coordinates": [ [ 9.118645, 44.434752 ], [ 9.118331, 44.434599 ], [ 9.118156, 44.434535 ], [ 9.117932, 44.434464 ], [ 9.117726, 44.434413 ] ] } },
{ "type": "Feature", "properties": { "osm_id": 1484324686, "highway": "trunk", "surface": "asphalt", "name": "Strada Statale 225 della Fontanabuona", "paved": true }, "geometry": { "type": "LineString", "coordinates": [ [ 9.118645, 44.434752 ], [ 9.11876, 44.434813 ], [ 9.118827, 44.434861 ], [ 9.121229, 44.436734 ], [ 9.121391, 44.436843 ], [ 9.121542, 44.436932 ], [ 9.121697, 44.43701 ], [ 9.121902, 44.43708 ], [ 9.122105, 44.437131 ], [ 9.122264, 44.437158 ], [ 9.122613, 44.437202 ], [ 9.123043, 44.43722 ], [ 9.125928, 44.437379 ], [ 9.126481, 44.437424 ], [ 9.127007, 44.437484 ], [ 9.127492, 44.437554 ], [ 9.128962, 44.437822 ], [ 9.130395, 44.438196 ], [ 9.131516, 44.438564 ], [ 9.132249, 44.438895 ], [ 9.133669, 44.43966 ], [ 9.134501, 44.440069 ], [ 9.135453, 44.440451 ], [ 9.135887, 44.440621 ] ] } },
{ "type": "Feature", "properties": { "osm_id": 1486276946, "highway": "unclassified", "surface": "asphalt", "name": "Via Giovanni Trossarelli", "paved": true }, "geometry": { "type": "MultiLineString", "coordinates": [ [ [ 9.020648, 44.456442 ], [ 9.020593, 44.45646 ], [ 9.020529, 44.456522 ], [ 9.020515, 44.456559 ], [ 9.020514, 44.456598 ], [ 9.020526, 44.456639 ], [ 9.020599, 44.456718 ], [ 9.020795, 44.456817 ], [ 9.020893, 44.456888 ], [ 9.021154, 44.457147 ], [ 9.021325, 44.457341 ], [ 9.021425, 44.457465 ], [ 9.021541, 44.457714 ], [ 9.021584, 44.457768 ], [ 9.021713, 44.457892 ], [ 9.021824, 44.457952 ], [ 9.021949, 44.458007 ], [ 9.022062, 44.458045 ], [ 9.022439, 44.458097 ], [ 9.02265, 44.458159 ], [ 9.023154, 44.458344 ], [ 9.023699, 44.458567 ], [ 9.023919, 44.458662 ], [ 9.024418, 44.458844 ], [ 9.024559, 44.458879 ], [ 9.024676, 44.458874 ], [ 9.02481, 44.458846 ], [ 9.024945, 44.458796 ], [ 9.02517, 44.458745 ], [ 9.025312, 44.458737 ], [ 9.025575, 44.458743 ], [ 9.025618, 44.458754 ], [ 9.025662, 44.458778 ], [ 9.025684, 44.458803 ], [ 9.025702, 44.458833 ], [ 9.025702, 44.458864 ], [ 9.02569, 44.458894 ], [ 9.025667, 44.458924 ], [ 9.025639, 44.458947 ], [ 9.025589, 44.458964 ], [ 9.02553, 44.458963 ], [ 9.025408, 44.458947 ], [ 9.025315, 44.458949 ], [ 9.025237, 44.458961 ], [ 9.025157, 44.458981 ], [ 9.025016, 44.459032 ], [ 9.024517, 44.459238 ], [ 9.024428, 44.459272 ], [ 9.024314, 44.459304 ], [ 9.024202, 44.459325 ], [ 9.024058, 44.459341 ], [ 9.023659, 44.459372 ], [ 9.023609, 44.45938 ], [ 9.023567, 44.459395 ], [ 9.023539, 44.459412 ], [ 9.023518, 44.459431 ], [ 9.023506, 44.45946 ], [ 9.023511, 44.459509 ], [ 9.023523, 44.459533 ], [ 9.023542, 44.459555 ], [ 9.023583, 44.459574 ], [ 9.023629, 44.45958 ], [ 9.023685, 44.459578 ], [ 9.024038, 44.45953 ], [ 9.024258, 44.459514 ], [ 9.024499, 44.459502 ], [ 9.024812, 44.459502 ], [ 9.025169, 44.459494 ], [ 9.025406, 44.459501 ], [ 9.02554, 44.459543 ], [ 9.025653, 44.4596 ], [ 9.025744, 44.459663 ], [ 9.025851, 44.459764 ], [ 9.025996, 44.459937 ] ], [ [ 9.025795, 44.460026 ], [ 9.025763, 44.460008 ], [ 9.025713, 44.45999 ], [ 9.025578, 44.459961 ], [ 9.025453, 44.459942 ], [ 9.025308, 44.459928 ], [ 9.025182, 44.459922 ], [ 9.024606, 44.459924 ], [ 9.024571, 44.459926 ], [ 9.024542, 44.459933 ], [ 9.024523, 44.459945 ], [ 9.024512, 44.459963 ] ] ] } },
{ "type": "Feature", "properties": { "osm_id": 1486276950, "highway": "unclassified", "surface": "asphalt", "name": "Via Giovanni Trossarelli", "paved": true }, "geometry": { "type": "LineString", "coordinates": [ [ 9.020945, 44.456484 ], [ 9.020902, 44.456459 ], [ 9.020861, 44.456445 ], [ 9.020816, 44.456436 ], [ 9.020759, 44.45643 ], [ 9.020709, 44.456433 ], [ 9.020648, 44.456442 ] ] } },
{ "type": "Feature", "properties": { "osm_id": 1486276961, "highway": "path", "surface": "ground", "name": "", "paved": false }, "geometry": { "type": "LineString", "coordinates": [ [ 9.023506, 44.459484 ], [ 9.023451, 44.459528 ], [ 9.023452, 44.459541 ], [ 9.023469, 44.459559 ], [ 9.023515, 44.459591 ], [ 9.023599, 44.459626 ], [ 9.023594, 44.459643 ], [ 9.023561, 44.45966 ] ] } },
{ "type": "Feature", "properties": { "osm_id": 1486276962, "highway": "unclassified", "surface": "asphalt", "name": "Via Giovanni Trossarelli", "paved": true }, "geometry": { "type": "LineString", "coordinates": [ [ 9.020703, 44.453813 ], [ 9.020781, 44.453794 ], [ 9.020878, 44.453784 ], [ 9.020937, 44.453785 ], [ 9.020999, 44.453799 ], [ 9.021061, 44.453819 ], [ 9.021129, 44.453852 ], [ 9.021281, 44.453952 ], [ 9.021355, 44.454008 ], [ 9.021512, 44.454158 ], [ 9.021583, 44.454212 ], [ 9.021688, 44.454258 ], [ 9.0218, 44.454288 ], [ 9.021897, 44.454309 ], [ 9.021998, 44.454314 ], [ 9.022115, 44.454332 ], [ 9.022198, 44.454355 ], [ 9.022229, 44.45437 ], [ 9.022254, 44.454394 ], [ 9.022266, 44.454435 ], [ 9.022259, 44.454483 ], [ 9.022245, 44.454512 ], [ 9.022222, 44.454534 ], [ 9.022181, 44.454562 ], [ 9.022149, 44.454573 ], [ 9.022111, 44.454573 ], [ 9.022066, 44.454561 ], [ 9.022005, 44.454532 ], [ 9.021952, 44.454495 ], [ 9.021916, 44.45446 ], [ 9.021835, 44.454425 ], [ 9.021475, 44.454323 ], [ 9.021361, 44.454298 ], [ 9.021264, 44.454291 ], [ 9.021209, 44.454293 ], [ 9.021162, 44.454301 ] ] } },
{ "type": "Feature", "properties": { "osm_id": 1486276964, "highway": "steps", "surface": "ground", "name": "", "paved": false }, "geometry": { "type": "LineString", "coordinates": [ [ 9.023561, 44.45966 ], [ 9.023542, 44.459671 ] ] } },
{ "type": "Feature", "properties": { "osm_id": 1492106282, "highway": "footway", "surface": "", "name": "", "paved": false }, "geometry": { "type": "LineString", "coordinates": [ [ 9.104954, 44.435628 ], [ 9.104836, 44.43549 ], [ 9.104816, 44.435482 ] ] } },
{ "type": "Feature", "properties": { "osm_id": 1493039806, "highway": "residential", "surface": "", "name": "Via Ravaro", "paved": true }, "geometry": { "type": "LineString", "coordinates": [ [ 9.181843, 44.429671 ], [ 9.181812, 44.42966 ], [ 9.181795, 44.429612 ], [ 9.181786, 44.429561 ] ] } },
{ "type": "Feature", "properties": { "osm_id": 1493039807, "highway": "path", "surface": "ground", "name": "", "paved": false }, "geometry": { "type": "LineString", "coordinates": [ [ 9.181096, 44.429152 ], [ 9.180929, 44.429325 ] ] } },
{ "type": "Feature", "properties": { "osm_id": 1495378046, "highway": "steps", "surface": "", "name": "", "paved": false }, "geometry": { "type": "LineString", "coordinates": [ [ 9.009063, 44.455683 ], [ 9.009007, 44.455628 ] ] } },
{ "type": "Feature", "properties": { "osm_id": 1495378052, "highway": "footway", "surface": "", "name": "Salita Castelluzzo", "paved": false }, "geometry": { "type": "LineString", "coordinates": [ [ 8.993974, 44.45421 ], [ 8.993778, 44.454217 ], [ 8.993403, 44.45432 ], [ 8.9932, 44.454405 ] ] } },
{ "type": "Feature", "properties": { "osm_id": 1495378053, "highway": "steps", "surface": "paved", "name": "Via alla Costa di San Siro", "paved": true }, "geometry": { "type": "LineString", "coordinates": [ [ 8.993797, 44.453926 ], [ 8.99396, 44.453969 ], [ 8.994099, 44.454018 ], [ 8.994273, 44.454099 ], [ 8.994303, 44.454105 ] ] } },
{ "type": "Feature", "properties": { "osm_id": 1495378056, "highway": "footway", "surface": "", "name": "", "paved": false }, "geometry": { "type": "LineString", "coordinates": [ [ 9.009007, 44.455628 ], [ 9.008956, 44.455622 ], [ 9.008813, 44.455584 ], [ 9.008909, 44.455421 ], [ 9.00877, 44.455402 ], [ 9.008508, 44.455409 ], [ 9.008347, 44.455392 ], [ 9.008205, 44.455298 ] ] } },
{ "type": "Feature", "properties": { "osm_id": 1499686336, "highway": "footway", "surface": "", "name": "", "paved": false }, "geometry": { "type": "LineString", "coordinates": [ [ 9.051918, 44.445859 ], [ 9.051858, 44.445824 ], [ 9.051802, 44.445778 ], [ 9.051747, 44.445748 ], [ 9.051575, 44.445555 ], [ 9.051497, 44.445494 ], [ 9.051453, 44.445474 ], [ 9.051187, 44.445415 ], [ 9.051075, 44.445399 ], [ 9.05098, 44.445372 ], [ 9.050846, 44.445362 ], [ 9.050787, 44.445362 ], [ 9.050712, 44.44538 ], [ 9.050657, 44.445402 ], [ 9.050626, 44.44544 ], [ 9.050483, 44.445508 ], [ 9.050309, 44.445531 ], [ 9.05027, 44.445545 ], [ 9.050221, 44.445541 ], [ 9.050149, 44.445513 ], [ 9.050064, 44.445405 ], [ 9.049982, 44.445372 ], [ 9.049949, 44.445335 ] ] } },
{ "type": "Feature", "properties": { "osm_id": 1499686337, "highway": "footway", "surface": "", "name": "", "paved": false }, "geometry": { "type": "LineString", "coordinates": [ [ 9.050633, 44.445431 ], [ 9.050594, 44.44537 ], [ 9.050453, 44.445407 ], [ 9.050491, 44.445504 ] ] } },
{ "type": "Feature", "properties": { "osm_id": 1499686338, "highway": "footway", "surface": "", "name": "", "paved": false }, "geometry": { "type": "LineString", "coordinates": [ [ 9.050453, 44.445407 ], [ 9.050422, 44.445361 ], [ 9.050399, 44.445306 ], [ 9.050396, 44.445218 ], [ 9.050404, 44.445182 ], [ 9.05042, 44.444997 ], [ 9.050416, 44.444935 ], [ 9.050373, 44.444875 ], [ 9.050301, 44.444859 ], [ 9.050238, 44.444855 ], [ 9.050166, 44.44492 ], [ 9.050122, 44.444968 ], [ 9.050087, 44.444984 ] ] } },
{ "type": "Feature", "properties": { "osm_id": 1499686339, "highway": "steps", "surface": "", "name": "", "paved": false }, "geometry": { "type": "LineString", "coordinates": [ [ 9.050223, 44.44487 ], [ 9.050262, 44.444891 ] ] } },
{ "type": "Feature", "properties": { "osm_id": 1499686340, "highway": "steps", "surface": "", "name": "", "paved": false }, "geometry": { "type": "LineString", "coordinates": [ [ 9.050206, 44.444886 ], [ 9.050191, 44.444881 ], [ 9.050216, 44.444838 ], [ 9.050168, 44.444837 ] ] } },
{ "type": "Feature", "properties": { "osm_id": 1499686341, "highway": "footway", "surface": "", "name": "", "paved": false }, "geometry": { "type": "LineString", "coordinates": [ [ 9.050168, 44.444837 ], [ 9.050141, 44.444831 ] ] } },
{ "type": "Feature", "properties": { "osm_id": 1499686342, "highway": "footway", "surface": "", "name": "", "paved": false }, "geometry": { "type": "LineString", "coordinates": [ [ 9.050098, 44.444979 ], [ 9.050132, 44.444996 ], [ 9.050138, 44.445031 ], [ 9.050171, 44.445051 ], [ 9.05022, 44.445052 ], [ 9.050332, 44.445014 ], [ 9.050419, 44.445007 ] ] } },
{ "type": "Feature", "properties": { "osm_id": 1499686343, "highway": "service", "surface": "", "name": "", "paved": false }, "geometry": { "type": "LineString", "coordinates": [ [ 9.051431, 44.445324 ], [ 9.051379, 44.445342 ], [ 9.051329, 44.445337 ], [ 9.050826, 44.445167 ] ] } },
{ "type": "Feature", "properties": { "osm_id": 1499686344, "highway": "footway", "surface": "", "name": "", "paved": false }, "geometry": { "type": "LineString", "coordinates": [ [ 9.05027, 44.445545 ], [ 9.05025, 44.445607 ], [ 9.050211, 44.445657 ], [ 9.05009, 44.445707 ], [ 9.049958, 44.445731 ], [ 9.049929, 44.445732 ], [ 9.049873, 44.445705 ], [ 9.049745, 44.445694 ], [ 9.049714, 44.445665 ], [ 9.04965, 44.445652 ], [ 9.04942, 44.445652 ], [ 9.049366, 44.445637 ], [ 9.049346, 44.445596 ], [ 9.049291, 44.445572 ], [ 9.049226, 44.445559 ], [ 9.049146, 44.445557 ], [ 9.049132, 44.445509 ], [ 9.049145, 44.445473 ], [ 9.049142, 44.445435 ] ] } },
{ "type": "Feature", "properties": { "osm_id": 1499686345, "highway": "path", "surface": "", "name": "", "paved": false }, "geometry": { "type": "LineString", "coordinates": [ [ 9.049745, 44.445694 ], [ 9.049694, 44.445776 ], [ 9.049634, 44.44582 ], [ 9.049418, 44.445919 ], [ 9.049384, 44.445968 ], [ 9.049429, 44.446037 ], [ 9.049486, 44.446104 ], [ 9.049501, 44.446145 ], [ 9.049497, 44.446168 ], [ 9.049536, 44.446203 ], [ 9.049558, 44.446233 ], [ 9.049536, 44.446265 ], [ 9.049487, 44.446276 ], [ 9.049365, 44.446256 ], [ 9.049068, 44.446258 ], [ 9.048923, 44.44625 ], [ 9.048885, 44.446299 ], [ 9.048686, 44.446247 ], [ 9.048578, 44.446237 ], [ 9.048236, 44.446165 ], [ 9.048079, 44.446118 ], [ 9.047913, 44.446015 ], [ 9.047832, 44.445972 ] ] } },
{ "type": "Feature", "properties": { "osm_id": 1499686346, "highway": "path", "surface": "", "name": "", "paved": false }, "geometry": { "type": "LineString", "coordinates": [ [ 9.048885, 44.446299 ], [ 9.049095, 44.446317 ], [ 9.049248, 44.446351 ], [ 9.049501, 44.446313 ], [ 9.049536, 44.446265 ] ] } },
{ "type": "Feature", "properties": { "osm_id": 1499686347, "highway": "path", "surface": "", "name": "", "paved": false }, "geometry": { "type": "LineString", "coordinates": [ [ 9.048897, 44.446284 ], [ 9.048863, 44.446268 ], [ 9.04881, 44.446217 ], [ 9.048745, 44.446165 ] ] } },
{ "type": "Feature", "properties": { "osm_id": 1499686348, "highway": "footway", "surface": "", "name": "", "paved": false }, "geometry": { "type": "LineString", "coordinates": [ [ 9.049615, 44.445327 ], [ 9.049546, 44.445287 ], [ 9.049418, 44.445259 ], [ 9.049295, 44.445247 ], [ 9.049194, 44.445218 ], [ 9.049113, 44.445172 ], [ 9.048915, 44.445113 ], [ 9.048751, 44.445107 ], [ 9.048692, 44.445118 ], [ 9.047884, 44.444933 ], [ 9.047705, 44.444917 ], [ 9.047584, 44.444912 ], [ 9.047472, 44.44492 ], [ 9.047386, 44.444908 ], [ 9.047353, 44.44491 ], [ 9.047313, 44.444919 ], [ 9.047252, 44.444959 ], [ 9.047199, 44.444977 ], [ 9.047121, 44.444985 ], [ 9.047049, 44.444946 ], [ 9.04698, 44.44493 ], [ 9.046917, 44.444935 ], [ 9.046845, 44.444949 ], [ 9.046788, 44.444975 ], [ 9.046712, 44.445029 ], [ 9.046713, 44.445059 ] ] } },
{ "type": "Feature", "properties": { "osm_id": 1499686349, "highway": "footway", "surface": "", "name": "", "paved": false }, "geometry": { "type": "LineString", "coordinates": [ [ 9.048729, 44.445111 ], [ 9.048728, 44.445058 ], [ 9.048707, 44.445003 ], [ 9.048763, 44.444987 ], [ 9.048826, 44.444933 ], [ 9.048899, 44.444831 ], [ 9.048957, 44.44479 ] ] } },
{ "type": "Feature", "properties": { "osm_id": 1499686350, "highway": "steps", "surface": "", "name": "", "paved": false }, "geometry": { "type": "LineString", "coordinates": [ [ 9.048957, 44.44479 ], [ 9.049049, 44.444807 ] ] } },
{ "type": "Feature", "properties": { "osm_id": 1499686351, "highway": "footway", "surface": "", "name": "", "paved": false }, "geometry": { "type": "LineString", "coordinates": [ [ 9.049049, 44.444807 ], [ 9.049083, 44.44477 ] ] } },
{ "type": "Feature", "properties": { "osm_id": 1499686352, "highway": "footway", "surface": "", "name": "", "paved": false }, "geometry": { "type": "LineString", "coordinates": [ [ 9.048173, 44.445 ], [ 9.048183, 44.444887 ], [ 9.048148, 44.444806 ], [ 9.048, 44.444645 ], [ 9.047928, 44.444539 ], [ 9.047812, 44.444434 ], [ 9.047865, 44.444392 ], [ 9.04792, 44.444357 ] ] } },
{ "type": "Feature", "properties": { "osm_id": 1499686353, "highway": "footway", "surface": "", "name": "", "paved": false }, "geometry": { "type": "LineString", "coordinates": [ [ 9.047812, 44.444434 ], [ 9.047746, 44.444439 ], [ 9.04767, 44.444417 ] ] } },
{ "type": "Feature", "properties": { "osm_id": 1499686354, "highway": "footway", "surface": "", "name": "", "paved": false }, "geometry": { "type": "LineString", "coordinates": [ [ 9.047866, 44.445346 ], [ 9.047863, 44.445322 ] ] } },
{ "type": "Feature", "properties": { "osm_id": 1499686355, "highway": "steps", "surface": "", "name": "", "paved": false }, "geometry": { "type": "LineString", "coordinates": [ [ 9.047863, 44.445322 ], [ 9.047875, 44.445309 ], [ 9.047855, 44.445303 ] ] } },
{ "type": "Feature", "properties": { "osm_id": 1499686356, "highway": "footway", "surface": "", "name": "", "paved": false }, "geometry": { "type": "LineString", "coordinates": [ [ 9.047855, 44.445303 ], [ 9.047665, 44.445241 ] ] } },
{ "type": "Feature", "properties": { "osm_id": 1499686357, "highway": "footway", "surface": "", "name": "", "paved": false }, "geometry": { "type": "LineString", "coordinates": [ [ 9.047875, 44.445309 ], [ 9.047937, 44.445213 ], [ 9.047898, 44.445194 ], [ 9.047848, 44.445163 ], [ 9.047784, 44.445112 ], [ 9.047819, 44.445086 ], [ 9.047829, 44.445045 ], [ 9.047811, 44.445004 ], [ 9.047731, 44.444945 ], [ 9.047705, 44.444917 ] ] } },
{ "type": "Feature", "properties": { "osm_id": 1499686358, "highway": "footway", "surface": "", "name": "", "paved": false }, "geometry": { "type": "LineString", "coordinates": [ [ 9.047784, 44.445112 ], [ 9.047688, 44.445082 ], [ 9.047632, 44.445074 ], [ 9.047598, 44.445134 ], [ 9.047686, 44.445281 ], [ 9.047683, 44.445335 ] ] } },
{ "type": "Feature", "properties": { "osm_id": 1499686359, "highway": "footway", "surface": "", "name": "", "paved": false }, "geometry": { "type": "LineString", "coordinates": [ [ 9.047863, 44.445322 ], [ 9.047909, 44.44532 ], [ 9.047962, 44.445221 ], [ 9.047937, 44.445213 ] ] } },
{ "type": "Feature", "properties": { "osm_id": 1499686360, "highway": "footway", "surface": "", "name": "", "paved": false }, "geometry": { "type": "LineString", "coordinates": [ [ 9.047632, 44.445074 ], [ 9.04745, 44.445016 ], [ 9.047454, 44.444954 ], [ 9.047472, 44.44492 ] ] } },
{ "type": "Feature", "properties": { "osm_id": 1499686361, "highway": "service", "surface": "", "name": "", "paved": false }, "geometry": { "type": "LineString", "coordinates": [ [ 9.048381, 44.444474 ], [ 9.048242, 44.44458 ], [ 9.048151, 44.444639 ], [ 9.048128, 44.444722 ], [ 9.048204, 44.44483 ], [ 9.048238, 44.444903 ], [ 9.048224, 44.444954 ] ] } },
{ "type": "Feature", "properties": { "osm_id": 1499686362, "highway": "secondary", "surface": "asphalt", "name": "Strada Provinciale 14 di Davagna", "paved": true }, "geometry": { "type": "LineString", "coordinates": [ [ 9.058009, 44.447246 ], [ 9.058009, 44.447498 ], [ 9.057948, 44.447573 ], [ 9.057851, 44.447608 ], [ 9.057495, 44.44759 ], [ 9.057182, 44.447612 ], [ 9.057144, 44.447603 ] ] } },
{ "type": "Feature", "properties": { "osm_id": 1499686363, "highway": "secondary", "surface": "asphalt", "name": "Strada Provinciale 14 di Davagna", "paved": true }, "geometry": { "type": "LineString", "coordinates": [ [ 9.057144, 44.447603 ], [ 9.057075, 44.447586 ] ] } },
{ "type": "Feature", "properties": { "osm_id": 1499686364, "highway": "secondary", "surface": "asphalt", "name": "Strada Provinciale 14 di Davagna", "paved": true }, "geometry": { "type": "LineString", "coordinates": [ [ 9.042325, 44.451558 ], [ 9.042323, 44.451563 ] ] } },
{ "type": "Feature", "properties": { "osm_id": 1499686365, "highway": "secondary", "surface": "asphalt", "name": "Strada Provinciale 14 di Davagna", "paved": true }, "geometry": { "type": "LineString", "coordinates": [ [ 9.042343, 44.451509 ], [ 9.042325, 44.451558 ] ] } },
{ "type": "Feature", "properties": { "osm_id": 1499686366, "highway": "secondary", "surface": "asphalt", "name": "Strada Provinciale 14 di Davagna", "paved": true }, "geometry": { "type": "LineString", "coordinates": [ [ 9.044132, 44.44934 ], [ 9.044129, 44.449397 ], [ 9.044119, 44.449426 ], [ 9.04408, 44.449472 ], [ 9.04405, 44.449492 ], [ 9.044017, 44.449506 ], [ 9.043968, 44.449516 ], [ 9.043863, 44.449525 ], [ 9.043416, 44.44951 ], [ 9.043305, 44.449512 ], [ 9.043212, 44.449528 ], [ 9.043086, 44.449564 ], [ 9.043038, 44.449587 ], [ 9.042985, 44.44962 ], [ 9.042951, 44.44965 ], [ 9.042927, 44.449679 ], [ 9.042903, 44.44972 ], [ 9.04267, 44.450411 ], [ 9.042558, 44.450613 ], [ 9.042447, 44.450782 ], [ 9.042407, 44.450857 ], [ 9.042385, 44.450946 ], [ 9.042355, 44.45112 ], [ 9.042343, 44.451509 ] ] } },
{ "type": "Feature", "properties": { "osm_id": 1499686367, "highway": "secondary", "surface": "asphalt", "name": "Strada Provinciale 14 di Davagna", "paved": true }, "geometry": { "type": "LineString", "coordinates": [ [ 9.044126, 44.449321 ], [ 9.044132, 44.44934 ] ] } },
{ "type": "Feature", "properties": { "osm_id": 1499686368, "highway": "secondary", "surface": "asphalt", "name": "Strada Provinciale 14 di Davagna", "paved": true }, "geometry": { "type": "LineString", "coordinates": [ [ 9.057075, 44.447586 ], [ 9.056899, 44.447463 ], [ 9.056667, 44.447385 ], [ 9.056552, 44.447316 ], [ 9.056299, 44.447108 ], [ 9.056104, 44.446932 ], [ 9.055985, 44.446879 ], [ 9.055758, 44.446851 ], [ 9.055605, 44.446791 ], [ 9.055469, 44.446644 ], [ 9.05515, 44.446429 ], [ 9.054828, 44.446199 ], [ 9.054641, 44.44613 ], [ 9.054521, 44.446106 ], [ 9.054343, 44.446128 ], [ 9.053967, 44.446291 ], [ 9.053676, 44.446489 ], [ 9.053552, 44.446541 ], [ 9.053446, 44.446571 ], [ 9.053295, 44.446565 ], [ 9.053097, 44.446521 ], [ 9.05292, 44.446499 ] ] } },
{ "type": "Feature", "properties": { "osm_id": 1499686369, "highway": "secondary", "surface": "asphalt", "name": "Strada Provinciale 14 di Davagna", "paved": true }, "geometry": { "type": "LineString", "coordinates": [ [ 9.05292, 44.446499 ], [ 9.052843, 44.446489 ] ] } },
{ "type": "Feature", "properties": { "osm_id": 1499687053, "highway": "footway", "surface": "", "name": "", "paved": false }, "geometry": { "type": "LineString", "coordinates": [ [ 9.049964, 44.444812 ], [ 9.049978, 44.444754 ] ] } },
{ "type": "Feature", "properties": { "osm_id": 1499687054, "highway": "footway", "surface": "", "name": "", "paved": false }, "geometry": { "type": "LineString", "coordinates": [ [ 9.049978, 44.444754 ], [ 9.050014, 44.444715 ] ] } },
{ "type": "Feature", "properties": { "osm_id": 1499687055, "highway": "footway", "surface": "", "name": "", "paved": false }, "geometry": { "type": "LineString", "coordinates": [ [ 9.050014, 44.444715 ], [ 9.050053, 44.444659 ], [ 9.050039, 44.444591 ] ] } },
{ "type": "Feature", "properties": { "osm_id": 1503250734, "highway": "path", "surface": "", "name": "Salita Panigaro di Struppa", "paved": false }, "geometry": { "type": "LineString", "coordinates": [ [ 8.996211, 44.455427 ], [ 8.99627, 44.45544 ], [ 8.996309, 44.455439 ], [ 8.996359, 44.455406 ], [ 8.996385, 44.455398 ], [ 8.996459, 44.455409 ], [ 8.996488, 44.455405 ], [ 8.996557, 44.455378 ] ] } },
{ "type": "Feature", "properties": { "osm_id": 1503713915, "highway": "service", "surface": "", "name": "", "paved": false }, "geometry": { "type": "LineString", "coordinates": [ [ 9.049228, 44.44482 ], [ 9.049165, 44.444858 ], [ 9.049007, 44.444832 ], [ 9.048956, 44.444839 ], [ 9.048916, 44.444875 ], [ 9.048851, 44.444966 ], [ 9.048912, 44.444984 ] ] } },
{ "type": "Feature", "properties": { "osm_id": 1508341087, "highway": "steps", "surface": "", "name": "", "paved": false }, "geometry": { "type": "LineString", "coordinates": [ [ 8.976675, 44.452998 ], [ 8.976674, 44.453014 ], [ 8.976649, 44.453008 ], [ 8.976643, 44.45302 ], [ 8.976672, 44.45303 ] ] } },
{ "type": "Feature", "properties": { "osm_id": 1508341090, "highway": "service", "surface": "", "name": "", "paved": false }, "geometry": { "type": "LineString", "coordinates": [ [ 8.97682, 44.452788 ], [ 8.976675, 44.452998 ] ] } },
{ "type": "Feature", "properties": { "osm_id": 1508341091, "highway": "service", "surface": "", "name": "", "paved": false }, "geometry": { "type": "LineString", "coordinates": [ [ 8.977026, 44.453002 ], [ 8.976949, 44.452965 ] ] } },
{ "type": "Feature", "properties": { "osm_id": 1508341092, "highway": "service", "surface": "", "name": "", "paved": false }, "geometry": { "type": "LineString", "coordinates": [ [ 8.976949, 44.452965 ], [ 8.976907, 44.45293 ], [ 8.976887, 44.452886 ], [ 8.97692, 44.45284 ] ] } },
{ "type": "Feature", "properties": { "osm_id": 1508341093, "highway": "service", "surface": "", "name": "", "paved": false }, "geometry": { "type": "LineString", "coordinates": [ [ 8.977191, 44.452983 ], [ 8.977137, 44.45302 ], [ 8.977084, 44.453017 ], [ 8.977026, 44.453002 ] ] } },
{ "type": "Feature", "properties": { "osm_id": 1508342840, "highway": "service", "surface": "", "name": "", "paved": false }, "geometry": { "type": "LineString", "coordinates": [ [ 8.978634, 44.453216 ], [ 8.978522, 44.45333 ] ] } },
{ "type": "Feature", "properties": { "osm_id": 1508342841, "highway": "service", "surface": "", "name": "", "paved": false }, "geometry": { "type": "LineString", "coordinates": [ [ 8.978813, 44.453271 ], [ 8.978689, 44.453412 ] ] } },
{ "type": "Feature", "properties": { "osm_id": 1508450073, "highway": "pedestrian", "surface": "", "name": "", "paved": false }, "geometry": { "type": "LineString", "coordinates": [ [ 9.048694, 44.44463 ], [ 9.048806, 44.444488 ], [ 9.048947, 44.444545 ] ] } },
{ "type": "Feature", "properties": { "osm_id": 1508450074, "highway": "pedestrian", "surface": "", "name": "", "paved": false }, "geometry": { "type": "LineString", "coordinates": [ [ 9.049014, 44.444745 ], [ 9.049069, 44.444698 ], [ 9.049113, 44.444619 ], [ 9.049021, 44.444589 ] ] } },
{ "type": "Feature", "properties": { "osm_id": 1508450075, "highway": "pedestrian", "surface": "", "name": "", "paved": false }, "geometry": { "type": "LineString", "coordinates": [ [ 9.049563, 44.444858 ], [ 9.049594, 44.444791 ], [ 9.049575, 44.444735 ] ] } },
{ "type": "Feature", "properties": { "osm_id": 1508450076, "highway": "pedestrian", "surface": "", "name": "", "paved": false }, "geometry": { "type": "LineString", "coordinates": [ [ 9.04978, 44.444837 ], [ 9.049694, 44.444699 ], [ 9.049612, 44.444684 ], [ 9.049544, 44.44459 ] ] } },
{ "type": "Feature", "properties": { "osm_id": 1508450077, "highway": "service", "surface": "", "name": "", "paved": false }, "geometry": { "type": "LineString", "coordinates": [ [ 9.050246, 44.444807 ], [ 9.050317, 44.444543 ], [ 9.050468, 44.444563 ] ] } },
{ "type": "Feature", "properties": { "osm_id": 1508450078, "highway": "pedestrian", "surface": "", "name": "", "paved": false }, "geometry": { "type": "LineString", "coordinates": [ [ 9.04861, 44.4446 ], [ 9.048566, 44.444712 ], [ 9.048604, 44.444728 ], [ 9.048513, 44.44494 ] ] } },
{ "type": "Feature", "properties": { "osm_id": 1509778233, "highway": "pedestrian", "surface": "", "name": "Via Gradisca", "paved": false }, "geometry": { "type": "LineString", "coordinates": [ [ 9.086875, 44.438453 ], [ 9.086801, 44.43842 ], [ 9.086735, 44.438299 ], [ 9.086678, 44.438212 ], [ 9.086668, 44.438143 ], [ 9.086679, 44.438076 ], [ 9.086678, 44.438039 ], [ 9.08658, 44.437803 ], [ 9.086593, 44.43772 ] ] } },
{ "type": "Feature", "properties": { "osm_id": 1509778234, "highway": "pedestrian", "surface": "", "name": "", "paved": false }, "geometry": { "type": "LineString", "coordinates": [ [ 9.091272, 44.437002 ], [ 9.091263, 44.43703 ], [ 9.091305, 44.437186 ], [ 9.091288, 44.437278 ] ] } },
{ "type": "Feature", "properties": { "osm_id": 1509778235, "highway": "unclassified", "surface": "asphalt", "name": "Via Quattro Novembre", "paved": true }, "geometry": { "type": "LineString", "coordinates": [ [ 9.094982, 44.436437 ], [ 9.09484, 44.436524 ], [ 9.094575, 44.436637 ], [ 9.093739, 44.436923 ], [ 9.093568, 44.437013 ], [ 9.093287, 44.437226 ], [ 9.09297, 44.437435 ] ] } },
{ "type": "Feature", "properties": { "osm_id": 1510452785, "highway": "ladder", "surface": "", "name": "", "paved": false }, "geometry": { "type": "LineString", "coordinates": [ [ 9.062142, 44.445506 ], [ 9.062146, 44.445497 ] ] } },
{ "type": "Feature", "properties": { "osm_id": 1510452786, "highway": "pedestrian", "surface": "", "name": "", "paved": false }, "geometry": { "type": "LineString", "coordinates": [ [ 9.061087, 44.445485 ], [ 9.060881, 44.445507 ], [ 9.060574, 44.44564 ], [ 9.060456, 44.445712 ], [ 9.060295, 44.445784 ], [ 9.060131, 44.44584 ], [ 9.059857, 44.445992 ] ] } },
{ "type": "Feature", "properties": { "osm_id": 1510452787, "highway": "pedestrian", "surface": "", "name": "", "paved": false }, "geometry": { "type": "LineString", "coordinates": [ [ 9.059857, 44.445992 ], [ 9.059804, 44.446018 ] ] } },
{ "type": "Feature", "properties": { "osm_id": 1510452788, "highway": "pedestrian", "surface": "", "name": "", "paved": false }, "geometry": { "type": "LineString", "coordinates": [ [ 9.059804, 44.446018 ], [ 9.059613, 44.446118 ], [ 9.059319, 44.44625 ], [ 9.059114, 44.446301 ], [ 9.058988, 44.44638 ], [ 9.058845, 44.446508 ], [ 9.05872, 44.446561 ], [ 9.058675, 44.446561 ] ] } },
{ "type": "Feature", "properties": { "osm_id": 1510452789, "highway": "service", "surface": "", "name": "", "paved": false }, "geometry": { "type": "LineString", "coordinates": [ [ 9.058865, 44.446639 ], [ 9.058643, 44.446752 ], [ 9.058583, 44.44679 ], [ 9.058471, 44.446821 ], [ 9.058327, 44.446841 ] ] } },
{ "type": "Feature", "properties": { "osm_id": 1510452790, "highway": "service", "surface": "", "name": "", "paved": false }, "geometry": { "type": "LineString", "coordinates": [ [ 9.059013, 44.446364 ], [ 9.059018, 44.446374 ] ] } },
{ "type": "Feature", "properties": { "osm_id": 1510452791, "highway": "service", "surface": "", "name": "", "paved": false }, "geometry": { "type": "LineString", "coordinates": [ [ 9.059018, 44.446374 ], [ 9.059064, 44.446448 ] ] } },
{ "type": "Feature", "properties": { "osm_id": 1510452792, "highway": "service", "surface": "", "name": "", "paved": false }, "geometry": { "type": "LineString", "coordinates": [ [ 9.059064, 44.446448 ], [ 9.059101, 44.446482 ], [ 9.059048, 44.446545 ], [ 9.058979, 44.446599 ], [ 9.058865, 44.446639 ] ] } },
{ "type": "Feature", "properties": { "osm_id": 1510452793, "highway": "service", "surface": "", "name": "", "paved": false }, "geometry": { "type": "LineString", "coordinates": [ [ 9.059101, 44.446482 ], [ 9.059133, 44.446506 ], [ 9.059203, 44.446522 ] ] } },
{ "type": "Feature", "properties": { "osm_id": 1510452794, "highway": "steps", "surface": "", "name": "", "paved": false }, "geometry": { "type": "LineString", "coordinates": [ [ 9.059527, 44.446159 ], [ 9.059483, 44.446097 ], [ 9.059408, 44.446071 ], [ 9.059314, 44.445992 ] ] } },
{ "type": "Feature", "properties": { "osm_id": 1510452796, "highway": "steps", "surface": "", "name": "", "paved": false }, "geometry": { "type": "LineString", "coordinates": [ [ 9.060467, 44.445705 ], [ 9.060408, 44.44564 ], [ 9.060341, 44.445579 ] ] } },
{ "type": "Feature", "properties": { "osm_id": 1510452797, "highway": "steps", "surface": "", "name": "", "paved": false }, "geometry": { "type": "LineString", "coordinates": [ [ 9.061087, 44.445485 ], [ 9.061063, 44.445397 ], [ 9.061025, 44.445312 ] ] } },
{ "type": "Feature", "properties": { "osm_id": 1510452798, "highway": "path", "surface": "", "name": "", "paved": false }, "geometry": { "type": "LineString", "coordinates": [ [ 9.060772, 44.446446 ], [ 9.060616, 44.446505 ], [ 9.06052, 44.446517 ], [ 9.06043, 44.446541 ], [ 9.060311, 44.446617 ], [ 9.060079, 44.446726 ], [ 9.059825, 44.446804 ], [ 9.059754, 44.446847 ], [ 9.059639, 44.446892 ], [ 9.059482, 44.446939 ], [ 9.059365, 44.446981 ] ] } },
{ "type": "Feature", "properties": { "osm_id": 1510452799, "highway": "path", "surface": "", "name": "", "paved": false }, "geometry": { "type": "LineString", "coordinates": [ [ 9.060311, 44.446617 ], [ 9.060316, 44.446591 ], [ 9.06027, 44.446547 ], [ 9.060166, 44.446547 ], [ 9.060111, 44.446524 ], [ 9.060099, 44.446509 ], [ 9.060127, 44.446467 ], [ 9.060113, 44.446436 ], [ 9.060087, 44.446416 ] ] } },
{ "type": "Feature", "properties": { "osm_id": 1510452800, "highway": "path", "surface": "", "name": "", "paved": false }, "geometry": { "type": "LineString", "coordinates": [ [ 9.060311, 44.446474 ], [ 9.06027, 44.446547 ] ] } },
{ "type": "Feature", "properties": { "osm_id": 1510452801, "highway": "footway", "surface": "", "name": "", "paved": false }, "geometry": { "type": "LineString", "coordinates": [ [ 9.060772, 44.446446 ], [ 9.060766, 44.446425 ], [ 9.060787, 44.4464 ], [ 9.060775, 44.446369 ], [ 9.06072, 44.446362 ], [ 9.060428, 44.446366 ] ] } },
{ "type": "Feature", "properties": { "osm_id": 1510452802, "highway": "footway", "surface": "", "name": "", "paved": false }, "geometry": { "type": "LineString", "coordinates": [ [ 9.060428, 44.446366 ], [ 9.060384, 44.446366 ] ] } },
{ "type": "Feature", "properties": { "osm_id": 1510452803, "highway": "steps", "surface": "", "name": "", "paved": false }, "geometry": { "type": "LineString", "coordinates": [ [ 9.060333, 44.446366 ], [ 9.060306, 44.446212 ], [ 9.060213, 44.446135 ], [ 9.060121, 44.446032 ], [ 9.06, 44.445911 ] ] } },
{ "type": "Feature", "properties": { "osm_id": 1510454045, "highway": "path", "surface": "", "name": "", "paved": false }, "geometry": { "type": "LineString", "coordinates": [ [ 9.062146, 44.445497 ], [ 9.062077, 44.445463 ], [ 9.061831, 44.445418 ], [ 9.061739, 44.445418 ], [ 9.061673, 44.445406 ], [ 9.061526, 44.445404 ], [ 9.061302, 44.445434 ], [ 9.061087, 44.445485 ] ] } },
{ "type": "Feature", "properties": { "osm_id": 1510455236, "highway": "service", "surface": "", "name": "", "paved": false }, "geometry": { "type": "LineString", "coordinates": [ [ 9.060616, 44.446505 ], [ 9.060515, 44.446633 ], [ 9.060467, 44.446667 ] ] } },
{ "type": "Feature", "properties": { "osm_id": 1513341538, "highway": "steps", "surface": "", "name": "", "paved": false }, "geometry": { "type": "LineString", "coordinates": [ [ 9.068219, 44.446346 ], [ 9.068153, 44.446325 ], [ 9.068156, 44.446283 ], [ 9.068149, 44.446262 ], [ 9.068071, 44.446292 ], [ 9.068041, 44.446345 ], [ 9.068002, 44.446331 ], [ 9.067951, 44.446259 ], [ 9.067899, 44.446227 ] ] } },
{ "type": "Feature", "properties": { "osm_id": 1513341539, "highway": "service", "surface": "", "name": "", "paved": false }, "geometry": { "type": "LineString", "coordinates": [ [ 9.067734, 44.446326 ], [ 9.067678, 44.446274 ] ] } },
{ "type": "Feature", "properties": { "osm_id": 1513341540, "highway": "steps", "surface": "", "name": "", "paved": false }, "geometry": { "type": "LineString", "coordinates": [ [ 9.069145, 44.445554 ], [ 9.069175, 44.445617 ], [ 9.069162, 44.445673 ], [ 9.069223, 44.445727 ], [ 9.069269, 44.445758 ] ] } },
{ "type": "Feature", "properties": { "osm_id": 1513341541, "highway": "path", "surface": "", "name": "", "paved": false }, "geometry": { "type": "LineString", "coordinates": [ [ 9.069269, 44.445758 ], [ 9.069253, 44.44577 ] ] } },
{ "type": "Feature", "properties": { "osm_id": 1513341542, "highway": "steps", "surface": "", "name": "", "paved": false }, "geometry": { "type": "LineString", "coordinates": [ [ 9.069253, 44.44577 ], [ 9.069274, 44.445783 ], [ 9.069276, 44.445808 ], [ 9.069387, 44.445892 ] ] } },
{ "type": "Feature", "properties": { "osm_id": 1513341543, "highway": "service", "surface": "", "name": "", "paved": false }, "geometry": { "type": "LineString", "coordinates": [ [ 9.069285, 44.44591 ], [ 9.069002, 44.445826 ], [ 9.068865, 44.445866 ] ] } },
{ "type": "Feature", "properties": { "osm_id": 1513341544, "highway": "service", "surface": "", "name": "", "paved": false }, "geometry": { "type": "LineString", "coordinates": [ [ 9.069213, 44.445718 ], [ 9.069359, 44.44571 ], [ 9.069375, 44.445551 ] ] } },
{ "type": "Feature", "properties": { "osm_id": 1513341545, "highway": "service", "surface": "", "name": "", "paved": false }, "geometry": { "type": "LineString", "coordinates": [ [ 9.069246, 44.445451 ], [ 9.069377, 44.445504 ] ] } },
{ "type": "Feature", "properties": { "osm_id": 1513341546, "highway": "service", "surface": "", "name": "", "paved": false }, "geometry": { "type": "LineString", "coordinates": [ [ 9.06908, 44.445629 ], [ 9.068997, 44.445604 ], [ 9.069001, 44.445559 ], [ 9.068993, 44.445542 ], [ 9.069007, 44.445496 ] ] } },
{ "type": "Feature", "properties": { "osm_id": 1513341548, "highway": "footway", "surface": "", "name": "", "paved": false }, "geometry": { "type": "LineString", "coordinates": [ [ 9.06964, 44.445121 ], [ 9.069613, 44.445112 ] ] } },
{ "type": "Feature", "properties": { "osm_id": 1513341549, "highway": "footway", "surface": "", "name": "", "paved": false }, "geometry": { "type": "LineString", "coordinates": [ [ 9.069613, 44.445112 ], [ 9.069531, 44.445074 ] ] } },
{ "type": "Feature", "properties": { "osm_id": 1513341550, "highway": "footway", "surface": "", "name": "", "paved": false }, "geometry": { "type": "LineString", "coordinates": [ [ 9.069531, 44.445074 ], [ 9.069457, 44.445032 ], [ 9.069446, 44.444974 ], [ 9.069448, 44.444898 ], [ 9.069372, 44.444825 ], [ 9.069272, 44.444802 ], [ 9.069211, 44.444812 ], [ 9.069184, 44.444838 ] ] } },
{ "type": "Feature", "properties": { "osm_id": 1513341551, "highway": "steps", "surface": "", "name": "", "paved": false }, "geometry": { "type": "LineString", "coordinates": [ [ 9.070065, 44.445626 ], [ 9.069993, 44.445563 ], [ 9.069903, 44.44552 ], [ 9.06988, 44.445491 ] ] } },
{ "type": "Feature", "properties": { "osm_id": 1513341552, "highway": "steps", "surface": "", "name": "", "paved": false }, "geometry": { "type": "LineString", "coordinates": [ [ 9.070127, 44.445406 ], [ 9.070153, 44.445438 ], [ 9.070189, 44.445465 ], [ 9.070218, 44.445523 ] ] } },
{ "type": "Feature", "properties": { "osm_id": 1513341553, "highway": "footway", "surface": "", "name": "", "paved": false }, "geometry": { "type": "LineString", "coordinates": [ [ 9.070127, 44.445406 ], [ 9.070056, 44.445409 ], [ 9.069961, 44.445437 ], [ 9.069902, 44.445462 ], [ 9.06988, 44.445491 ], [ 9.069812, 44.445553 ], [ 9.069629, 44.445782 ], [ 9.069565, 44.445843 ], [ 9.069525, 44.445899 ], [ 9.069487, 44.445927 ] ] } },
{ "type": "Feature", "properties": { "osm_id": 1513341554, "highway": "footway", "surface": "", "name": "", "paved": false }, "geometry": { "type": "LineString", "coordinates": [ [ 9.069451, 44.445927 ], [ 9.069387, 44.445892 ] ] } },
{ "type": "Feature", "properties": { "osm_id": 1513341555, "highway": "footway", "surface": "", "name": "", "paved": false }, "geometry": { "type": "LineString", "coordinates": [ [ 9.069487, 44.445927 ], [ 9.069451, 44.445927 ] ] } },
{ "type": "Feature", "properties": { "osm_id": 1513341556, "highway": "steps", "surface": "", "name": "", "paved": false }, "geometry": { "type": "LineString", "coordinates": [ [ 9.069451, 44.445927 ], [ 9.069492, 44.445962 ], [ 9.069477, 44.44605 ] ] } },
{ "type": "Feature", "properties": { "osm_id": 1513341558, "highway": "steps", "surface": "", "name": "", "paved": false }, "geometry": { "type": "LineString", "coordinates": [ [ 9.070477, 44.445291 ], [ 9.070568, 44.44536 ], [ 9.070616, 44.445412 ], [ 9.07065, 44.445436 ], [ 9.07071, 44.445402 ], [ 9.0708, 44.445449 ], [ 9.070893, 44.445517 ] ] } },
{ "type": "Feature", "properties": { "osm_id": 1513341559, "highway": "steps", "surface": "", "name": "", "paved": false }, "geometry": { "type": "LineString", "coordinates": [ [ 9.070675, 44.445743 ], [ 9.070573, 44.445672 ], [ 9.070522, 44.445648 ] ] } },
{ "type": "Feature", "properties": { "osm_id": 1513341560, "highway": "footway", "surface": "", "name": "", "paved": false }, "geometry": { "type": "LineString", "coordinates": [ [ 9.070316, 44.445743 ], [ 9.070175, 44.44586 ] ] } },
{ "type": "Feature", "properties": { "osm_id": 1513341561, "highway": "steps", "surface": "", "name": "", "paved": false }, "geometry": { "type": "LineString", "coordinates": [ [ 9.070175, 44.44586 ], [ 9.070245, 44.445904 ] ] } },
{ "type": "Feature", "properties": { "osm_id": 1513341562, "highway": "footway", "surface": "", "name": "", "paved": false }, "geometry": { "type": "LineString", "coordinates": [ [ 9.070245, 44.445904 ], [ 9.070266, 44.445885 ] ] } },
{ "type": "Feature", "properties": { "osm_id": 1516182952, "highway": "service", "surface": "", "name": "", "paved": false }, "geometry": { "type": "LineString", "coordinates": [ [ 9.064018, 44.445638 ], [ 9.064143, 44.445576 ], [ 9.064192, 44.445532 ], [ 9.064251, 44.445501 ], [ 9.06428, 44.445476 ], [ 9.064279, 44.445466 ], [ 9.064267, 44.445462 ], [ 9.064205, 44.445479 ], [ 9.064134, 44.445524 ], [ 9.064028, 44.445548 ], [ 9.063944, 44.445558 ], [ 9.06388, 44.445498 ] ] } },
{ "type": "Feature", "properties": { "osm_id": 1517954543, "highway": "steps", "surface": "", "name": "", "paved": false }, "geometry": { "type": "LineString", "coordinates": [ [ 9.073999, 44.44645 ], [ 9.074066, 44.446438 ], [ 9.074119, 44.446507 ], [ 9.074329, 44.446443 ] ] } },
{ "type": "Feature", "properties": { "osm_id": 1517954544, "highway": "steps", "surface": "", "name": "", "paved": false }, "geometry": { "type": "LineString", "coordinates": [ [ 9.074006, 44.447225 ], [ 9.07412, 44.44728 ], [ 9.074188, 44.447222 ], [ 9.074283, 44.447252 ] ] } },
{ "type": "Feature", "properties": { "osm_id": 1517954545, "highway": "footway", "surface": "", "name": "", "paved": false }, "geometry": { "type": "LineString", "coordinates": [ [ 9.07412, 44.44728 ], [ 9.074089, 44.447306 ], [ 9.074094, 44.447317 ], [ 9.074081, 44.447336 ], [ 9.074057, 44.447358 ] ] } },
{ "type": "Feature", "properties": { "osm_id": 1517954546, "highway": "footway", "surface": "", "name": "", "paved": false }, "geometry": { "type": "LineString", "coordinates": [ [ 9.074107, 44.447013 ], [ 9.074318, 44.44692 ], [ 9.074393, 44.446996 ] ] } },
{ "type": "Feature", "properties": { "osm_id": 1517954547, "highway": "service", "surface": "", "name": "", "paved": false }, "geometry": { "type": "LineString", "coordinates": [ [ 9.069278, 44.448139 ], [ 9.069342, 44.448215 ] ] } },
{ "type": "Feature", "properties": { "osm_id": 1517954549, "highway": "path", "surface": "", "name": "", "paved": false }, "geometry": { "type": "LineString", "coordinates": [ [ 9.066206, 44.44789 ], [ 9.066175, 44.447778 ], [ 9.066161, 44.447699 ], [ 9.066083, 44.44758 ] ] } },
{ "type": "Feature", "properties": { "osm_id": 1517954550, "highway": "service", "surface": "", "name": "", "paved": false }, "geometry": { "type": "LineString", "coordinates": [ [ 9.069044, 44.44711 ], [ 9.069214, 44.447082 ], [ 9.069268, 44.447112 ], [ 9.06921, 44.44715 ] ] } },
{ "type": "Feature", "properties": { "osm_id": 1517954551, "highway": "footway", "surface": "", "name": "", "paved": false }, "geometry": { "type": "LineString", "coordinates": [ [ 9.06921, 44.44715 ], [ 9.069217, 44.447158 ], [ 9.069274, 44.44714 ], [ 9.06929, 44.447155 ], [ 9.06924, 44.447189 ], [ 9.069355, 44.447302 ] ] } },
{ "type": "Feature", "properties": { "osm_id": 1517954552, "highway": "steps", "surface": "", "name": "", "paved": false }, "geometry": { "type": "LineString", "coordinates": [ [ 9.07035, 44.447796 ], [ 9.070382, 44.447846 ], [ 9.070427, 44.447985 ], [ 9.070509, 44.448053 ] ] } },
{ "type": "Feature", "properties": { "osm_id": 1517954553, "highway": "footway", "surface": "", "name": "", "paved": false }, "geometry": { "type": "LineString", "coordinates": [ [ 9.071849, 44.447598 ], [ 9.07181, 44.447647 ], [ 9.071633, 44.447723 ], [ 9.071547, 44.447733 ] ] } },
{ "type": "Feature", "properties": { "osm_id": 1517954554, "highway": "steps", "surface": "", "name": "", "paved": false }, "geometry": { "type": "LineString", "coordinates": [ [ 9.072376, 44.447389 ], [ 9.072509, 44.447464 ] ] } },
{ "type": "Feature", "properties": { "osm_id": 1517954555, "highway": "steps", "surface": "", "name": "", "paved": false }, "geometry": { "type": "LineString", "coordinates": [ [ 9.073262, 44.446643 ], [ 9.073241, 44.446601 ] ] } },
{ "type": "Feature", "properties": { "osm_id": 1517954556, "highway": "footway", "surface": "", "name": "", "paved": false }, "geometry": { "type": "LineString", "coordinates": [ [ 9.073241, 44.446601 ], [ 9.07319, 44.446506 ] ] } },
{ "type": "Feature", "properties": { "osm_id": 1517954557, "highway": "steps", "surface": "", "name": "", "paved": false }, "geometry": { "type": "LineString", "coordinates": [ [ 9.073169, 44.446624 ], [ 9.073217, 44.446557 ] ] } },
{ "type": "Feature", "properties": { "osm_id": 1523963808, "highway": "footway", "surface": "", "name": "", "paved": false }, "geometry": { "type": "LineString", "coordinates": [ [ 9.046268, 44.450898 ], [ 9.046272, 44.45074 ], [ 9.046503, 44.450683 ], [ 9.046772, 44.450993 ] ] } },
{ "type": "Feature", "properties": { "osm_id": 1523963809, "highway": "footway", "surface": "", "name": "", "paved": false }, "geometry": { "type": "LineString", "coordinates": [ [ 9.046608, 44.450804 ], [ 9.046722, 44.450754 ], [ 9.046885, 44.4509 ], [ 9.046985, 44.45107 ], [ 9.046989, 44.451179 ], [ 9.046954, 44.451343 ], [ 9.04691, 44.451432 ], [ 9.04684, 44.45155 ], [ 9.046749, 44.451609 ] ] } },
{ "type": "Feature", "properties": { "osm_id": 1523963810, "highway": "footway", "surface": "", "name": "", "paved": false }, "geometry": { "type": "LineString", "coordinates": [ [ 9.045632, 44.451142 ], [ 9.045556, 44.451055 ], [ 9.045517, 44.450977 ], [ 9.045464, 44.450827 ], [ 9.045466, 44.450804 ] ] } },
{ "type": "Feature", "properties": { "osm_id": 1523963811, "highway": "service", "surface": "", "name": "", "paved": false }, "geometry": { "type": "LineString", "coordinates": [ [ 9.045395, 44.449769 ], [ 9.045674, 44.449615 ], [ 9.045793, 44.449559 ], [ 9.045913, 44.449551 ], [ 9.045993, 44.449504 ], [ 9.046058, 44.449418 ], [ 9.046112, 44.449323 ], [ 9.046244, 44.449251 ], [ 9.046287, 44.449261 ], [ 9.04631, 44.449285 ], [ 9.046303, 44.449312 ], [ 9.046265, 44.44938 ], [ 9.046125, 44.449719 ], [ 9.046215, 44.449801 ], [ 9.04642, 44.449784 ], [ 9.046549, 44.449695 ], [ 9.046729, 44.449653 ] ] } },
{ "type": "Feature", "properties": { "osm_id": 1523963812, "highway": "service", "surface": "", "name": "", "paved": false }, "geometry": { "type": "LineString", "coordinates": [ [ 9.045652, 44.448702 ], [ 9.045913, 44.448724 ], [ 9.045972, 44.448638 ], [ 9.046035, 44.44857 ], [ 9.046088, 44.448595 ] ] } },
{ "type": "Feature", "properties": { "osm_id": 1523963813, "highway": "footway", "surface": "", "name": "", "paved": false }, "geometry": { "type": "LineString", "coordinates": [ [ 9.044962, 44.448579 ], [ 9.044909, 44.448552 ], [ 9.044784, 44.448408 ], [ 9.044868, 44.448385 ], [ 9.044887, 44.44839 ], [ 9.044949, 44.448369 ], [ 9.045169, 44.448267 ], [ 9.045284, 44.448398 ], [ 9.045302, 44.448461 ] ] } },
{ "type": "Feature", "properties": { "osm_id": 1523963814, "highway": "unclassified", "surface": "", "name": "Via Rivale", "paved": false }, "geometry": { "type": "LineString", "coordinates": [ [ 9.045699, 44.448532 ], [ 9.045635, 44.448481 ], [ 9.045523, 44.448453 ], [ 9.045387, 44.44845 ], [ 9.045265, 44.448465 ], [ 9.045173, 44.448494 ], [ 9.044993, 44.448539 ], [ 9.044962, 44.448579 ], [ 9.04499, 44.448676 ], [ 9.044974, 44.448728 ] ] } },
{ "type": "Feature", "properties": { "osm_id": 1523963815, "highway": "unclassified", "surface": "", "name": "Via Rivale", "paved": false }, "geometry": { "type": "LineString", "coordinates": [ [ 9.045709, 44.448565 ], [ 9.045699, 44.448532 ] ] } },
{ "type": "Feature", "properties": { "osm_id": 1523963816, "highway": "residential", "surface": "", "name": "", "paved": true }, "geometry": { "type": "LineString", "coordinates": [ [ 9.044066, 44.451493 ], [ 9.044024, 44.451501 ], [ 9.04399, 44.45149 ], [ 9.043916, 44.451427 ], [ 9.043851, 44.451363 ], [ 9.043788, 44.451347 ], [ 9.043744, 44.451395 ], [ 9.043647, 44.45148 ], [ 9.043628, 44.451526 ], [ 9.043622, 44.451573 ], [ 9.043647, 44.451626 ], [ 9.043744, 44.45177 ], [ 9.043754, 44.451817 ], [ 9.043623, 44.451931 ] ] } },
{ "type": "Feature", "properties": { "osm_id": 1524277184, "highway": "footway", "surface": "", "name": "", "paved": false }, "geometry": { "type": "LineString", "coordinates": [ [ 9.042445, 44.452645 ], [ 9.042402, 44.452608 ], [ 9.042361, 44.452532 ], [ 9.042491, 44.452445 ] ] } },
{ "type": "Feature", "properties": { "osm_id": 1524277185, "highway": "footway", "surface": "", "name": "", "paved": false }, "geometry": { "type": "LineString", "coordinates": [ [ 9.042452, 44.452471 ], [ 9.042388, 44.452368 ], [ 9.042252, 44.45243 ], [ 9.042125, 44.452479 ] ] } },
{ "type": "Feature", "properties": { "osm_id": 1524277186, "highway": "path", "surface": "", "name": "", "paved": false }, "geometry": { "type": "LineString", "coordinates": [ [ 9.042125, 44.452479 ], [ 9.042002, 44.452521 ], [ 9.041921, 44.452568 ], [ 9.04184, 44.452606 ], [ 9.041807, 44.452616 ], [ 9.041787, 44.452613 ], [ 9.041686, 44.452566 ] ] } },
{ "type": "Feature", "properties": { "osm_id": 1524433134, "highway": "service", "surface": "", "name": "", "paved": false }, "geometry": { "type": "LineString", "coordinates": [ [ 9.040724, 44.452223 ], [ 9.040671, 44.452273 ], [ 9.040516, 44.452337 ] ] } },
{ "type": "Feature", "properties": { "osm_id": 1524433135, "highway": "service", "surface": "", "name": "", "paved": false }, "geometry": { "type": "LineString", "coordinates": [ [ 9.041193, 44.451656 ], [ 9.041136, 44.451649 ], [ 9.041114, 44.451657 ], [ 9.041076, 44.451684 ], [ 9.040931, 44.451732 ] ] } },
{ "type": "Feature", "properties": { "osm_id": 1524433136, "highway": "steps", "surface": "", "name": "", "paved": false }, "geometry": { "type": "LineString", "coordinates": [ [ 9.041032, 44.4517 ], [ 9.041013, 44.451684 ], [ 9.041047, 44.451668 ], [ 9.041021, 44.451635 ], [ 9.041064, 44.451607 ] ] } },
{ "type": "Feature", "properties": { "osm_id": 1524433137, "highway": "footway", "surface": "", "name": "", "paved": false }, "geometry": { "type": "LineString", "coordinates": [ [ 9.041064, 44.451607 ], [ 9.041019, 44.451581 ], [ 9.040982, 44.451551 ], [ 9.040947, 44.451565 ] ] } },
{ "type": "Feature", "properties": { "osm_id": 1524433138, "highway": "footway", "surface": "", "name": "", "paved": false }, "geometry": { "type": "LineString", "coordinates": [ [ 9.041027, 44.451586 ], [ 9.041075, 44.451521 ], [ 9.041049, 44.451509 ], [ 9.040996, 44.451524 ], [ 9.040978, 44.451509 ], [ 9.040912, 44.451533 ], [ 9.040924, 44.451544 ] ] } },
{ "type": "Feature", "properties": { "osm_id": 1524433139, "highway": "service", "surface": "", "name": "", "paved": false }, "geometry": { "type": "LineString", "coordinates": [ [ 9.04185, 44.450565 ], [ 9.041939, 44.450595 ], [ 9.041933, 44.450636 ], [ 9.041807, 44.45094 ], [ 9.041842, 44.450952 ], [ 9.042033, 44.450714 ], [ 9.042139, 44.450739 ] ] } },
{ "type": "Feature", "properties": { "osm_id": 1524433140, "highway": "service", "surface": "", "name": "", "paved": false }, "geometry": { "type": "LineString", "coordinates": [ [ 9.041871, 44.449924 ], [ 9.041884, 44.449845 ], [ 9.041935, 44.449704 ] ] } },
{ "type": "Feature", "properties": { "osm_id": 1524433141, "highway": "service", "surface": "", "name": "", "paved": false }, "geometry": { "type": "LineString", "coordinates": [ [ 9.041649, 44.450348 ], [ 9.041613, 44.450318 ], [ 9.041601, 44.450289 ], [ 9.041675, 44.449995 ], [ 9.041548, 44.449966 ], [ 9.041468, 44.450083 ] ] } },
{ "type": "Feature", "properties": { "osm_id": 1524433142, "highway": "service", "surface": "", "name": "", "paved": false }, "geometry": { "type": "LineString", "coordinates": [ [ 9.0416, 44.450448 ], [ 9.041687, 44.450495 ], [ 9.041691, 44.450559 ], [ 9.041609, 44.45061 ], [ 9.041559, 44.450654 ] ] } },
{ "type": "Feature", "properties": { "osm_id": 1524433143, "highway": "service", "surface": "", "name": "", "paved": false }, "geometry": { "type": "LineString", "coordinates": [ [ 9.041247, 44.450836 ], [ 9.041204, 44.450801 ], [ 9.041348, 44.450609 ], [ 9.041451, 44.450384 ] ] } },
{ "type": "Feature", "properties": { "osm_id": 1524433144, "highway": "service", "surface": "", "name": "", "paved": false }, "geometry": { "type": "LineString", "coordinates": [ [ 9.039219, 44.4518 ], [ 9.039208, 44.451766 ], [ 9.039455, 44.451548 ], [ 9.039496, 44.451496 ], [ 9.039511, 44.451446 ], [ 9.039487, 44.451411 ], [ 9.039692, 44.451301 ], [ 9.039746, 44.451329 ], [ 9.039761, 44.451344 ] ] } },
{ "type": "Feature", "properties": { "osm_id": 1524433145, "highway": "service", "surface": "", "name": "", "paved": false }, "geometry": { "type": "LineString", "coordinates": [ [ 9.039483, 44.451513 ], [ 9.039551, 44.451516 ], [ 9.039627, 44.451484 ], [ 9.039677, 44.451475 ], [ 9.039835, 44.451397 ] ] } },
{ "type": "Feature", "properties": { "osm_id": 1524433146, "highway": "path", "surface": "dirt", "name": "", "paved": false }, "geometry": { "type": "LineString", "coordinates": [ [ 9.038345, 44.452588 ], [ 9.038359, 44.452523 ], [ 9.038313, 44.452264 ], [ 9.038295, 44.452121 ] ] } },
{ "type": "Feature", "properties": { "osm_id": 1524433147, "highway": "service", "surface": "dirt", "name": "", "paved": false }, "geometry": { "type": "LineString", "coordinates": [ [ 9.038295, 44.452121 ], [ 9.038325, 44.452104 ], [ 9.038435, 44.452147 ], [ 9.038545, 44.452207 ], [ 9.038628, 44.452291 ], [ 9.038755, 44.452453 ] ] } },
{ "type": "Feature", "properties": { "osm_id": 1524433148, "highway": "secondary", "surface": "asphalt", "name": "Via Cavassolo", "paved": true }, "geometry": { "type": "LineString", "coordinates": [ [ 9.038273, 44.452616 ], [ 9.038304, 44.452705 ], [ 9.038298, 44.452784 ], [ 9.038208, 44.453397 ], [ 9.038182, 44.453484 ], [ 9.038201, 44.453538 ], [ 9.038234, 44.453576 ], [ 9.03827, 44.453582 ], [ 9.038304, 44.453579 ], [ 9.038331, 44.453564 ], [ 9.038356, 44.453542 ], [ 9.038379, 44.453503 ], [ 9.038374, 44.453377 ], [ 9.038395, 44.453279 ], [ 9.038429, 44.45318 ], [ 9.038485, 44.453064 ], [ 9.038647, 44.452812 ], [ 9.038723, 44.452651 ], [ 9.038758, 44.45253 ], [ 9.038755, 44.452453 ] ] } },
{ "type": "Feature", "properties": { "osm_id": 1524433149, "highway": "service", "surface": "", "name": "", "paved": false }, "geometry": { "type": "LineString", "coordinates": [ [ 9.038521, 44.453009 ], [ 9.038486, 44.452981 ], [ 9.03849, 44.45295 ], [ 9.038571, 44.45278 ] ] } },
{ "type": "Feature", "properties": { "osm_id": 1524433150, "highway": "steps", "surface": "dirt", "name": "", "paved": false }, "geometry": { "type": "LineString", "coordinates": [ [ 9.038273, 44.452616 ], [ 9.038345, 44.452588 ] ] } },
{ "type": "Feature", "properties": { "osm_id": 1524433151, "highway": "service", "surface": "paving_stones", "name": "", "paved": true }, "geometry": { "type": "LineString", "coordinates": [ [ 9.037754, 44.45147 ], [ 9.037739, 44.451456 ], [ 9.037698, 44.451397 ], [ 9.037679, 44.451343 ], [ 9.037692, 44.451278 ], [ 9.03773, 44.451247 ] ] } },
{ "type": "Feature", "properties": { "osm_id": 1524433152, "highway": "path", "surface": "", "name": "", "paved": false }, "geometry": { "type": "LineString", "coordinates": [ [ 9.037729, 44.451517 ], [ 9.037726, 44.451688 ], [ 9.037777, 44.45194 ] ] } },
{ "type": "Feature", "properties": { "osm_id": 1524433153, "highway": "service", "surface": "", "name": "", "paved": false }, "geometry": { "type": "LineString", "coordinates": [ [ 9.038054, 44.451122 ], [ 9.037992, 44.451106 ], [ 9.037872, 44.451091 ], [ 9.037831, 44.451095 ], [ 9.037806, 44.451123 ], [ 9.037706, 44.451085 ], [ 9.03771, 44.451052 ], [ 9.037607, 44.451008 ], [ 9.037539, 44.451086 ], [ 9.037559, 44.451096 ], [ 9.037543, 44.451121 ], [ 9.037563, 44.451228 ], [ 9.037642, 44.451357 ] ] } },
{ "type": "Feature", "properties": { "osm_id": 1524433154, "highway": "service", "surface": "", "name": "", "paved": false }, "geometry": { "type": "LineString", "coordinates": [ [ 9.038013, 44.451193 ], [ 9.037953, 44.451175 ], [ 9.037955, 44.451121 ] ] } },
{ "type": "Feature", "properties": { "osm_id": 1524433155, "highway": "service", "surface": "", "name": "", "paved": false }, "geometry": { "type": "LineString", "coordinates": [ [ 9.037806, 44.451123 ], [ 9.0378, 44.451151 ], [ 9.037735, 44.451227 ] ] } },
{ "type": "Feature", "properties": { "osm_id": 1524433157, "highway": "steps", "surface": "", "name": "", "paved": false }, "geometry": { "type": "LineString", "coordinates": [ [ 9.038006, 44.451205 ], [ 9.038064, 44.451222 ], [ 9.038041, 44.451268 ] ] } },
{ "type": "Feature", "properties": { "osm_id": 1524433158, "highway": "service", "surface": "", "name": "", "paved": false }, "geometry": { "type": "LineString", "coordinates": [ [ 9.038041, 44.451268 ], [ 9.03807, 44.451268 ], [ 9.038145, 44.451236 ] ] } },
{ "type": "Feature", "properties": { "osm_id": 1524433159, "highway": "service", "surface": "", "name": "", "paved": false }, "geometry": { "type": "LineString", "coordinates": [ [ 9.038112, 44.451434 ], [ 9.0383, 44.451419 ], [ 9.038384, 44.451377 ] ] } },
{ "type": "Feature", "properties": { "osm_id": 1524433160, "highway": "steps", "surface": "", "name": "", "paved": false }, "geometry": { "type": "LineString", "coordinates": [ [ 9.038041, 44.451268 ], [ 9.038011, 44.451319 ], [ 9.038112, 44.451434 ] ] } },
{ "type": "Feature", "properties": { "osm_id": 1524433161, "highway": "path", "surface": "", "name": "", "paved": false }, "geometry": { "type": "LineString", "coordinates": [ [ 9.038024, 44.451332 ], [ 9.037958, 44.451402 ], [ 9.037926, 44.451443 ] ] } },
{ "type": "Feature", "properties": { "osm_id": 1524433162, "highway": "steps", "surface": "", "name": "", "paved": false }, "geometry": { "type": "LineString", "coordinates": [ [ 9.037543, 44.451121 ], [ 9.037484, 44.451119 ], [ 9.037474, 44.451134 ], [ 9.037444, 44.451084 ], [ 9.037395, 44.451109 ], [ 9.037367, 44.451083 ] ] } },
{ "type": "Feature", "properties": { "osm_id": 1524433163, "highway": "service", "surface": "", "name": "", "paved": false }, "geometry": { "type": "LineString", "coordinates": [ [ 9.038113, 44.451066 ], [ 9.038172, 44.451102 ], [ 9.038269, 44.451139 ], [ 9.038292, 44.451138 ], [ 9.038374, 44.451099 ], [ 9.038399, 44.451096 ], [ 9.038553, 44.451118 ], [ 9.038723, 44.451108 ], [ 9.038755, 44.451143 ] ] } },
{ "type": "Feature", "properties": { "osm_id": 1524433164, "highway": "steps", "surface": "", "name": "", "paved": false }, "geometry": { "type": "LineString", "coordinates": [ [ 9.039141, 44.450711 ], [ 9.039262, 44.45079 ] ] } },
{ "type": "Feature", "properties": { "osm_id": 1524433165, "highway": "steps", "surface": "", "name": "", "paved": false }, "geometry": { "type": "LineString", "coordinates": [ [ 9.039274, 44.450785 ], [ 9.039297, 44.450807 ], [ 9.039354, 44.450886 ], [ 9.039327, 44.450891 ] ] } },
{ "type": "Feature", "properties": { "osm_id": 1524433166, "highway": "footway", "surface": "", "name": "", "paved": false }, "geometry": { "type": "LineString", "coordinates": [ [ 9.039326, 44.450848 ], [ 9.039302, 44.450854 ], [ 9.039277, 44.450815 ], [ 9.03921, 44.450832 ] ] } },
{ "type": "Feature", "properties": { "osm_id": 1524433167, "highway": "steps", "surface": "", "name": "", "paved": false }, "geometry": { "type": "LineString", "coordinates": [ [ 9.039354, 44.450886 ], [ 9.039385, 44.450899 ], [ 9.039488, 44.450845 ] ] } },
{ "type": "Feature", "properties": { "osm_id": 1524433168, "highway": "service", "surface": "", "name": "", "paved": false }, "geometry": { "type": "LineString", "coordinates": [ [ 9.040152, 44.450229 ], [ 9.040193, 44.450195 ], [ 9.040261, 44.450101 ], [ 9.040328, 44.450053 ], [ 9.0404, 44.44998 ], [ 9.040425, 44.449981 ], [ 9.040488, 44.450008 ], [ 9.040499, 44.450102 ], [ 9.040441, 44.450173 ] ] } },
{ "type": "Feature", "properties": { "osm_id": 1524433169, "highway": "steps", "surface": "", "name": "", "paved": false }, "geometry": { "type": "LineString", "coordinates": [ [ 9.0416, 44.450448 ], [ 9.041563, 44.450429 ], [ 9.04159, 44.450331 ], [ 9.041405, 44.450284 ], [ 9.041458, 44.450189 ], [ 9.04128, 44.450106 ], [ 9.041278, 44.450085 ], [ 9.041186, 44.450047 ], [ 9.041075, 44.449916 ] ] } },
{ "type": "Feature", "properties": { "osm_id": 1524433170, "highway": "path", "surface": "", "name": "", "paved": false }, "geometry": { "type": "LineString", "coordinates": [ [ 9.041075, 44.449916 ], [ 9.041176, 44.449732 ], [ 9.041289, 44.449624 ] ] } }
]
}
