{
"type": "FeatureCollection",
"name": "pericolosita_alluvione",
"xy_coordinate_resolution": 1e-06,
"features": [
{ "type": "Feature", "properties": { "id": "PIANIFICAZIONE.SIT.PGRA_ITC_FLUVIAL.224", "decreto": "DCIP_026_2021", "name": "Regionale Liguria", "euuomcode": "ITR071", "data": "2021-12-20T00:00:00", "ambito": "10k", "pericolo": 3, "st_area_sh": 2680.1635, "st_length_": 358.78178517700002 }, "geometry": { "type": "Polygon", "coordinates": [ [ [ 9.181297, 44.429607 ], [ 9.181306, 44.429586 ], [ 9.181681, 44.429278 ], [ 9.181588, 44.429481 ], [ 9.181594, 44.429684 ], [ 9.181637, 44.429717 ], [ 9.181736, 44.429717 ], [ 9.181719, 44.429796 ], [ 9.181843, 44.429812 ], [ 9.18192, 44.429815 ], [ 9.18207, 44.429845 ], [ 9.182278, 44.429901 ], [ 9.182302, 44.429849 ], [ 9.182234, 44.429807 ], [ 9.1823, 44.429745 ], [ 9.182473, 44.429787 ], [ 9.182349, 44.429992 ], [ 9.182111, 44.429938 ], [ 9.181977, 44.429928 ], [ 9.181326, 44.429951 ], [ 9.181194, 44.429927 ], [ 9.181141, 44.429899 ], [ 9.181113, 44.429839 ], [ 9.181163, 44.429746 ], [ 9.181297, 44.429607 ] ] ] } },
{ "type": "Feature", "properties": { "id": "PIANIFICAZIONE.SIT.PGRA_ITC_FLUVIAL.1575", "decreto": "DCIP_026_2021", "name": "Regionale Liguria", "euuomcode": "ITR071", "data": "2021-12-20T00:00:00", "ambito": "10k", "pericolo": 1, "st_area_sh": 4731.0667, "st_length_": 648.875408268 }, "geometry": { "type": "Polygon", "coordinates": [ [ [ 9.168323, 44.434271 ], [ 9.168506, 44.434216 ], [ 9.168632, 44.434192 ], [ 9.168802, 44.43418 ], [ 9.169081, 44.434191 ], [ 9.169304, 44.434209 ], [ 9.169365, 44.434228 ], [ 9.169526, 44.434145 ], [ 9.1697, 44.434092 ], [ 9.169469, 44.433998 ], [ 9.16897, 44.433894 ], [ 9.169268, 44.433834 ], [ 9.169477, 44.433854 ], [ 9.169989, 44.433986 ], [ 9.170186, 44.434018 ], [ 9.170445, 44.434099 ], [ 9.170687, 44.434134 ], [ 9.170872, 44.43417 ], [ 9.171008, 44.434238 ], [ 9.170676, 44.434211 ], [ 9.170254, 44.43422 ], [ 9.169651, 44.43432 ], [ 9.168944, 44.434427 ], [ 9.168809, 44.434423 ], [ 9.168595, 44.434367 ], [ 9.168432, 44.434315 ], [ 9.168323, 44.434271 ] ], [ [ 9.169506, 44.434236 ], [ 9.169961, 44.434163 ], [ 9.169937, 44.434137 ], [ 9.169835, 44.434112 ], [ 9.169744, 44.434135 ], [ 9.169506, 44.434236 ] ] ] } },
{ "type": "Feature", "properties": { "id": "PIANIFICAZIONE.SIT.PGRA_ITC_FLUVIAL.2530", "decreto": "DCIP_026_2021", "name": "Regionale Liguria", "euuomcode": "ITR071", "data": "2021-12-20T00:00:00", "ambito": "10k", "pericolo": 3, "st_area_sh": 16968.1638, "st_length_": 1146.16882227 }, "geometry": { "type": "Polygon", "coordinates": [ [ [ 9.169651, 44.43432 ], [ 9.170254, 44.43422 ], [ 9.170676, 44.434211 ], [ 9.170876, 44.434224 ], [ 9.171147, 44.434253 ], [ 9.171749, 44.434336 ], [ 9.173051, 44.434475 ], [ 9.17342, 44.434481 ], [ 9.173942, 44.434456 ], [ 9.174287, 44.434386 ], [ 9.174543, 44.434258 ], [ 9.174608, 44.434148 ], [ 9.174594, 44.433939 ], [ 9.174523, 44.433655 ], [ 9.174391, 44.433301 ], [ 9.17432, 44.433053 ], [ 9.174644, 44.433006 ], [ 9.174782, 44.433486 ], [ 9.174844, 44.433835 ], [ 9.174856, 44.434081 ], [ 9.174829, 44.434241 ], [ 9.174768, 44.434366 ], [ 9.174437, 44.434561 ], [ 9.173656, 44.434797 ], [ 9.17294, 44.434862 ], [ 9.172337, 44.434831 ], [ 9.172082, 44.434811 ], [ 9.170665, 44.434462 ], [ 9.170502, 44.434436 ], [ 9.170037, 44.434437 ], [ 9.169895, 44.434399 ], [ 9.169651, 44.43432 ] ] ] } },
{ "type": "Feature", "properties": { "id": "PIANIFICAZIONE.SIT.PGRA_ITC_FLUVIAL.7685", "decreto": "DCIP_026_2021", "name": "Regionale Liguria", "euuomcode": "ITR071", "data": "2021-12-20T00:00:00", "ambito": "10k", "pericolo": 2, "st_area_sh": 7692.09665, "st_length_": 577.64096043200004 }, "geometry": { "type": "Polygon", "coordinates": [ [ [ 9.186023, 44.428246 ], [ 9.186056, 44.428129 ], [ 9.18672, 44.428252 ], [ 9.186987, 44.428332 ], [ 9.187607, 44.428462 ], [ 9.188373, 44.428527 ], [ 9.188718, 44.428536 ], [ 9.189113, 44.428924 ], [ 9.189227, 44.42901 ], [ 9.189078, 44.429041 ], [ 9.188952, 44.429052 ], [ 9.18865, 44.429049 ], [ 9.188304, 44.429025 ], [ 9.18805, 44.428862 ], [ 9.187914, 44.428759 ], [ 9.187787, 44.428701 ], [ 9.18758, 44.428682 ], [ 9.187309, 44.428618 ], [ 9.187185, 44.428622 ], [ 9.186578, 44.428399 ], [ 9.186023, 44.428246 ] ] ] } },
{ "type": "Feature", "properties": { "id": "PIANIFICAZIONE.SIT.PGRA_ITC_FLUVIAL.7278", "decreto": "DCIP_026_2021", "name": "Regionale Liguria", "euuomcode": "ITR071", "data": "2021-12-20T00:00:00", "ambito": "10k", "pericolo": 1, "st_area_sh": 7778.84285, "st_length_": 444.15882941199999 }, "geometry": { "type": "Polygon", "coordinates": [ [ [ 9.182185, 44.428801 ], [ 9.182317, 44.428718 ], [ 9.182675, 44.42844 ], [ 9.183002, 44.428274 ], [ 9.183268, 44.428232 ], [ 9.183264, 44.428281 ], [ 9.183102, 44.428839 ], [ 9.18305, 44.428952 ], [ 9.182946, 44.429028 ], [ 9.182766, 44.429114 ], [ 9.182459, 44.429329 ], [ 9.182307, 44.429602 ], [ 9.182274, 44.429683 ], [ 9.1823, 44.429745 ], [ 9.182234, 44.429807 ], [ 9.182101, 44.429673 ], [ 9.181909, 44.429646 ], [ 9.181918, 44.429488 ], [ 9.182001, 44.429386 ], [ 9.182052, 44.429252 ], [ 9.182103, 44.42903 ], [ 9.182161, 44.428933 ], [ 9.182185, 44.428801 ] ] ] } },
{ "type": "Feature", "properties": { "id": "PIANIFICAZIONE.SIT.PGRA_ITC_FLUVIAL.6853", "decreto": "DCIP_026_2021", "name": "Regionale Liguria", "euuomcode": "ITR071", "data": "2021-12-20T00:00:00", "ambito": "10k", "pericolo": 2, "st_area_sh": 1316.50515, "st_length_": 339.11557769500001 }, "geometry": { "type": "Polygon", "coordinates": [ [ [ 9.205939, 44.42144 ], [ 9.205916, 44.421073 ], [ 9.205953, 44.420816 ], [ 9.205947, 44.420628 ], [ 9.205972, 44.420323 ], [ 9.206097, 44.419926 ], [ 9.206108, 44.420337 ], [ 9.20609, 44.420867 ], [ 9.206029, 44.421019 ], [ 9.205939, 44.42144 ] ] ] } },
{ "type": "Feature", "properties": { "id": "PIANIFICAZIONE.SIT.PGRA_ITC_FLUVIAL.6877", "decreto": "DCIP_026_2021", "name": "Regionale Liguria", "euuomcode": "ITR071", "data": "2021-12-20T00:00:00", "ambito": "10k", "pericolo": 1, "st_area_sh": 6225.69525, "st_length_": 611.92767422600002 }, "geometry": { "type": "Polygon", "coordinates": [ [ [ 9.210031, 44.417192 ], [ 9.21019, 44.417398 ], [ 9.210318, 44.417449 ], [ 9.210449, 44.417467 ], [ 9.210974, 44.417476 ], [ 9.211561, 44.417368 ], [ 9.211908, 44.417243 ], [ 9.212289, 44.417168 ], [ 9.212721, 44.417172 ], [ 9.213246, 44.417132 ], [ 9.213108, 44.417189 ], [ 9.212405, 44.417334 ], [ 9.212012, 44.417377 ], [ 9.211606, 44.417544 ], [ 9.211078, 44.41779 ], [ 9.210995, 44.417924 ], [ 9.210884, 44.417986 ], [ 9.210672, 44.417913 ], [ 9.210551, 44.417848 ], [ 9.210465, 44.417787 ], [ 9.210358, 44.417729 ], [ 9.210276, 44.417661 ], [ 9.210128, 44.417466 ], [ 9.210078, 44.417381 ], [ 9.210031, 44.417192 ] ] ] } },
{ "type": "Feature", "properties": { "id": "PIANIFICAZIONE.SIT.PGRA_ITC_FLUVIAL.6931", "decreto": "DCIP_026_2021", "name": "Regionale Liguria", "euuomcode": "ITR071", "data": "2021-12-20T00:00:00", "ambito": "10k", "pericolo": 3, "st_area_sh": 10706.5327, "st_length_": 856.43877613799998 }, "geometry": { "type": "Polygon", "coordinates": [ [ [ 9.179553, 44.430429 ], [ 9.179744, 44.430157 ], [ 9.179885, 44.430001 ], [ 9.18006, 44.429923 ], [ 9.180422, 44.429782 ], [ 9.180535, 44.429719 ], [ 9.180709, 44.429594 ], [ 9.180846, 44.429477 ], [ 9.180954, 44.429349 ], [ 9.181297, 44.429607 ], [ 9.181163, 44.429746 ], [ 9.181113, 44.429839 ], [ 9.181141, 44.429899 ], [ 9.181194, 44.429927 ], [ 9.181326, 44.429951 ], [ 9.181977, 44.429928 ], [ 9.182111, 44.429938 ], [ 9.182349, 44.429992 ], [ 9.182225, 44.430213 ], [ 9.182141, 44.430183 ], [ 9.181912, 44.430154 ], [ 9.181695, 44.430154 ], [ 9.181282, 44.430137 ], [ 9.180974, 44.430146 ], [ 9.180798, 44.430084 ], [ 9.18069, 44.430015 ], [ 9.180481, 44.429994 ], [ 9.180214, 44.430049 ], [ 9.180028, 44.430261 ], [ 9.180003, 44.430411 ], [ 9.179816, 44.430596 ], [ 9.179575, 44.430907 ], [ 9.179201, 44.431455 ], [ 9.178905, 44.431378 ], [ 9.178997, 44.4313 ], [ 9.179553, 44.430429 ] ] ] } },
{ "type": "Feature", "properties": { "id": "PIANIFICAZIONE.SIT.PGRA_ITC_FLUVIAL.20172", "decreto": "DCIP_026_2021", "name": "Regionale Liguria", "euuomcode": "ITR071", "data": "2021-12-20T00:00:00", "ambito": "10k", "pericolo": 3, "st_area_sh": 127.95525, "st_length_": 184.973118648 }, "geometry": { "type": "Polygon", "coordinates": [ [ [ 9.176769, 44.432712 ], [ 9.177083, 44.43285 ], [ 9.17722, 44.432893 ], [ 9.177585, 44.432996 ], [ 9.17783, 44.433021 ], [ 9.177564, 44.432999 ], [ 9.177265, 44.432926 ], [ 9.17703, 44.432852 ], [ 9.176769, 44.432712 ] ] ] } },
{ "type": "Feature", "properties": { "id": "PIANIFICAZIONE.SIT.PGRA_ITC_FLUVIAL.8570", "decreto": "DCIP_026_2021", "name": "Regionale Liguria", "euuomcode": "ITR071", "data": "2021-12-20T00:00:00", "ambito": "10k", "pericolo": 2, "st_area_sh": 266.9138, "st_length_": 143.64773078299999 }, "geometry": { "type": "Polygon", "coordinates": [ [ [ 9.218712, 44.415682 ], [ 9.218818, 44.41568 ], [ 9.218961, 44.415701 ], [ 9.219038, 44.415743 ], [ 9.219126, 44.4158 ], [ 9.2192, 44.415866 ], [ 9.219312, 44.415993 ], [ 9.219351, 44.416085 ], [ 9.219234, 44.415958 ], [ 9.219081, 44.415831 ], [ 9.218912, 44.415738 ], [ 9.218712, 44.415682 ] ] ] } },
{ "type": "Feature", "properties": { "id": "PIANIFICAZIONE.SIT.PGRA_ITC_FLUVIAL.8968", "decreto": "DCIP_026_2021", "name": "Regionale Liguria", "euuomcode": "ITR071", "data": "2021-12-20T00:00:00", "ambito": "10k", "pericolo": 2, "st_area_sh": 377.186, "st_length_": 206.748910056 }, "geometry": { "type": "Polygon", "coordinates": [ [ [ 9.176661, 44.432682 ], [ 9.176769, 44.432712 ], [ 9.17703, 44.432852 ], [ 9.177265, 44.432926 ], [ 9.177564, 44.432999 ], [ 9.17783, 44.433021 ], [ 9.17743, 44.433 ], [ 9.177286, 44.432975 ], [ 9.176977, 44.432894 ], [ 9.176807, 44.432802 ], [ 9.176661, 44.432682 ] ] ] } },
{ "type": "Feature", "properties": { "id": "PIANIFICAZIONE.SIT.PGRA_ITC_FLUVIAL.10710", "decreto": "DCIP_026_2021", "name": "Regionale Liguria", "euuomcode": "ITR071", "data": "2021-12-20T00:00:00", "ambito": "10k", "pericolo": 2, "st_area_sh": 2713.096, "st_length_": 326.40867851199999 }, "geometry": { "type": "Polygon", "coordinates": [ [ [ 9.181681, 44.429278 ], [ 9.181741, 44.429227 ], [ 9.181863, 44.42908 ], [ 9.182031, 44.428963 ], [ 9.18204, 44.428927 ], [ 9.182117, 44.428875 ], [ 9.182185, 44.428801 ], [ 9.182161, 44.428933 ], [ 9.182103, 44.42903 ], [ 9.182052, 44.429252 ], [ 9.182001, 44.429386 ], [ 9.181918, 44.429488 ], [ 9.181909, 44.429646 ], [ 9.182101, 44.429673 ], [ 9.182234, 44.429807 ], [ 9.182302, 44.429849 ], [ 9.182278, 44.429901 ], [ 9.18207, 44.429845 ], [ 9.18192, 44.429815 ], [ 9.181843, 44.429812 ], [ 9.181719, 44.429796 ], [ 9.181736, 44.429717 ], [ 9.181637, 44.429717 ], [ 9.181594, 44.429684 ], [ 9.181588, 44.429481 ], [ 9.181681, 44.429278 ] ] ] } },
{ "type": "Feature", "properties": { "id": "PIANIFICAZIONE.SIT.PGRA_ITC_FLUVIAL.11099", "decreto": "DCIP_026_2021", "name": "Regionale Liguria", "euuomcode": "ITR071", "data": "2021-12-20T00:00:00", "ambito": "10k", "pericolo": 3, "st_area_sh": 15152.3232, "st_length_": 1223.9372240499999 }, "geometry": { "type": "Polygon", "coordinates": [ [ [ 9.186023, 44.428246 ], [ 9.186578, 44.428399 ], [ 9.187735, 44.428824 ], [ 9.188092, 44.428942 ], [ 9.188304, 44.429025 ], [ 9.18865, 44.429049 ], [ 9.188952, 44.429052 ], [ 9.189078, 44.429041 ], [ 9.189509, 44.428951 ], [ 9.18972, 44.428871 ], [ 9.190102, 44.42869 ], [ 9.190249, 44.428538 ], [ 9.190477, 44.428203 ], [ 9.190521, 44.427872 ], [ 9.190551, 44.427782 ], [ 9.190531, 44.427695 ], [ 9.19046, 44.427479 ], [ 9.190359, 44.42735 ], [ 9.190258, 44.427195 ], [ 9.190182, 44.427037 ], [ 9.190202, 44.427016 ], [ 9.190518, 44.426954 ], [ 9.190635, 44.427283 ], [ 9.19087, 44.427634 ], [ 9.190913, 44.42776 ], [ 9.190949, 44.427963 ], [ 9.190879, 44.428128 ], [ 9.190849, 44.428298 ], [ 9.190802, 44.428374 ], [ 9.190721, 44.428471 ], [ 9.190609, 44.428569 ], [ 9.190418, 44.428706 ], [ 9.190267, 44.428846 ], [ 9.190131, 44.428924 ], [ 9.189851, 44.429064 ], [ 9.189521, 44.429207 ], [ 9.189019, 44.429255 ], [ 9.188767, 44.429258 ], [ 9.18858, 44.429228 ], [ 9.188389, 44.429209 ], [ 9.18805, 44.429193 ], [ 9.187778, 44.429093 ], [ 9.18749, 44.429004 ], [ 9.187361, 44.42894 ], [ 9.186894, 44.428793 ], [ 9.18675, 44.428723 ], [ 9.186368, 44.42864 ], [ 9.186158, 44.428577 ], [ 9.186041, 44.428549 ], [ 9.186041, 44.428529 ], [ 9.185909, 44.428516 ], [ 9.186023, 44.428246 ] ] ] } },
{ "type": "Feature", "properties": { "id": "PIANIFICAZIONE.SIT.PGRA_ITC_FLUVIAL.12516", "decreto": "DCIP_026_2021", "name": "Regionale Liguria", "euuomcode": "ITR071", "data": "2021-12-20T00:00:00", "ambito": "10k", "pericolo": 1, "st_area_sh": 203427.55245, "st_length_": 9909.9411334600009 }, "geometry": { "type": "Polygon", "coordinates": [ [ [ 9.166312, 44.434132 ], [ 9.16665, 44.434031 ], [ 9.167577, 44.433808 ], [ 9.168252, 44.433625 ], [ 9.168589, 44.433564 ], [ 9.16918, 44.433644 ], [ 9.169687, 44.433744 ], [ 9.17025, 44.433824 ], [ 9.171572, 44.433983 ], [ 9.171881, 44.433963 ], [ 9.172332, 44.433962 ], [ 9.172922, 44.434002 ], [ 9.173232, 44.433941 ], [ 9.173175, 44.43384 ], [ 9.173428, 44.433759 ], [ 9.173484, 44.433537 ], [ 9.173566, 44.432992 ], [ 9.173734, 44.432628 ], [ 9.173958, 44.432365 ], [ 9.174464, 44.432042 ], [ 9.17511, 44.431899 ], [ 9.175673, 44.431919 ], [ 9.176039, 44.431999 ], [ 9.176461, 44.43214 ], [ 9.177024, 44.43228 ], [ 9.177418, 44.432219 ], [ 9.177811, 44.432137 ], [ 9.178063, 44.431572 ], [ 9.178455, 44.431006 ], [ 9.179099, 44.430259 ], [ 9.179296, 44.430117 ], [ 9.17952, 44.429794 ], [ 9.180559, 44.429167 ], [ 9.181485, 44.428641 ], [ 9.181906, 44.428196 ], [ 9.182158, 44.428054 ], [ 9.182551, 44.427771 ], [ 9.183282, 44.427629 ], [ 9.184379, 44.427627 ], [ 9.185364, 44.427686 ], [ 9.185983, 44.427806 ], [ 9.186348, 44.427805 ], [ 9.186743, 44.427986 ], [ 9.187165, 44.428107 ], [ 9.187595, 44.428168 ], [ 9.187459, 44.428169 ], [ 9.187226, 44.428212 ], [ 9.186795, 44.428167 ], [ 9.186457, 44.428115 ], [ 9.186056, 44.428129 ], [ 9.186023, 44.428246 ], [ 9.185909, 44.428516 ], [ 9.186041, 44.428529 ], [ 9.186041, 44.428549 ], [ 9.186158, 44.428577 ], [ 9.186368, 44.42864 ], [ 9.18675, 44.428723 ], [ 9.186894, 44.428793 ], [ 9.187361, 44.42894 ], [ 9.18749, 44.429004 ], [ 9.187778, 44.429093 ], [ 9.18805, 44.429193 ], [ 9.188389, 44.429209 ], [ 9.18858, 44.429228 ], [ 9.188767, 44.429258 ], [ 9.189019, 44.429255 ], [ 9.189521, 44.429207 ], [ 9.18963, 44.429165 ], [ 9.189851, 44.429064 ], [ 9.190131, 44.428924 ], [ 9.190267, 44.428846 ], [ 9.190418, 44.428706 ], [ 9.190609, 44.428569 ], [ 9.190721, 44.428471 ], [ 9.190802, 44.428374 ], [ 9.190849, 44.428298 ], [ 9.190879, 44.428128 ], [ 9.190949, 44.427963 ], [ 9.190913, 44.42776 ], [ 9.19087, 44.427634 ], [ 9.190635, 44.427283 ], [ 9.190593, 44.427055 ], [ 9.190933, 44.427596 ], [ 9.191327, 44.427979 ], [ 9.191413, 44.4282 ], [ 9.191414, 44.428483 ], [ 9.191274, 44.428887 ], [ 9.190769, 44.429291 ], [ 9.190601, 44.429514 ], [ 9.190292, 44.429676 ], [ 9.18999, 44.429791 ], [ 9.189589, 44.429778 ], [ 9.18928, 44.429879 ], [ 9.189027, 44.42994 ], [ 9.187846, 44.429881 ], [ 9.18762, 44.429741 ], [ 9.187535, 44.429579 ], [ 9.187113, 44.429519 ], [ 9.186494, 44.42946 ], [ 9.185819, 44.42936 ], [ 9.185003, 44.429281 ], [ 9.1843, 44.429262 ], [ 9.183709, 44.429283 ], [ 9.183316, 44.429404 ], [ 9.183007, 44.429566 ], [ 9.182506, 44.429998 ], [ 9.182479, 44.429993 ], [ 9.182526, 44.429895 ], [ 9.182557, 44.429805 ], [ 9.182536, 44.429645 ], [ 9.182509, 44.429605 ], [ 9.182505, 44.429578 ], [ 9.182527, 44.429413 ], [ 9.18255, 44.429332 ], [ 9.18263, 44.42921 ], [ 9.182766, 44.429114 ], [ 9.182946, 44.429028 ], [ 9.18305, 44.428952 ], [ 9.183102, 44.428839 ], [ 9.183264, 44.428281 ], [ 9.183268, 44.428232 ], [ 9.183338, 44.428221 ], [ 9.183793, 44.428194 ], [ 9.184397, 44.428193 ], [ 9.184761, 44.428215 ], [ 9.185066, 44.428273 ], [ 9.185766, 44.428514 ], [ 9.18587, 44.428247 ], [ 9.18506, 44.428052 ], [ 9.184342, 44.427891 ], [ 9.184042, 44.427849 ], [ 9.183796, 44.427849 ], [ 9.183492, 44.427866 ], [ 9.183137, 44.427925 ], [ 9.182819, 44.427997 ], [ 9.182756, 44.42803 ], [ 9.182438, 44.428145 ], [ 9.182193, 44.428256 ], [ 9.182024, 44.42825 ], [ 9.181961, 44.428341 ], [ 9.181512, 44.428778 ], [ 9.181354, 44.428951 ], [ 9.181093, 44.429108 ], [ 9.180977, 44.429205 ], [ 9.180734, 44.429448 ], [ 9.180475, 44.429753 ], [ 9.180446, 44.429729 ], [ 9.180242, 44.429795 ], [ 9.179926, 44.429933 ], [ 9.179353, 44.43032 ], [ 9.179175, 44.430518 ], [ 9.179068, 44.430674 ], [ 9.179006, 44.430812 ], [ 9.178752, 44.431274 ], [ 9.178667, 44.431366 ], [ 9.178615, 44.431398 ], [ 9.178539, 44.431439 ], [ 9.178394, 44.43146 ], [ 9.178347, 44.431506 ], [ 9.178487, 44.43166 ], [ 9.178558, 44.431752 ], [ 9.178477, 44.431889 ], [ 9.17839, 44.43201 ], [ 9.178343, 44.432161 ], [ 9.178286, 44.432274 ], [ 9.17803, 44.432537 ], [ 9.177855, 44.432621 ], [ 9.177722, 44.432634 ], [ 9.177529, 44.432601 ], [ 9.177214, 44.432513 ], [ 9.176894, 44.432443 ], [ 9.176732, 44.432433 ], [ 9.176106, 44.432238 ], [ 9.175816, 44.432175 ], [ 9.175603, 44.432138 ], [ 9.17529, 44.432118 ], [ 9.174789, 44.432162 ], [ 9.17458, 44.432255 ], [ 9.17442, 44.432362 ], [ 9.17436, 44.432434 ], [ 9.174292, 44.432546 ], [ 9.174272, 44.432693 ], [ 9.174289, 44.432998 ], [ 9.174634, 44.432954 ], [ 9.174617, 44.432829 ], [ 9.174625, 44.432712 ], [ 9.174706, 44.432588 ], [ 9.17495, 44.432464 ], [ 9.175131, 44.432404 ], [ 9.175464, 44.432415 ], [ 9.17597, 44.432448 ], [ 9.176307, 44.432566 ], [ 9.176432, 44.432617 ], [ 9.176552, 44.432651 ], [ 9.17675, 44.432795 ], [ 9.176898, 44.432881 ], [ 9.17707, 44.432956 ], [ 9.177262, 44.433 ], [ 9.177527, 44.433034 ], [ 9.17783, 44.433021 ], [ 9.177919, 44.433001 ], [ 9.178067, 44.43292 ], [ 9.178319, 44.432753 ], [ 9.178451, 44.432614 ], [ 9.178607, 44.432518 ], [ 9.178705, 44.43241 ], [ 9.178781, 44.432241 ], [ 9.17913, 44.431673 ], [ 9.179542, 44.431312 ], [ 9.180067, 44.430917 ], [ 9.180064, 44.43088 ], [ 9.180299, 44.430733 ], [ 9.180407, 44.430686 ], [ 9.180486, 44.430778 ], [ 9.180819, 44.430598 ], [ 9.181, 44.430513 ], [ 9.180966, 44.430483 ], [ 9.181042, 44.430451 ], [ 9.181072, 44.430511 ], [ 9.181193, 44.430494 ], [ 9.18117, 44.430402 ], [ 9.181369, 44.430406 ], [ 9.181374, 44.430444 ], [ 9.181653, 44.430461 ], [ 9.181857, 44.430466 ], [ 9.181982, 44.43045 ], [ 9.181798, 44.430609 ], [ 9.181239, 44.430982 ], [ 9.180847, 44.431305 ], [ 9.180032, 44.431791 ], [ 9.180005, 44.431892 ], [ 9.17978, 44.431973 ], [ 9.179696, 44.432074 ], [ 9.179471, 44.432256 ], [ 9.179247, 44.432398 ], [ 9.179078, 44.432539 ], [ 9.178798, 44.432943 ], [ 9.178461, 44.433085 ], [ 9.178208, 44.433247 ], [ 9.177759, 44.433328 ], [ 9.176605, 44.433148 ], [ 9.176239, 44.433068 ], [ 9.175339, 44.433049 ], [ 9.174804, 44.433111 ], [ 9.174861, 44.433232 ], [ 9.175115, 44.433635 ], [ 9.175032, 44.433998 ], [ 9.175061, 44.434119 ], [ 9.175005, 44.434463 ], [ 9.174556, 44.434847 ], [ 9.17391, 44.435009 ], [ 9.173348, 44.43507 ], [ 9.172334, 44.434951 ], [ 9.171153, 44.434852 ], [ 9.169605, 44.434794 ], [ 9.169071, 44.434794 ], [ 9.168705, 44.434775 ], [ 9.168255, 44.434876 ], [ 9.167524, 44.434958 ], [ 9.166765, 44.435181 ], [ 9.166625, 44.435141 ], [ 9.166512, 44.43506 ], [ 9.166511, 44.434841 ], [ 9.16775, 44.434423 ], [ 9.168009, 44.434364 ], [ 9.168323, 44.434271 ], [ 9.168432, 44.434315 ], [ 9.168595, 44.434367 ], [ 9.168809, 44.434423 ], [ 9.168944, 44.434427 ], [ 9.169651, 44.43432 ], [ 9.169895, 44.434399 ], [ 9.170037, 44.434437 ], [ 9.170502, 44.434436 ], [ 9.170665, 44.434462 ], [ 9.172082, 44.434811 ], [ 9.172337, 44.434831 ], [ 9.17294, 44.434862 ], [ 9.173656, 44.434797 ], [ 9.174437, 44.434561 ], [ 9.174768, 44.434366 ], [ 9.174829, 44.434241 ], [ 9.174856, 44.434081 ], [ 9.174844, 44.433835 ], [ 9.174782, 44.433486 ], [ 9.174644, 44.433006 ], [ 9.17432, 44.433053 ], [ 9.174243, 44.433085 ], [ 9.174234, 44.43313 ], [ 9.17429, 44.433509 ], [ 9.174189, 44.433527 ], [ 9.174313, 44.433985 ], [ 9.174459, 44.434171 ], [ 9.174471, 44.434238 ], [ 9.174466, 44.434297 ], [ 9.174287, 44.434386 ], [ 9.173942, 44.434456 ], [ 9.17342, 44.434481 ], [ 9.173051, 44.434475 ], [ 9.171749, 44.434336 ], [ 9.171008, 44.434238 ], [ 9.170872, 44.43417 ], [ 9.170687, 44.434134 ], [ 9.170445, 44.434099 ], [ 9.170186, 44.434018 ], [ 9.169989, 44.433986 ], [ 9.169477, 44.433854 ], [ 9.169268, 44.433834 ], [ 9.16897, 44.433894 ], [ 9.168649, 44.433875 ], [ 9.168505, 44.433879 ], [ 9.167955, 44.434008 ], [ 9.167357, 44.434218 ], [ 9.166444, 44.434551 ], [ 9.166369, 44.434274 ], [ 9.166312, 44.434132 ] ] ] } },
{ "type": "Feature", "properties": { "id": "PIANIFICAZIONE.SIT.PGRA_ITC_FLUVIAL.13126", "decreto": "DCIP_026_2021", "name": "Regionale Liguria", "euuomcode": "ITR071", "data": "2021-12-20T00:00:00", "ambito": "10k", "pericolo": 1, "st_area_sh": 8982.4766, "st_length_": 376.61371783800001 }, "geometry": { "type": "Polygon", "coordinates": [ [ [ 9.215733, 44.417689 ], [ 9.215925, 44.418032 ], [ 9.216064, 44.418225 ], [ 9.215999, 44.418286 ], [ 9.215851, 44.418298 ], [ 9.215709, 44.418336 ], [ 9.215584, 44.418381 ], [ 9.215447, 44.418458 ], [ 9.215279, 44.418518 ], [ 9.214851, 44.418563 ], [ 9.214515, 44.418487 ], [ 9.214377, 44.418421 ], [ 9.214246, 44.418296 ], [ 9.214223, 44.418252 ], [ 9.214467, 44.418032 ], [ 9.214681, 44.4179 ], [ 9.214894, 44.417845 ], [ 9.215733, 44.417689 ] ] ] } },
{ "type": "Feature", "properties": { "id": "PIANIFICAZIONE.SIT.PGRA_ITC_FLUVIAL.13350", "decreto": "DCIP_026_2021", "name": "Regionale Liguria", "euuomcode": "ITR071", "data": "2021-12-20T00:00:00", "ambito": "10k", "pericolo": 3, "st_area_sh": 728.73555, "st_length_": 203.856742389 }, "geometry": { "type": "Polygon", "coordinates": [ [ [ 9.187185, 44.428622 ], [ 9.187309, 44.428618 ], [ 9.18758, 44.428682 ], [ 9.187787, 44.428701 ], [ 9.187914, 44.428759 ], [ 9.18805, 44.428862 ], [ 9.188304, 44.429025 ], [ 9.188092, 44.428942 ], [ 9.187735, 44.428824 ], [ 9.187185, 44.428622 ] ] ] } },
{ "type": "Feature", "properties": { "id": "PIANIFICAZIONE.SIT.PGRA_ITC_FLUVIAL.13563", "decreto": "DCIP_026_2021", "name": "Regionale Liguria", "euuomcode": "ITR071", "data": "2021-12-20T00:00:00", "ambito": "10k", "pericolo": 2, "st_area_sh": 2282.7336, "st_length_": 416.87156675099999 }, "geometry": { "type": "Polygon", "coordinates": [ [ [ 9.182216, 44.43214 ], [ 9.182231, 44.431966 ], [ 9.182258, 44.43189 ], [ 9.182471, 44.431616 ], [ 9.182577, 44.431565 ], [ 9.182604, 44.431534 ], [ 9.182719, 44.43147 ], [ 9.182789, 44.431387 ], [ 9.182825, 44.431324 ], [ 9.182836, 44.431253 ], [ 9.182978, 44.431133 ], [ 9.183111, 44.430881 ], [ 9.183156, 44.430723 ], [ 9.183213, 44.430828 ], [ 9.18325, 44.431021 ], [ 9.183216, 44.431168 ], [ 9.18316, 44.431337 ], [ 9.183031, 44.431479 ], [ 9.182861, 44.431552 ], [ 9.182471, 44.431642 ], [ 9.182357, 44.431877 ], [ 9.182322, 44.432061 ], [ 9.182322, 44.432182 ], [ 9.182351, 44.432311 ], [ 9.182259, 44.432259 ], [ 9.182216, 44.43214 ] ] ] } },
{ "type": "Feature", "properties": { "id": "PIANIFICAZIONE.SIT.PGRA_ITC_FLUVIAL.14201", "decreto": "DCIP_026_2021", "name": "Regionale Liguria", "euuomcode": "ITR071", "data": "2021-12-20T00:00:00", "ambito": "10k", "pericolo": 2, "st_area_sh": 8046.4343, "st_length_": 640.04625092499998 }, "geometry": { "type": "Polygon", "coordinates": [ [ [ 9.182351, 44.432311 ], [ 9.182322, 44.432182 ], [ 9.182322, 44.432061 ], [ 9.182357, 44.431877 ], [ 9.182471, 44.431642 ], [ 9.182861, 44.431552 ], [ 9.183031, 44.431479 ], [ 9.18316, 44.431337 ], [ 9.183216, 44.431168 ], [ 9.18325, 44.431021 ], [ 9.183213, 44.430828 ], [ 9.183395, 44.431201 ], [ 9.183358, 44.431321 ], [ 9.183267, 44.431413 ], [ 9.183161, 44.431495 ], [ 9.183123, 44.431577 ], [ 9.183108, 44.431637 ], [ 9.183143, 44.431771 ], [ 9.183251, 44.431774 ], [ 9.183269, 44.431882 ], [ 9.183411, 44.431958 ], [ 9.18396, 44.431931 ], [ 9.18435, 44.431988 ], [ 9.184464, 44.432041 ], [ 9.184344, 44.432031 ], [ 9.184071, 44.432043 ], [ 9.183496, 44.432153 ], [ 9.183548, 44.432276 ], [ 9.183516, 44.432284 ], [ 9.183465, 44.432164 ], [ 9.183028, 44.43231 ], [ 9.182797, 44.432366 ], [ 9.182524, 44.432358 ], [ 9.182351, 44.432311 ] ] ] } },
{ "type": "Feature", "properties": { "id": "PIANIFICAZIONE.SIT.PGRA_ITC_FLUVIAL.14608", "decreto": "DCIP_026_2021", "name": "Regionale Liguria", "euuomcode": "ITR071", "data": "2021-12-20T00:00:00", "ambito": "10k", "pericolo": 2, "st_area_sh": 1747.15295, "st_length_": 556.05485004000002 }, "geometry": { "type": "Polygon", "coordinates": [ [ [ 9.216889, 44.413618 ], [ 9.217073, 44.41399 ], [ 9.217223, 44.414241 ], [ 9.21744, 44.414551 ], [ 9.217481, 44.414725 ], [ 9.217671, 44.414977 ], [ 9.217929, 44.415247 ], [ 9.218173, 44.41548 ], [ 9.218622, 44.415662 ], [ 9.218206, 44.415582 ], [ 9.218041, 44.415501 ], [ 9.217846, 44.415298 ], [ 9.217766, 44.415179 ], [ 9.217619, 44.415051 ], [ 9.217391, 44.41472 ], [ 9.217315, 44.414571 ], [ 9.217281, 44.414395 ], [ 9.21703, 44.414098 ], [ 9.216973, 44.413949 ], [ 9.216889, 44.413618 ] ] ] } },
{ "type": "Feature", "properties": { "id": "PIANIFICAZIONE.SIT.PGRA_ITC_FLUVIAL.15392", "decreto": "DCIP_026_2021", "name": "Regionale Liguria", "euuomcode": "ITR071", "data": "2021-12-20T00:00:00", "ambito": "10k", "pericolo": 2, "st_area_sh": 565.3952, "st_length_": 324.70661305700003 }, "geometry": { "type": "Polygon", "coordinates": [ [ [ 9.176792, 44.432452 ], [ 9.176976, 44.43248 ], [ 9.17729, 44.432559 ], [ 9.177489, 44.432617 ], [ 9.177681, 44.432692 ], [ 9.177838, 44.432709 ], [ 9.177966, 44.432709 ], [ 9.17806, 44.432675 ], [ 9.178123, 44.432608 ], [ 9.178193, 44.43252 ], [ 9.178257, 44.432399 ], [ 9.178372, 44.432262 ], [ 9.17833, 44.432364 ], [ 9.178292, 44.432416 ], [ 9.178228, 44.432537 ], [ 9.178118, 44.432675 ], [ 9.178066, 44.432713 ], [ 9.177996, 44.432738 ], [ 9.177932, 44.43275 ], [ 9.177809, 44.432751 ], [ 9.177687, 44.432726 ], [ 9.177355, 44.432613 ], [ 9.177062, 44.432545 ], [ 9.176792, 44.432452 ] ] ] } },
{ "type": "Feature", "properties": { "id": "PIANIFICAZIONE.SIT.PGRA_ITC_FLUVIAL.17177", "decreto": "DCIP_026_2021", "name": "Regionale Liguria", "euuomcode": "ITR071", "data": "2021-12-20T00:00:00", "ambito": "10k", "pericolo": 3, "st_area_sh": 16171.1978, "st_length_": 966.98083706099999 }, "geometry": { "type": "Polygon", "coordinates": [ [ [ 9.181306, 44.429586 ], [ 9.180978, 44.429333 ], [ 9.181064, 44.429258 ], [ 9.181512, 44.428778 ], [ 9.181961, 44.428341 ], [ 9.182024, 44.42825 ], [ 9.182193, 44.428256 ], [ 9.182438, 44.428145 ], [ 9.182756, 44.42803 ], [ 9.182819, 44.427997 ], [ 9.183137, 44.427925 ], [ 9.183492, 44.427866 ], [ 9.183796, 44.427849 ], [ 9.184042, 44.427849 ], [ 9.184342, 44.427891 ], [ 9.18506, 44.428052 ], [ 9.18587, 44.428247 ], [ 9.185766, 44.428514 ], [ 9.185066, 44.428273 ], [ 9.184761, 44.428215 ], [ 9.184397, 44.428193 ], [ 9.183793, 44.428194 ], [ 9.183338, 44.428221 ], [ 9.183002, 44.428274 ], [ 9.182675, 44.42844 ], [ 9.182317, 44.428718 ], [ 9.182185, 44.428801 ], [ 9.182117, 44.428875 ], [ 9.18204, 44.428927 ], [ 9.182031, 44.428963 ], [ 9.181863, 44.42908 ], [ 9.181741, 44.429227 ], [ 9.181306, 44.429586 ] ] ] } },
{ "type": "Feature", "properties": { "id": "PIANIFICAZIONE.SIT.PGRA_ITC_FLUVIAL.17699", "decreto": "DCIP_026_2021", "name": "Regionale Liguria", "euuomcode": "ITR071", "data": "2021-12-20T00:00:00", "ambito": "10k", "pericolo": 2, "st_area_sh": 1224.65445, "st_length_": 579.39185790099998 }, "geometry": { "type": "Polygon", "coordinates": [ [ [ 9.216657, 44.414053 ], [ 9.216914, 44.414454 ], [ 9.216919, 44.414522 ], [ 9.216942, 44.4146 ], [ 9.217099, 44.41483 ], [ 9.217118, 44.41488 ], [ 9.217204, 44.415026 ], [ 9.217256, 44.415168 ], [ 9.217299, 44.415337 ], [ 9.217347, 44.415425 ], [ 9.217456, 44.41557 ], [ 9.21765, 44.415749 ], [ 9.217924, 44.415904 ], [ 9.21816, 44.416008 ], [ 9.21834, 44.416103 ], [ 9.218456, 44.416128 ], [ 9.218431, 44.416191 ], [ 9.218212, 44.416122 ], [ 9.218057, 44.416053 ], [ 9.217903, 44.415922 ], [ 9.217551, 44.415716 ], [ 9.217402, 44.415559 ], [ 9.217297, 44.415428 ], [ 9.21725, 44.415328 ], [ 9.217216, 44.415157 ], [ 9.217155, 44.41503 ], [ 9.216847, 44.414537 ], [ 9.216742, 44.414291 ], [ 9.216718, 44.414199 ], [ 9.216657, 44.414053 ] ] ] } },
{ "type": "Feature", "properties": { "id": "PIANIFICAZIONE.SIT.PGRA_ITC_FLUVIAL.18263", "decreto": "DCIP_026_2021", "name": "Regionale Liguria", "euuomcode": "ITR071", "data": "2021-12-20T00:00:00", "ambito": "10k", "pericolo": 1, "st_area_sh": 116.4274, "st_length_": 57.694160555300002 }, "geometry": { "type": "Polygon", "coordinates": [ [ [ 9.153587, 44.439403 ], [ 9.153646, 44.439346 ], [ 9.153669, 44.439399 ], [ 9.153783, 44.439513 ], [ 9.153737, 44.439562 ], [ 9.153622, 44.439425 ], [ 9.153587, 44.439403 ] ] ] } },
{ "type": "Feature", "properties": { "id": "PIANIFICAZIONE.SIT.PGRA_ITC_FLUVIAL.20686", "decreto": "DCIP_026_2021", "name": "Regionale Liguria", "euuomcode": "ITR071", "data": "2021-12-20T00:00:00", "ambito": "10k", "pericolo": 3, "st_area_sh": 4357.70635, "st_length_": 467.681983683 }, "geometry": { "type": "Polygon", "coordinates": [ [ [ 9.181962, 44.431764 ], [ 9.182192, 44.431578 ], [ 9.182318, 44.431451 ], [ 9.182501, 44.431552 ], [ 9.182457, 44.431591 ], [ 9.182327, 44.431768 ], [ 9.182258, 44.43189 ], [ 9.182231, 44.431966 ], [ 9.182216, 44.43214 ], [ 9.182259, 44.432259 ], [ 9.182351, 44.432311 ], [ 9.182524, 44.432358 ], [ 9.182797, 44.432366 ], [ 9.183028, 44.43231 ], [ 9.183465, 44.432164 ], [ 9.183516, 44.432284 ], [ 9.183247, 44.432354 ], [ 9.182828, 44.432495 ], [ 9.182599, 44.432543 ], [ 9.18237, 44.432553 ], [ 9.182214, 44.432514 ], [ 9.182071, 44.432433 ], [ 9.181948, 44.432254 ], [ 9.181901, 44.432148 ], [ 9.181893, 44.431916 ], [ 9.181962, 44.431764 ] ] ] } },
{ "type": "Feature", "properties": { "id": "PIANIFICAZIONE.SIT.PGRA_ITC_FLUVIAL.19524", "decreto": "DCIP_026_2021", "name": "Regionale Liguria", "euuomcode": "ITR071", "data": "2021-12-20T00:00:00", "ambito": "10k", "pericolo": 2, "st_area_sh": 3933.0731, "st_length_": 455.35257100699999 }, "geometry": { "type": "Polygon", "coordinates": [ [ [ 9.152314, 44.439428 ], [ 9.15233, 44.439397 ], [ 9.152304, 44.439312 ], [ 9.15225, 44.439216 ], [ 9.152257, 44.439108 ], [ 9.152282, 44.439001 ], [ 9.152334, 44.438918 ], [ 9.152497, 44.438841 ], [ 9.15261, 44.438801 ], [ 9.15278, 44.438752 ], [ 9.152939, 44.438752 ], [ 9.153079, 44.438781 ], [ 9.153249, 44.438866 ], [ 9.15343, 44.439147 ], [ 9.15359, 44.439246 ], [ 9.153691, 44.439331 ], [ 9.153764, 44.439418 ], [ 9.153897, 44.43949 ], [ 9.153862, 44.439509 ], [ 9.153783, 44.439476 ], [ 9.153783, 44.439513 ], [ 9.153669, 44.439399 ], [ 9.153646, 44.439346 ], [ 9.153527, 44.43946 ], [ 9.153367, 44.439367 ], [ 9.152878, 44.439164 ], [ 9.152912, 44.439078 ], [ 9.152958, 44.439082 ], [ 9.15302, 44.438976 ], [ 9.1529, 44.43896 ], [ 9.152741, 44.438989 ], [ 9.152509, 44.439091 ], [ 9.152356, 44.439279 ], [ 9.152356, 44.439413 ], [ 9.152314, 44.439428 ] ] ] } },
{ "type": "Feature", "properties": { "id": "PIANIFICAZIONE.SIT.PGRA_ITC_FLUVIAL.19520", "decreto": "DCIP_026_2021", "name": "Regionale Liguria", "euuomcode": "ITR071", "data": "2021-12-20T00:00:00", "ambito": "10k", "pericolo": 3, "st_area_sh": 4045.0263, "st_length_": 441.906267259 }, "geometry": { "type": "Polygon", "coordinates": [ [ [ 9.182335, 44.431434 ], [ 9.18277, 44.430986 ], [ 9.18285, 44.430889 ], [ 9.182938, 44.430755 ], [ 9.182985, 44.430573 ], [ 9.182985, 44.430523 ], [ 9.182919, 44.430429 ], [ 9.182863, 44.430392 ], [ 9.182749, 44.43037 ], [ 9.182607, 44.430318 ], [ 9.182541, 44.430271 ], [ 9.182448, 44.430244 ], [ 9.182341, 44.430239 ], [ 9.182479, 44.429993 ], [ 9.182602, 44.430017 ], [ 9.182698, 44.430048 ], [ 9.18299, 44.43024 ], [ 9.183156, 44.430397 ], [ 9.183195, 44.430463 ], [ 9.183191, 44.430606 ], [ 9.183111, 44.430881 ], [ 9.182978, 44.431133 ], [ 9.182521, 44.431533 ], [ 9.182335, 44.431434 ] ] ] } },
{ "type": "Feature", "properties": { "id": "PIANIFICAZIONE.SIT.PGRA_ITC_FLUVIAL.19959", "decreto": "DCIP_026_2021", "name": "Regionale Liguria", "euuomcode": "ITR071", "data": "2021-12-20T00:00:00", "ambito": "10k", "pericolo": 2, "st_area_sh": 537.65955, "st_length_": 166.80993660799999 }, "geometry": { "type": "Polygon", "coordinates": [ [ [ 9.182341, 44.430239 ], [ 9.182448, 44.430244 ], [ 9.182541, 44.430271 ], [ 9.182607, 44.430318 ], [ 9.182749, 44.43037 ], [ 9.182863, 44.430392 ], [ 9.182919, 44.430429 ], [ 9.182985, 44.430523 ], [ 9.182985, 44.430573 ], [ 9.182953, 44.430697 ], [ 9.182873, 44.43066 ], [ 9.182849, 44.430655 ], [ 9.182857, 44.430562 ], [ 9.182835, 44.4305 ], [ 9.182779, 44.430452 ], [ 9.182667, 44.430392 ], [ 9.182448, 44.430333 ], [ 9.182492, 44.430281 ], [ 9.182341, 44.430239 ] ] ] } },
{ "type": "Feature", "properties": { "id": "PIANIFICAZIONE.SIT.PGRA_ITC_FLUVIAL.21377", "decreto": "DCIP_026_2021", "name": "Regionale Liguria", "euuomcode": "ITR071", "data": "2021-12-20T00:00:00", "ambito": "10k", "pericolo": 2, "st_area_sh": 19319.70065, "st_length_": 2308.96585392 }, "geometry": { "type": "Polygon", "coordinates": [ [ [ 9.192419, 44.423285 ], [ 9.192807, 44.423233 ], [ 9.193829, 44.423192 ], [ 9.194164, 44.423276 ], [ 9.194349, 44.423374 ], [ 9.194584, 44.423434 ], [ 9.194883, 44.423536 ], [ 9.195169, 44.423643 ], [ 9.195525, 44.423856 ], [ 9.195824, 44.423999 ], [ 9.196293, 44.424284 ], [ 9.196592, 44.424406 ], [ 9.196741, 44.424436 ], [ 9.196891, 44.424425 ], [ 9.197033, 44.424359 ], [ 9.197033, 44.424308 ], [ 9.197011, 44.424231 ], [ 9.19721, 44.424058 ], [ 9.197358, 44.423894 ], [ 9.197789, 44.423142 ], [ 9.198149, 44.42236 ], [ 9.198477, 44.42204 ], [ 9.198414, 44.422235 ], [ 9.198117, 44.422843 ], [ 9.19853, 44.422956 ], [ 9.198832, 44.422637 ], [ 9.19897, 44.422558 ], [ 9.199236, 44.422457 ], [ 9.199433, 44.422449 ], [ 9.199612, 44.422465 ], [ 9.200477, 44.422727 ], [ 9.199751, 44.4228 ], [ 9.199105, 44.422962 ], [ 9.198701, 44.423238 ], [ 9.198375, 44.423501 ], [ 9.198161, 44.423788 ], [ 9.19832, 44.423374 ], [ 9.198505, 44.423004 ], [ 9.198088, 44.422896 ], [ 9.197895, 44.423276 ], [ 9.197533, 44.423843 ], [ 9.197327, 44.424305 ], [ 9.197265, 44.424476 ], [ 9.197151, 44.424559 ], [ 9.197017, 44.424618 ], [ 9.196767, 44.424604 ], [ 9.196355, 44.424517 ], [ 9.196131, 44.424435 ], [ 9.195925, 44.424315 ], [ 9.195623, 44.424091 ], [ 9.195507, 44.424026 ], [ 9.195245, 44.424215 ], [ 9.195348, 44.424358 ], [ 9.195605, 44.424509 ], [ 9.195779, 44.424637 ], [ 9.196061, 44.424784 ], [ 9.196348, 44.424873 ], [ 9.196048, 44.42483 ], [ 9.195741, 44.424764 ], [ 9.195564, 44.424754 ], [ 9.195542, 44.424739 ], [ 9.195592, 44.424632 ], [ 9.195527, 44.424555 ], [ 9.195313, 44.424398 ], [ 9.195171, 44.424275 ], [ 9.195191, 44.424185 ], [ 9.195474, 44.423992 ], [ 9.19538, 44.423898 ], [ 9.195198, 44.423768 ], [ 9.195011, 44.423689 ], [ 9.194782, 44.423611 ], [ 9.194498, 44.423541 ], [ 9.194215, 44.423511 ], [ 9.193757, 44.423503 ], [ 9.193427, 44.42347 ], [ 9.193241, 44.423437 ], [ 9.19302, 44.423383 ], [ 9.19277, 44.423304 ], [ 9.192419, 44.423285 ] ] ] } },
{ "type": "Feature", "properties": { "id": "PIANIFICAZIONE.SIT.PGRA_ITC_FLUVIAL.21989", "decreto": "DCIP_026_2021", "name": "Regionale Liguria", "euuomcode": "ITR071", "data": "2021-12-20T00:00:00", "ambito": "10k", "pericolo": 2, "st_area_sh": 1038.88545, "st_length_": 303.14025458200001 }, "geometry": { "type": "Polygon", "coordinates": [ [ [ 9.218937, 44.418493 ], [ 9.21941, 44.418413 ], [ 9.219657, 44.418286 ], [ 9.219849, 44.418143 ], [ 9.21997, 44.417949 ], [ 9.219953, 44.417629 ], [ 9.220063, 44.417987 ], [ 9.220042, 44.41812 ], [ 9.219928, 44.418241 ], [ 9.219727, 44.418347 ], [ 9.219414, 44.41847 ], [ 9.219246, 44.418515 ], [ 9.218937, 44.418493 ] ] ] } },
{ "type": "Feature", "properties": { "id": "PIANIFICAZIONE.SIT.PGRA_ITC_FLUVIAL.22243", "decreto": "DCIP_026_2021", "name": "Regionale Liguria", "euuomcode": "ITR071", "data": "2021-12-20T00:00:00", "ambito": "10k", "pericolo": 3, "st_area_sh": 28116.53725, "st_length_": 1566.6593673299999 }, "geometry": { "type": "Polygon", "coordinates": [ [ [ 9.215706, 44.417629 ], [ 9.216063, 44.417566 ], [ 9.216127, 44.417686 ], [ 9.216288, 44.417863 ], [ 9.216363, 44.418053 ], [ 9.216472, 44.418218 ], [ 9.216733, 44.418382 ], [ 9.216907, 44.418456 ], [ 9.21705, 44.418549 ], [ 9.217688, 44.418682 ], [ 9.217979, 44.418675 ], [ 9.21843, 44.418621 ], [ 9.218768, 44.418546 ], [ 9.218937, 44.418493 ], [ 9.219246, 44.418515 ], [ 9.219414, 44.41847 ], [ 9.219727, 44.418347 ], [ 9.219928, 44.418241 ], [ 9.220042, 44.41812 ], [ 9.220063, 44.417987 ], [ 9.219953, 44.417629 ], [ 9.219743, 44.417197 ], [ 9.219608, 44.41707 ], [ 9.219151, 44.416579 ], [ 9.218937, 44.416268 ], [ 9.218855, 44.416185 ], [ 9.218711, 44.416135 ], [ 9.218547, 44.416142 ], [ 9.218712, 44.415682 ], [ 9.218912, 44.415738 ], [ 9.219081, 44.415831 ], [ 9.219234, 44.415958 ], [ 9.219626, 44.416405 ], [ 9.219739, 44.416564 ], [ 9.219852, 44.416694 ], [ 9.220031, 44.417011 ], [ 9.220227, 44.417232 ], [ 9.220319, 44.417418 ], [ 9.220398, 44.417698 ], [ 9.220468, 44.417881 ], [ 9.220508, 44.418055 ], [ 9.220474, 44.418177 ], [ 9.220418, 44.41827 ], [ 9.220195, 44.41851 ], [ 9.220065, 44.418557 ], [ 9.219754, 44.418748 ], [ 9.219239, 44.418882 ], [ 9.21904, 44.418945 ], [ 9.218927, 44.418988 ], [ 9.218553, 44.419039 ], [ 9.218306, 44.419055 ], [ 9.218115, 44.419093 ], [ 9.217718, 44.419106 ], [ 9.217295, 44.419013 ], [ 9.217112, 44.418952 ], [ 9.216786, 44.41875 ], [ 9.216391, 44.418552 ], [ 9.21613, 44.418362 ], [ 9.216064, 44.418225 ], [ 9.215925, 44.418032 ], [ 9.215706, 44.417629 ] ] ] } },
{ "type": "Feature", "properties": { "id": "PIANIFICAZIONE.SIT.PGRA_ITC_FLUVIAL.22323", "decreto": "DCIP_026_2021", "name": "Regionale Liguria", "euuomcode": "ITR071", "data": "2021-12-20T00:00:00", "ambito": "10k", "pericolo": 1, "st_area_sh": 747.92815, "st_length_": 256.19577472399999 }, "geometry": { "type": "Polygon", "coordinates": [ [ [ 9.153708, 44.438903 ], [ 9.153858, 44.439065 ], [ 9.154005, 44.439151 ], [ 9.154165, 44.439179 ], [ 9.154243, 44.439172 ], [ 9.154402, 44.439065 ], [ 9.154931, 44.438961 ], [ 9.154897, 44.439005 ], [ 9.154613, 44.439059 ], [ 9.154491, 44.439123 ], [ 9.154543, 44.439149 ], [ 9.15444, 44.439221 ], [ 9.154218, 44.439258 ], [ 9.154204, 44.439224 ], [ 9.15403, 44.439225 ], [ 9.153974, 44.439199 ], [ 9.153803, 44.439086 ], [ 9.153708, 44.438903 ] ] ] } },
{ "type": "Feature", "properties": { "id": "PIANIFICAZIONE.SIT.PGRA_ITC_FLUVIAL.22780", "decreto": "DCIP_026_2021", "name": "Regionale Liguria", "euuomcode": "ITR071", "data": "2021-12-20T00:00:00", "ambito": "10k", "pericolo": 3, "st_area_sh": 708.80805, "st_length_": 584.78672941100001 }, "geometry": { "type": "Polygon", "coordinates": [ [ [ 9.216063, 44.417566 ], [ 9.216233, 44.417755 ], [ 9.21632, 44.417891 ], [ 9.216366, 44.418006 ], [ 9.216471, 44.418175 ], [ 9.216632, 44.418295 ], [ 9.216955, 44.418455 ], [ 9.217065, 44.41853 ], [ 9.217365, 44.418583 ], [ 9.217618, 44.418644 ], [ 9.217774, 44.41866 ], [ 9.218332, 44.41861 ], [ 9.218528, 44.418581 ], [ 9.218937, 44.418493 ], [ 9.218768, 44.418546 ], [ 9.21843, 44.418621 ], [ 9.217979, 44.418675 ], [ 9.217688, 44.418682 ], [ 9.21705, 44.418549 ], [ 9.216907, 44.418456 ], [ 9.216733, 44.418382 ], [ 9.216472, 44.418218 ], [ 9.216363, 44.418053 ], [ 9.216288, 44.417863 ], [ 9.216127, 44.417686 ], [ 9.216063, 44.417566 ] ] ] } },
{ "type": "Feature", "properties": { "id": "PIANIFICAZIONE.SIT.PGRA_ITC_FLUVIAL.22875", "decreto": "DCIP_026_2021", "name": "Regionale Liguria", "euuomcode": "ITR071", "data": "2021-12-20T00:00:00", "ambito": "10k", "pericolo": 3, "st_area_sh": 712.3024, "st_length_": 632.40503234599998 }, "geometry": { "type": "Polygon", "coordinates": [ [ [ 9.216064, 44.418225 ], [ 9.21613, 44.418362 ], [ 9.216391, 44.418552 ], [ 9.216786, 44.41875 ], [ 9.217112, 44.418952 ], [ 9.217295, 44.419013 ], [ 9.217718, 44.419106 ], [ 9.218115, 44.419093 ], [ 9.218306, 44.419055 ], [ 9.218553, 44.419039 ], [ 9.218927, 44.418988 ], [ 9.21904, 44.418945 ], [ 9.219239, 44.418882 ], [ 9.219482, 44.418854 ], [ 9.219118, 44.418945 ], [ 9.218988, 44.418988 ], [ 9.218901, 44.419007 ], [ 9.218077, 44.419111 ], [ 9.217724, 44.419116 ], [ 9.217401, 44.419059 ], [ 9.217234, 44.419014 ], [ 9.217078, 44.418956 ], [ 9.216847, 44.418816 ], [ 9.216559, 44.418678 ], [ 9.216333, 44.418542 ], [ 9.216166, 44.418435 ], [ 9.21605, 44.418319 ], [ 9.216064, 44.418225 ] ] ] } },
{ "type": "Feature", "properties": { "id": "PIANIFICAZIONE.SIT.PGRA_ITC_FLUVIAL.23331", "decreto": "DCIP_026_2021", "name": "Regionale Liguria", "euuomcode": "ITR071", "data": "2021-12-20T00:00:00", "ambito": "10k", "pericolo": 1, "st_area_sh": 2931.7214, "st_length_": 451.575605607 }, "geometry": { "type": "Polygon", "coordinates": [ [ [ 9.213616, 44.417287 ], [ 9.214044, 44.417085 ], [ 9.214477, 44.416905 ], [ 9.214778, 44.416853 ], [ 9.215047, 44.416835 ], [ 9.21524, 44.416878 ], [ 9.215352, 44.416938 ], [ 9.215437, 44.417053 ], [ 9.215502, 44.417168 ], [ 9.215586, 44.417341 ], [ 9.215676, 44.417562 ], [ 9.215409, 44.41736 ], [ 9.215192, 44.417323 ], [ 9.215125, 44.417293 ], [ 9.215006, 44.416927 ], [ 9.214634, 44.416979 ], [ 9.214454, 44.417013 ], [ 9.214455, 44.417054 ], [ 9.214285, 44.417084 ], [ 9.214304, 44.417135 ], [ 9.213832, 44.417217 ], [ 9.213616, 44.417287 ] ] ] } },
{ "type": "Feature", "properties": { "id": "PIANIFICAZIONE.SIT.PGRA_ITC_FLUVIAL.23457", "decreto": "DCIP_026_2021", "name": "Regionale Liguria", "euuomcode": "ITR071", "data": "2021-12-20T00:00:00", "ambito": "10k", "pericolo": 3, "st_area_sh": 14706.8256, "st_length_": 1152.0637442100001 }, "geometry": { "type": "Polygon", "coordinates": [ [ [ 9.176432, 44.432617 ], [ 9.176307, 44.432566 ], [ 9.17597, 44.432448 ], [ 9.175464, 44.432415 ], [ 9.175131, 44.432404 ], [ 9.17495, 44.432464 ], [ 9.174706, 44.432588 ], [ 9.174625, 44.432712 ], [ 9.174617, 44.432829 ], [ 9.174634, 44.432954 ], [ 9.174289, 44.432998 ], [ 9.174272, 44.432693 ], [ 9.174292, 44.432546 ], [ 9.17436, 44.432434 ], [ 9.17442, 44.432362 ], [ 9.17458, 44.432255 ], [ 9.174789, 44.432162 ], [ 9.17529, 44.432118 ], [ 9.175603, 44.432138 ], [ 9.175816, 44.432175 ], [ 9.176106, 44.432238 ], [ 9.176777, 44.432447 ], [ 9.177761, 44.432771 ], [ 9.177982, 44.432768 ], [ 9.178142, 44.432704 ], [ 9.178246, 44.432569 ], [ 9.178422, 44.432134 ], [ 9.178545, 44.431879 ], [ 9.178644, 44.431737 ], [ 9.178594, 44.431674 ], [ 9.178443, 44.431552 ], [ 9.178467, 44.431522 ], [ 9.178496, 44.431511 ], [ 9.178728, 44.431545 ], [ 9.1789, 44.4314 ], [ 9.179185, 44.431475 ], [ 9.178915, 44.431862 ], [ 9.178603, 44.432415 ], [ 9.178451, 44.432614 ], [ 9.178319, 44.432753 ], [ 9.178067, 44.43292 ], [ 9.177919, 44.433001 ], [ 9.17783, 44.433021 ], [ 9.177585, 44.432996 ], [ 9.177083, 44.43285 ], [ 9.176769, 44.432712 ], [ 9.176432, 44.432617 ] ] ] } },
{ "type": "Feature", "properties": { "id": "PIANIFICAZIONE.SIT.PGRA_ITC_FLUVIAL.23918", "decreto": "DCIP_026_2021", "name": "Regionale Liguria", "euuomcode": "ITR071", "data": "2021-12-20T00:00:00", "ambito": "10k", "pericolo": 3, "st_area_sh": 335.8215, "st_length_": 268.71471103699997 }, "geometry": { "type": "Polygon", "coordinates": [ [ [ 9.152334, 44.438918 ], [ 9.152446, 44.438852 ], [ 9.152554, 44.438809 ], [ 9.152744, 44.438752 ], [ 9.152918, 44.438737 ], [ 9.153049, 44.438734 ], [ 9.153112, 44.438744 ], [ 9.153233, 44.43879 ], [ 9.153359, 44.438949 ], [ 9.153421, 44.439076 ], [ 9.15348, 44.439148 ], [ 9.15359, 44.439246 ], [ 9.15343, 44.439147 ], [ 9.153249, 44.438866 ], [ 9.153079, 44.438781 ], [ 9.152939, 44.438752 ], [ 9.15278, 44.438752 ], [ 9.15261, 44.438801 ], [ 9.152497, 44.438841 ], [ 9.152334, 44.438918 ] ] ] } },
{ "type": "Feature", "properties": { "id": "PIANIFICAZIONE.SIT.PGRA_ITC_FLUVIAL.25357", "decreto": "DCIP_026_2021", "name": "Regionale Liguria", "euuomcode": "ITR071", "data": "2021-12-20T00:00:00", "ambito": "10k", "pericolo": 3, "st_area_sh": 13877.96885, "st_length_": 890.98459488900005 }, "geometry": { "type": "Polygon", "coordinates": [ [ [ 9.195245, 44.424215 ], [ 9.195507, 44.424026 ], [ 9.195623, 44.424091 ], [ 9.195925, 44.424315 ], [ 9.196131, 44.424435 ], [ 9.196355, 44.424517 ], [ 9.196503, 44.424581 ], [ 9.196664, 44.424631 ], [ 9.196856, 44.424714 ], [ 9.196998, 44.42476 ], [ 9.19719, 44.42475 ], [ 9.197395, 44.424658 ], [ 9.197478, 44.424538 ], [ 9.197516, 44.424373 ], [ 9.197509, 44.424272 ], [ 9.197489, 44.424231 ], [ 9.197521, 44.424102 ], [ 9.197636, 44.423807 ], [ 9.198088, 44.422896 ], [ 9.198505, 44.423004 ], [ 9.19832, 44.423374 ], [ 9.198161, 44.423788 ], [ 9.198098, 44.424013 ], [ 9.198009, 44.424225 ], [ 9.197805, 44.424561 ], [ 9.197741, 44.424717 ], [ 9.197588, 44.424837 ], [ 9.197312, 44.424957 ], [ 9.196979, 44.425013 ], [ 9.196729, 44.424976 ], [ 9.196348, 44.424873 ], [ 9.196061, 44.424784 ], [ 9.195779, 44.424637 ], [ 9.195605, 44.424509 ], [ 9.195348, 44.424358 ], [ 9.195245, 44.424215 ] ] ] } },
{ "type": "Feature", "properties": { "id": "PIANIFICAZIONE.SIT.PGRA_ITC_FLUVIAL.25506", "decreto": "DCIP_026_2021", "name": "Regionale Liguria", "euuomcode": "ITR071", "data": "2021-12-20T00:00:00", "ambito": "10k", "pericolo": 3, "st_area_sh": 48917.79455, "st_length_": 2601.316735 }, "geometry": { "type": "Polygon", "coordinates": [ [ [ 9.216574, 44.411966 ], [ 9.216438, 44.412098 ], [ 9.216358, 44.4122 ], [ 9.216396, 44.412362 ], [ 9.216525, 44.412693 ], [ 9.216716, 44.413356 ], [ 9.216889, 44.413618 ], [ 9.216973, 44.413949 ], [ 9.21703, 44.414098 ], [ 9.217281, 44.414395 ], [ 9.217315, 44.414571 ], [ 9.217391, 44.41472 ], [ 9.217619, 44.415051 ], [ 9.217766, 44.415179 ], [ 9.217846, 44.415298 ], [ 9.218041, 44.415501 ], [ 9.218206, 44.415582 ], [ 9.218622, 44.415662 ], [ 9.218456, 44.416128 ], [ 9.21834, 44.416103 ], [ 9.21816, 44.416008 ], [ 9.217924, 44.415904 ], [ 9.21765, 44.415749 ], [ 9.217456, 44.41557 ], [ 9.217347, 44.415425 ], [ 9.217299, 44.415337 ], [ 9.217256, 44.415168 ], [ 9.217204, 44.415026 ], [ 9.217118, 44.41488 ], [ 9.217099, 44.41483 ], [ 9.216942, 44.4146 ], [ 9.216919, 44.414522 ], [ 9.216914, 44.414454 ], [ 9.216657, 44.414053 ], [ 9.216572, 44.4138 ], [ 9.216325, 44.41338 ], [ 9.21613, 44.412985 ], [ 9.215988, 44.412665 ], [ 9.215931, 44.412468 ], [ 9.215954, 44.412129 ], [ 9.216097, 44.411932 ], [ 9.216276, 44.411754 ], [ 9.216417, 44.411571 ], [ 9.216562, 44.411337 ], [ 9.216694, 44.411192 ], [ 9.216778, 44.411022 ], [ 9.216901, 44.410914 ], [ 9.217154, 44.410578 ], [ 9.217272, 44.410355 ], [ 9.217464, 44.410165 ], [ 9.217704, 44.409961 ], [ 9.217958, 44.409768 ], [ 9.218283, 44.409608 ], [ 9.218835, 44.409465 ], [ 9.219043, 44.409532 ], [ 9.219478, 44.409796 ], [ 9.219998, 44.410133 ], [ 9.220504, 44.410409 ], [ 9.221472, 44.410961 ], [ 9.221799, 44.411123 ], [ 9.222152, 44.411223 ], [ 9.222504, 44.411254 ], [ 9.222846, 44.411251 ], [ 9.2233, 44.411196 ], [ 9.223318, 44.411554 ], [ 9.223181, 44.411552 ], [ 9.222804, 44.411568 ], [ 9.222318, 44.411605 ], [ 9.222072, 44.411574 ], [ 9.221726, 44.411456 ], [ 9.221395, 44.411305 ], [ 9.220999, 44.411091 ], [ 9.220583, 44.410851 ], [ 9.220147, 44.41063 ], [ 9.219778, 44.410426 ], [ 9.219447, 44.410286 ], [ 9.219179, 44.410194 ], [ 9.219007, 44.410056 ], [ 9.218839, 44.409976 ], [ 9.218661, 44.409992 ], [ 9.218338, 44.410118 ], [ 9.218092, 44.410255 ], [ 9.217838, 44.410461 ], [ 9.217626, 44.410742 ], [ 9.217524, 44.411064 ], [ 9.217449, 44.411216 ], [ 9.217252, 44.411467 ], [ 9.217073, 44.41162 ], [ 9.216974, 44.411732 ], [ 9.216885, 44.411762 ], [ 9.216772, 44.411817 ], [ 9.216574, 44.411966 ] ] ] } },
{ "type": "Feature", "properties": { "id": "PIANIFICAZIONE.SIT.PGRA_ITC_FLUVIAL.26178", "decreto": "DCIP_026_2021", "name": "Regionale Liguria", "euuomcode": "ITR071", "data": "2021-12-20T00:00:00", "ambito": "10k", "pericolo": 3, "st_area_sh": 1702.28015, "st_length_": 338.645712688 }, "geometry": { "type": "Polygon", "coordinates": [ [ [ 9.180214, 44.430049 ], [ 9.180481, 44.429994 ], [ 9.18069, 44.430015 ], [ 9.180798, 44.430084 ], [ 9.180974, 44.430146 ], [ 9.181282, 44.430137 ], [ 9.181695, 44.430154 ], [ 9.181912, 44.430154 ], [ 9.182141, 44.430183 ], [ 9.182225, 44.430213 ], [ 9.182023, 44.430209 ], [ 9.18187, 44.430237 ], [ 9.181596, 44.430247 ], [ 9.18138, 44.430273 ], [ 9.181112, 44.430285 ], [ 9.181022, 44.430268 ], [ 9.180674, 44.430131 ], [ 9.180604, 44.430184 ], [ 9.180483, 44.430097 ], [ 9.180214, 44.430049 ] ] ] } },
{ "type": "Feature", "properties": { "id": "PIANIFICAZIONE.SIT.PGRA_ITC_FLUVIAL.26324", "decreto": "DCIP_026_2021", "name": "Regionale Liguria", "euuomcode": "ITR071", "data": "2021-12-20T00:00:00", "ambito": "10k", "pericolo": 3, "st_area_sh": 237.22725, "st_length_": 221.04897576299999 }, "geometry": { "type": "Polygon", "coordinates": [ [ [ 9.178451, 44.432614 ], [ 9.178603, 44.432415 ], [ 9.178915, 44.431862 ], [ 9.179068, 44.431728 ], [ 9.178922, 44.43192 ], [ 9.178703, 44.432288 ], [ 9.178657, 44.432383 ], [ 9.178451, 44.432614 ] ] ] } },
{ "type": "Feature", "properties": { "id": "PIANIFICAZIONE.SIT.PGRA_ITC_FLUVIAL.29126", "decreto": "DCIP_026_2021", "name": "Regionale Liguria", "euuomcode": "ITR071", "data": "2021-12-20T00:00:00", "ambito": "10k", "pericolo": 1, "st_area_sh": 131698.61745, "st_length_": 7400.3975472100001 }, "geometry": { "type": "Polygon", "coordinates": [ [ [ 9.190191, 44.424594 ], [ 9.190294, 44.424234 ], [ 9.190475, 44.423956 ], [ 9.190596, 44.423853 ], [ 9.19074, 44.423787 ], [ 9.19099, 44.423721 ], [ 9.191521, 44.423677 ], [ 9.191506, 44.423635 ], [ 9.192004, 44.423583 ], [ 9.192056, 44.423573 ], [ 9.19211, 44.423772 ], [ 9.19234, 44.423763 ], [ 9.19243, 44.423745 ], [ 9.192466, 44.423719 ], [ 9.19249, 44.423671 ], [ 9.192555, 44.423653 ], [ 9.193414, 44.423774 ], [ 9.193535, 44.42383 ], [ 9.193958, 44.424141 ], [ 9.194285, 44.424357 ], [ 9.194375, 44.42427 ], [ 9.194509, 44.424117 ], [ 9.195069, 44.424363 ], [ 9.195527, 44.424555 ], [ 9.195592, 44.424632 ], [ 9.195542, 44.424739 ], [ 9.195564, 44.424754 ], [ 9.195741, 44.424764 ], [ 9.196048, 44.42483 ], [ 9.196348, 44.424873 ], [ 9.196729, 44.424976 ], [ 9.196979, 44.425013 ], [ 9.197312, 44.424957 ], [ 9.197588, 44.424837 ], [ 9.197741, 44.424717 ], [ 9.197805, 44.424561 ], [ 9.198009, 44.424225 ], [ 9.198098, 44.424013 ], [ 9.198161, 44.423788 ], [ 9.198375, 44.423501 ], [ 9.198701, 44.423238 ], [ 9.199011, 44.423129 ], [ 9.199467, 44.422999 ], [ 9.200061, 44.422849 ], [ 9.200619, 44.42277 ], [ 9.200759, 44.422812 ], [ 9.201165, 44.422911 ], [ 9.201721, 44.423026 ], [ 9.202109, 44.423166 ], [ 9.202283, 44.423282 ], [ 9.203069, 44.423728 ], [ 9.203707, 44.424007 ], [ 9.204128, 44.424146 ], [ 9.204283, 44.42419 ], [ 9.204473, 44.424227 ], [ 9.204622, 44.424241 ], [ 9.204771, 44.424215 ], [ 9.204919, 44.424137 ], [ 9.205094, 44.424008 ], [ 9.205262, 44.423802 ], [ 9.205329, 44.423683 ], [ 9.205461, 44.423403 ], [ 9.205413, 44.423365 ], [ 9.204923, 44.423147 ], [ 9.204866, 44.423298 ], [ 9.204712, 44.423593 ], [ 9.204704, 44.423633 ], [ 9.204547, 44.423745 ], [ 9.204351, 44.423789 ], [ 9.204144, 44.423808 ], [ 9.204027, 44.42379 ], [ 9.203866, 44.423725 ], [ 9.203628, 44.42361 ], [ 9.203209, 44.423393 ], [ 9.20278, 44.423157 ], [ 9.202415, 44.422983 ], [ 9.202033, 44.422826 ], [ 9.201262, 44.422637 ], [ 9.200903, 44.422562 ], [ 9.20037, 44.42241 ], [ 9.200167, 44.422306 ], [ 9.199906, 44.422195 ], [ 9.199449, 44.421947 ], [ 9.199338, 44.421922 ], [ 9.198951, 44.421894 ], [ 9.198748, 44.421902 ], [ 9.198586, 44.421973 ], [ 9.198477, 44.42204 ], [ 9.198149, 44.42236 ], [ 9.197981, 44.422718 ], [ 9.19756, 44.423387 ], [ 9.19738, 44.423609 ], [ 9.197183, 44.423727 ], [ 9.197092, 44.423764 ], [ 9.197219, 44.423388 ], [ 9.197498, 44.422842 ], [ 9.198058, 44.422196 ], [ 9.19862, 44.421852 ], [ 9.199098, 44.421831 ], [ 9.200054, 44.421829 ], [ 9.200476, 44.42199 ], [ 9.200983, 44.422211 ], [ 9.201434, 44.422331 ], [ 9.202137, 44.422471 ], [ 9.202842, 44.422914 ], [ 9.203321, 44.423155 ], [ 9.203799, 44.423356 ], [ 9.204053, 44.423557 ], [ 9.204335, 44.423537 ], [ 9.204559, 44.423395 ], [ 9.204698, 44.423072 ], [ 9.204698, 44.42281 ], [ 9.204752, 44.422305 ], [ 9.204976, 44.421962 ], [ 9.205143, 44.421396 ], [ 9.205141, 44.421073 ], [ 9.205027, 44.420367 ], [ 9.205108, 44.41958 ], [ 9.205388, 44.419257 ], [ 9.206259, 44.418932 ], [ 9.206989, 44.418547 ], [ 9.208366, 44.418222 ], [ 9.209659, 44.418078 ], [ 9.210047, 44.418019 ], [ 9.210044, 44.418035 ], [ 9.209981, 44.4181 ], [ 9.209706, 44.418238 ], [ 9.209333, 44.418408 ], [ 9.209118, 44.418483 ], [ 9.208866, 44.41861 ], [ 9.208259, 44.418796 ], [ 9.207621, 44.418978 ], [ 9.207483, 44.418981 ], [ 9.207317, 44.418967 ], [ 9.207163, 44.418984 ], [ 9.206901, 44.419037 ], [ 9.206483, 44.419143 ], [ 9.206227, 44.419218 ], [ 9.205851, 44.419399 ], [ 9.205726, 44.419493 ], [ 9.205679, 44.419564 ], [ 9.205508, 44.419934 ], [ 9.205471, 44.420035 ], [ 9.205461, 44.420288 ], [ 9.205492, 44.420359 ], [ 9.205497, 44.420615 ], [ 9.205484, 44.420951 ], [ 9.205495, 44.421312 ], [ 9.205476, 44.421595 ], [ 9.205478, 44.421834 ], [ 9.205166, 44.422698 ], [ 9.205089, 44.422892 ], [ 9.204964, 44.423097 ], [ 9.205465, 44.423309 ], [ 9.205653, 44.422844 ], [ 9.205737, 44.4225 ], [ 9.205833, 44.422287 ], [ 9.205946, 44.421971 ], [ 9.205961, 44.42171 ], [ 9.205939, 44.42144 ], [ 9.205966, 44.421316 ], [ 9.206016, 44.42196 ], [ 9.206159, 44.422424 ], [ 9.205991, 44.422747 ], [ 9.205684, 44.423494 ], [ 9.205432, 44.423858 ], [ 9.205125, 44.424242 ], [ 9.204984, 44.424363 ], [ 9.204703, 44.424424 ], [ 9.204366, 44.424404 ], [ 9.203775, 44.424325 ], [ 9.203437, 44.424386 ], [ 9.203156, 44.424386 ], [ 9.202622, 44.424286 ], [ 9.202002, 44.424126 ], [ 9.199919, 44.423464 ], [ 9.199609, 44.423464 ], [ 9.199216, 44.423586 ], [ 9.198543, 44.424294 ], [ 9.198263, 44.424476 ], [ 9.198151, 44.424799 ], [ 9.197366, 44.425385 ], [ 9.196916, 44.425426 ], [ 9.196269, 44.425528 ], [ 9.196044, 44.425408 ], [ 9.195565, 44.424985 ], [ 9.195395, 44.424783 ], [ 9.194832, 44.424502 ], [ 9.193959, 44.424281 ], [ 9.193312, 44.424141 ], [ 9.192271, 44.424062 ], [ 9.191343, 44.424205 ], [ 9.190782, 44.424468 ], [ 9.190614, 44.424812 ], [ 9.190365, 44.426023 ], [ 9.19045, 44.426577 ], [ 9.190367, 44.426458 ], [ 9.190366, 44.426282 ], [ 9.19034, 44.425887 ], [ 9.190309, 44.425726 ], [ 9.190198, 44.425341 ], [ 9.190193, 44.425138 ], [ 9.190227, 44.424998 ], [ 9.190191, 44.424594 ] ] ] } },
{ "type": "Feature", "properties": { "id": "PIANIFICAZIONE.SIT.PGRA_ITC_FLUVIAL.30592", "decreto": "DCIP_026_2021", "name": "Regionale Liguria", "euuomcode": "ITR071", "data": "2021-12-20T00:00:00", "ambito": "10k", "pericolo": 3, "st_area_sh": 3757.99725, "st_length_": 653.75617095400003 }, "geometry": { "type": "Polygon", "coordinates": [ [ [ 9.189885, 44.426443 ], [ 9.189953, 44.426668 ], [ 9.190093, 44.426844 ], [ 9.190148, 44.426889 ], [ 9.190165, 44.426987 ], [ 9.190508, 44.426916 ], [ 9.190478, 44.426634 ], [ 9.190593, 44.427055 ], [ 9.190635, 44.427283 ], [ 9.190518, 44.426954 ], [ 9.190202, 44.427016 ], [ 9.190182, 44.427037 ], [ 9.190258, 44.427195 ], [ 9.190359, 44.42735 ], [ 9.19046, 44.427479 ], [ 9.190551, 44.427782 ], [ 9.190521, 44.427872 ], [ 9.190477, 44.428203 ], [ 9.19044, 44.428257 ], [ 9.190151, 44.427831 ], [ 9.190173, 44.42768 ], [ 9.190172, 44.427544 ], [ 9.190012, 44.427298 ], [ 9.190088, 44.427282 ], [ 9.190075, 44.427254 ], [ 9.190126, 44.427247 ], [ 9.190059, 44.42707 ], [ 9.190136, 44.427049 ], [ 9.190119, 44.426995 ], [ 9.189904, 44.427038 ], [ 9.189866, 44.426855 ], [ 9.189853, 44.426723 ], [ 9.189885, 44.426443 ] ] ] } },
{ "type": "Feature", "properties": { "id": "PIANIFICAZIONE.SIT.PGRA_ITC_FLUVIAL.30576", "decreto": "DCIP_026_2021", "name": "Regionale Liguria", "euuomcode": "ITR071", "data": "2021-12-20T00:00:00", "ambito": "10k", "pericolo": 2, "st_area_sh": 308.5823, "st_length_": 94.027390775200004 }, "geometry": { "type": "Polygon", "coordinates": [ [ [ 9.174313, 44.433985 ], [ 9.174496, 44.433965 ], [ 9.174508, 44.434064 ], [ 9.174541, 44.434176 ], [ 9.174572, 44.43421 ], [ 9.174543, 44.434258 ], [ 9.174466, 44.434297 ], [ 9.174471, 44.434238 ], [ 9.174459, 44.434171 ], [ 9.174313, 44.433985 ] ] ] } },
{ "type": "Feature", "properties": { "id": "PIANIFICAZIONE.SIT.PGRA_ITC_FLUVIAL.31243", "decreto": "DCIP_026_2021", "name": "Regionale Liguria", "euuomcode": "ITR071", "data": "2021-12-20T00:00:00", "ambito": "10k", "pericolo": 1, "st_area_sh": 1829.59375, "st_length_": 195.99566946300001 }, "geometry": { "type": "Polygon", "coordinates": [ [ [ 9.152356, 44.439322 ], [ 9.152356, 44.439279 ], [ 9.152509, 44.439091 ], [ 9.152741, 44.438989 ], [ 9.1529, 44.43896 ], [ 9.15302, 44.438976 ], [ 9.152958, 44.439082 ], [ 9.152912, 44.439078 ], [ 9.152878, 44.439164 ], [ 9.153118, 44.439263 ], [ 9.152982, 44.439439 ], [ 9.152905, 44.439413 ], [ 9.152472, 44.439325 ], [ 9.152356, 44.439322 ] ] ] } },
{ "type": "Feature", "properties": { "id": "PIANIFICAZIONE.SIT.PGRA_ITC_FLUVIAL.31258", "decreto": "DCIP_026_2021", "name": "Regionale Liguria", "euuomcode": "ITR071", "data": "2021-12-20T00:00:00", "ambito": "10k", "pericolo": 3, "st_area_sh": 204.56445, "st_length_": 129.96508946700001 }, "geometry": { "type": "Polygon", "coordinates": [ [ [ 9.153837, 44.439149 ], [ 9.153974, 44.439266 ], [ 9.154044, 44.439297 ], [ 9.154308, 44.439325 ], [ 9.154525, 44.4393 ], [ 9.15444, 44.439346 ], [ 9.154369, 44.439357 ], [ 9.154258, 44.439356 ], [ 9.154012, 44.439319 ], [ 9.153887, 44.439257 ], [ 9.153837, 44.439149 ] ] ] } },
{ "type": "Feature", "properties": { "id": "PIANIFICAZIONE.SIT.PGRA_ITC_FLUVIAL.31556", "decreto": "DCIP_026_2021", "name": "Regionale Liguria", "euuomcode": "ITR071", "data": "2021-12-20T00:00:00", "ambito": "10k", "pericolo": 1, "st_area_sh": 2177.78555, "st_length_": 396.68310793400002 }, "geometry": { "type": "Polygon", "coordinates": [ [ [ 9.208503, 44.419077 ], [ 9.208841, 44.418916 ], [ 9.209121, 44.418841 ], [ 9.209437, 44.418732 ], [ 9.209713, 44.418656 ], [ 9.210534, 44.418492 ], [ 9.210731, 44.418462 ], [ 9.210795, 44.41852 ], [ 9.209857, 44.418766 ], [ 9.209239, 44.418906 ], [ 9.208525, 44.419115 ], [ 9.208503, 44.419077 ] ] ] } },
{ "type": "Feature", "properties": { "id": "PIANIFICAZIONE.SIT.PGRA_ITC_FLUVIAL.31656", "decreto": "DCIP_026_2021", "name": "Regionale Liguria", "euuomcode": "ITR071", "data": "2021-12-20T00:00:00", "ambito": "10k", "pericolo": 2, "st_area_sh": 907.064, "st_length_": 226.26563154799999 }, "geometry": { "type": "Polygon", "coordinates": [ [ [ 9.153803, 44.439086 ], [ 9.153974, 44.439199 ], [ 9.15403, 44.439225 ], [ 9.154204, 44.439224 ], [ 9.154218, 44.439258 ], [ 9.15444, 44.439221 ], [ 9.154543, 44.439149 ], [ 9.154491, 44.439123 ], [ 9.154613, 44.439059 ], [ 9.154897, 44.439005 ], [ 9.154859, 44.439056 ], [ 9.154703, 44.439181 ], [ 9.154686, 44.439206 ], [ 9.154561, 44.439287 ], [ 9.154525, 44.4393 ], [ 9.154308, 44.439325 ], [ 9.154044, 44.439297 ], [ 9.153974, 44.439266 ], [ 9.153837, 44.439149 ], [ 9.153803, 44.439086 ] ] ] } },
{ "type": "Feature", "properties": { "id": "PIANIFICAZIONE.SIT.PGRA_ITC_FLUVIAL.31942", "decreto": "DCIP_026_2021", "name": "Regionale Liguria", "euuomcode": "ITR071", "data": "2021-12-20T00:00:00", "ambito": "10k", "pericolo": 2, "st_area_sh": 805.43895, "st_length_": 305.73620128300001 }, "geometry": { "type": "Polygon", "coordinates": [ [ [ 9.180475, 44.429753 ], [ 9.180734, 44.429448 ], [ 9.180977, 44.429205 ], [ 9.181093, 44.429108 ], [ 9.181354, 44.428951 ], [ 9.181064, 44.429258 ], [ 9.180978, 44.429333 ], [ 9.181306, 44.429586 ], [ 9.181297, 44.429607 ], [ 9.180954, 44.429349 ], [ 9.180846, 44.429477 ], [ 9.180709, 44.429594 ], [ 9.180535, 44.429719 ], [ 9.180475, 44.429753 ] ] ] } },
{ "type": "Feature", "properties": { "id": "PIANIFICAZIONE.SIT.PGRA_ITC_FLUVIAL.34098", "decreto": "DCIP_026_2021", "name": "Regionale Liguria", "euuomcode": "ITR071", "data": "2021-12-20T00:00:00", "ambito": "10k", "pericolo": 1, "st_area_sh": 18738.1707, "st_length_": 1072.97514553 }, "geometry": { "type": "Polygon", "coordinates": [ [ [ 9.186056, 44.428129 ], [ 9.186457, 44.428115 ], [ 9.186795, 44.428167 ], [ 9.187226, 44.428212 ], [ 9.187459, 44.428169 ], [ 9.187746, 44.428166 ], [ 9.187942, 44.428178 ], [ 9.188326, 44.428139 ], [ 9.188479, 44.42815 ], [ 9.188576, 44.428124 ], [ 9.189085, 44.42808 ], [ 9.189363, 44.427923 ], [ 9.189617, 44.427766 ], [ 9.18975, 44.427496 ], [ 9.189761, 44.427287 ], [ 9.1897, 44.427157 ], [ 9.189663, 44.426879 ], [ 9.189636, 44.426457 ], [ 9.18967, 44.426688 ], [ 9.189835, 44.427034 ], [ 9.18989, 44.42708 ], [ 9.189959, 44.427238 ], [ 9.189916, 44.427244 ], [ 9.190026, 44.427549 ], [ 9.190029, 44.427935 ], [ 9.190249, 44.428538 ], [ 9.190102, 44.42869 ], [ 9.18972, 44.428871 ], [ 9.189509, 44.428951 ], [ 9.189227, 44.42901 ], [ 9.189113, 44.428924 ], [ 9.188718, 44.428536 ], [ 9.188373, 44.428527 ], [ 9.187607, 44.428462 ], [ 9.186987, 44.428332 ], [ 9.18672, 44.428252 ], [ 9.186056, 44.428129 ] ] ] } },
{ "type": "Feature", "properties": { "id": "PIANIFICAZIONE.SIT.PGRA_ITC_FLUVIAL.34983", "decreto": "DCIP_026_2021", "name": "Regionale Liguria", "euuomcode": "ITR071", "data": "2021-12-20T00:00:00", "ambito": "10k", "pericolo": 2, "st_area_sh": 335.14095, "st_length_": 108.394553272 }, "geometry": { "type": "Polygon", "coordinates": [ [ [ 9.174243, 44.433085 ], [ 9.174295, 44.433062 ], [ 9.174338, 44.433267 ], [ 9.174374, 44.433389 ], [ 9.174383, 44.433493 ], [ 9.17429, 44.433509 ], [ 9.17424, 44.433212 ], [ 9.174234, 44.43313 ], [ 9.174243, 44.433085 ] ] ] } },
{ "type": "Feature", "properties": { "id": "PIANIFICAZIONE.SIT.PGRA_ITC_FLUVIAL.36279", "decreto": "DCIP_026_2021", "name": "Regionale Liguria", "euuomcode": "ITR071", "data": "2021-12-20T00:00:00", "ambito": "10k", "pericolo": 3, "st_area_sh": 28102.28285, "st_length_": 1483.37437748 }, "geometry": { "type": "Polygon", "coordinates": [ [ [ 9.198477, 44.42204 ], [ 9.198586, 44.421973 ], [ 9.198748, 44.421902 ], [ 9.198951, 44.421894 ], [ 9.199338, 44.421922 ], [ 9.199449, 44.421947 ], [ 9.199906, 44.422195 ], [ 9.200167, 44.422306 ], [ 9.20037, 44.42241 ], [ 9.200903, 44.422562 ], [ 9.201262, 44.422637 ], [ 9.202033, 44.422826 ], [ 9.202415, 44.422983 ], [ 9.20278, 44.423157 ], [ 9.203209, 44.423393 ], [ 9.203628, 44.42361 ], [ 9.203866, 44.423725 ], [ 9.204027, 44.42379 ], [ 9.204144, 44.423808 ], [ 9.204351, 44.423789 ], [ 9.204547, 44.423745 ], [ 9.204704, 44.423633 ], [ 9.204712, 44.423593 ], [ 9.204866, 44.423298 ], [ 9.204923, 44.423147 ], [ 9.205413, 44.423365 ], [ 9.205461, 44.423403 ], [ 9.205329, 44.423683 ], [ 9.205262, 44.423802 ], [ 9.205094, 44.424008 ], [ 9.204919, 44.424137 ], [ 9.204771, 44.424215 ], [ 9.204622, 44.424241 ], [ 9.204473, 44.424227 ], [ 9.204283, 44.42419 ], [ 9.204128, 44.424146 ], [ 9.203707, 44.424007 ], [ 9.203069, 44.423728 ], [ 9.202283, 44.423282 ], [ 9.202109, 44.423166 ], [ 9.201721, 44.423026 ], [ 9.201165, 44.422911 ], [ 9.200759, 44.422812 ], [ 9.199612, 44.422465 ], [ 9.199433, 44.422449 ], [ 9.199236, 44.422457 ], [ 9.19897, 44.422558 ], [ 9.198832, 44.422637 ], [ 9.19853, 44.422956 ], [ 9.198117, 44.422843 ], [ 9.198414, 44.422235 ], [ 9.198477, 44.42204 ] ] ] } },
{ "type": "Feature", "properties": { "id": "PIANIFICAZIONE.SIT.PGRA_ITC_FLUVIAL.36318", "decreto": "DCIP_026_2021", "name": "Regionale Liguria", "euuomcode": "ITR071", "data": "2021-12-20T00:00:00", "ambito": "10k", "pericolo": 3, "st_area_sh": 44012.66315, "st_length_": 3441.1408345300001 }, "geometry": { "type": "Polygon", "coordinates": [ [ [ 9.154703, 44.439181 ], [ 9.154859, 44.439056 ], [ 9.154931, 44.438961 ], [ 9.155129, 44.438373 ], [ 9.155196, 44.437941 ], [ 9.155195, 44.437403 ], [ 9.155112, 44.436846 ], [ 9.155124, 44.436627 ], [ 9.155272, 44.436207 ], [ 9.155331, 44.436082 ], [ 9.155607, 44.435935 ], [ 9.155802, 44.435859 ], [ 9.156214, 44.435811 ], [ 9.156433, 44.43581 ], [ 9.156646, 44.435847 ], [ 9.156847, 44.435896 ], [ 9.15706, 44.435983 ], [ 9.157417, 44.436168 ], [ 9.157917, 44.436474 ], [ 9.158001, 44.436534 ], [ 9.158092, 44.436637 ], [ 9.158123, 44.43679 ], [ 9.158169, 44.436905 ], [ 9.158364, 44.437087 ], [ 9.158558, 44.437235 ], [ 9.158713, 44.43727 ], [ 9.158999, 44.437249 ], [ 9.15986, 44.43698 ], [ 9.160868, 44.436608 ], [ 9.161137, 44.436481 ], [ 9.161343, 44.436417 ], [ 9.161784, 44.436344 ], [ 9.161952, 44.436326 ], [ 9.162116, 44.436377 ], [ 9.162242, 44.436461 ], [ 9.162356, 44.436524 ], [ 9.162423, 44.436533 ], [ 9.16252, 44.436497 ], [ 9.162684, 44.43634 ], [ 9.162972, 44.435752 ], [ 9.163039, 44.435664 ], [ 9.163186, 44.435586 ], [ 9.163274, 44.435561 ], [ 9.16345, 44.435492 ], [ 9.163858, 44.435482 ], [ 9.164085, 44.435461 ], [ 9.164253, 44.435418 ], [ 9.164677, 44.435267 ], [ 9.165038, 44.435155 ], [ 9.16521, 44.435065 ], [ 9.165605, 44.43482 ], [ 9.166201, 44.434646 ], [ 9.167357, 44.434218 ], [ 9.167955, 44.434008 ], [ 9.168505, 44.433879 ], [ 9.168649, 44.433875 ], [ 9.16897, 44.433894 ], [ 9.169213, 44.433941 ], [ 9.169469, 44.433998 ], [ 9.1697, 44.434092 ], [ 9.169526, 44.434145 ], [ 9.169365, 44.434228 ], [ 9.169304, 44.434209 ], [ 9.169081, 44.434191 ], [ 9.168802, 44.43418 ], [ 9.168632, 44.434192 ], [ 9.168506, 44.434216 ], [ 9.168009, 44.434364 ], [ 9.16775, 44.434423 ], [ 9.166695, 44.434784 ], [ 9.165672, 44.435108 ], [ 9.165261, 44.435279 ], [ 9.164106, 44.435652 ], [ 9.163653, 44.435784 ], [ 9.163543, 44.43584 ], [ 9.163486, 44.435899 ], [ 9.163204, 44.436483 ], [ 9.163084, 44.436617 ], [ 9.162835, 44.436755 ], [ 9.162754, 44.436848 ], [ 9.162678, 44.436892 ], [ 9.162539, 44.436949 ], [ 9.162453, 44.436973 ], [ 9.162313, 44.436974 ], [ 9.162111, 44.436949 ], [ 9.161779, 44.43669 ], [ 9.161701, 44.436654 ], [ 9.161612, 44.436632 ], [ 9.161537, 44.436637 ], [ 9.161137, 44.436725 ], [ 9.16054, 44.436998 ], [ 9.160274, 44.437092 ], [ 9.16013, 44.437136 ], [ 9.15998, 44.437156 ], [ 9.159792, 44.4372 ], [ 9.159178, 44.437382 ], [ 9.158621, 44.437383 ], [ 9.158234, 44.437246 ], [ 9.158015, 44.437077 ], [ 9.157875, 44.436953 ], [ 9.157761, 44.436772 ], [ 9.157494, 44.436534 ], [ 9.157351, 44.436439 ], [ 9.156971, 44.436209 ], [ 9.156807, 44.436148 ], [ 9.156171, 44.436042 ], [ 9.155918, 44.436025 ], [ 9.155635, 44.436111 ], [ 9.15541, 44.436417 ], [ 9.155376, 44.436638 ], [ 9.155298, 44.436949 ], [ 9.155316, 44.437248 ], [ 9.155355, 44.437522 ], [ 9.155365, 44.437698 ], [ 9.155414, 44.438015 ], [ 9.155336, 44.438272 ], [ 9.155099, 44.438935 ], [ 9.155007, 44.439127 ], [ 9.154888, 44.43927 ], [ 9.154703, 44.439181 ] ] ] } },
{ "type": "Feature", "properties": { "id": "PIANIFICAZIONE.SIT.PGRA_ITC_FLUVIAL.36854", "decreto": "DCIP_026_2021", "name": "Regionale Liguria", "euuomcode": "ITR071", "data": "2021-12-20T00:00:00", "ambito": "10k", "pericolo": 1, "st_area_sh": 2785.33525, "st_length_": 399.33655762299998 }, "geometry": { "type": "Polygon", "coordinates": [ [ [ 9.178915, 44.431862 ], [ 9.17908, 44.431631 ], [ 9.179271, 44.431452 ], [ 9.179595, 44.431022 ], [ 9.179784, 44.430864 ], [ 9.17995, 44.430571 ], [ 9.180188, 44.430451 ], [ 9.180407, 44.430686 ], [ 9.180299, 44.430733 ], [ 9.180064, 44.43088 ], [ 9.180067, 44.430917 ], [ 9.179542, 44.431312 ], [ 9.178915, 44.431862 ] ] ] } },
{ "type": "Feature", "properties": { "id": "PIANIFICAZIONE.SIT.PGRA_ITC_FLUVIAL.37185", "decreto": "DCIP_026_2021", "name": "Regionale Liguria", "euuomcode": "ITR071", "data": "2021-12-20T00:00:00", "ambito": "10k", "pericolo": 1, "st_area_sh": 6569.23735, "st_length_": 683.105364958 }, "geometry": { "type": "Polygon", "coordinates": [ [ [ 9.195169, 44.423643 ], [ 9.195564, 44.423766 ], [ 9.195803, 44.423895 ], [ 9.196145, 44.423927 ], [ 9.19651, 44.423888 ], [ 9.196962, 44.423816 ], [ 9.197183, 44.423727 ], [ 9.19738, 44.423609 ], [ 9.19756, 44.423387 ], [ 9.197981, 44.422718 ], [ 9.197789, 44.423142 ], [ 9.197358, 44.423894 ], [ 9.19721, 44.424058 ], [ 9.197011, 44.424231 ], [ 9.197033, 44.424308 ], [ 9.197033, 44.424359 ], [ 9.196891, 44.424425 ], [ 9.196741, 44.424436 ], [ 9.196592, 44.424406 ], [ 9.196293, 44.424284 ], [ 9.195824, 44.423999 ], [ 9.195525, 44.423856 ], [ 9.195169, 44.423643 ] ] ] } },
{ "type": "Feature", "properties": { "id": "PIANIFICAZIONE.SIT.PGRA_ITC_FLUVIAL.38810", "decreto": "DCIP_026_2021", "name": "Regionale Liguria", "euuomcode": "ITR071", "data": "2021-12-20T00:00:00", "ambito": "10k", "pericolo": 1, "st_area_sh": 3626.7218, "st_length_": 685.54484407799998 }, "geometry": { "type": "Polygon", "coordinates": [ [ [ 9.218536, 44.416196 ], [ 9.218547, 44.416142 ], [ 9.218711, 44.416135 ], [ 9.218855, 44.416185 ], [ 9.218937, 44.416268 ], [ 9.219151, 44.416579 ], [ 9.219608, 44.41707 ], [ 9.219743, 44.417197 ], [ 9.219953, 44.417629 ], [ 9.21997, 44.417949 ], [ 9.219849, 44.418143 ], [ 9.219657, 44.418286 ], [ 9.21941, 44.418413 ], [ 9.218937, 44.418493 ], [ 9.219354, 44.418361 ], [ 9.219657, 44.418199 ], [ 9.219816, 44.418052 ], [ 9.219859, 44.417858 ], [ 9.219803, 44.417673 ], [ 9.219692, 44.417403 ], [ 9.219598, 44.417241 ], [ 9.219377, 44.417056 ], [ 9.219078, 44.41672 ], [ 9.218912, 44.416499 ], [ 9.218685, 44.416267 ], [ 9.218536, 44.416196 ] ] ] } },
{ "type": "Feature", "properties": { "id": "PIANIFICAZIONE.SIT.PGRA_ITC_FLUVIAL.39193", "decreto": "DCIP_026_2021", "name": "Regionale Liguria", "euuomcode": "ITR071", "data": "2021-12-20T00:00:00", "ambito": "10k", "pericolo": 1, "st_area_sh": 709.1626, "st_length_": 222.09074489899999 }, "geometry": { "type": "Polygon", "coordinates": [ [ [ 9.182289, 44.430298 ], [ 9.182341, 44.430239 ], [ 9.182492, 44.430281 ], [ 9.182448, 44.430333 ], [ 9.182667, 44.430392 ], [ 9.182779, 44.430452 ], [ 9.182835, 44.4305 ], [ 9.182857, 44.430562 ], [ 9.182849, 44.430655 ], [ 9.182873, 44.43066 ], [ 9.182953, 44.430697 ], [ 9.182938, 44.430755 ], [ 9.18285, 44.430889 ], [ 9.18277, 44.430986 ], [ 9.182792, 44.430852 ], [ 9.182783, 44.430623 ], [ 9.18275, 44.430572 ], [ 9.182685, 44.430503 ], [ 9.182439, 44.430341 ], [ 9.182289, 44.430298 ] ] ] } },
{ "type": "Feature", "properties": { "id": "PIANIFICAZIONE.SIT.PGRA_ITC_FLUVIAL.40056", "decreto": "DCIP_026_2021", "name": "Regionale Liguria", "euuomcode": "ITR071", "data": "2021-12-20T00:00:00", "ambito": "10k", "pericolo": 1, "st_area_sh": 1027.74465, "st_length_": 256.89876792799998 }, "geometry": { "type": "Polygon", "coordinates": [ [ [ 9.211472, 44.418331 ], [ 9.211841, 44.418149 ], [ 9.212072, 44.418051 ], [ 9.212645, 44.417658 ], [ 9.212523, 44.417796 ], [ 9.21233, 44.41793 ], [ 9.212118, 44.418097 ], [ 9.211918, 44.418292 ], [ 9.2117, 44.418385 ], [ 9.211538, 44.418422 ], [ 9.211472, 44.418331 ] ] ] } },
{ "type": "Feature", "properties": { "id": "PIANIFICAZIONE.SIT.PGRA_ITC_FLUVIAL.41160", "decreto": "DCIP_026_2021", "name": "Regionale Liguria", "euuomcode": "ITR071", "data": "2021-12-20T00:00:00", "ambito": "10k", "pericolo": 1, "st_area_sh": 3162.6016, "st_length_": 539.17068955000002 }, "geometry": { "type": "Polygon", "coordinates": [ [ [ 9.182151, 44.43252 ], [ 9.182462, 44.432649 ], [ 9.182783, 44.43268 ], [ 9.182921, 44.432667 ], [ 9.183372, 44.432578 ], [ 9.183487, 44.432573 ], [ 9.183506, 44.432634 ], [ 9.183618, 44.432615 ], [ 9.183599, 44.43253 ], [ 9.183761, 44.432424 ], [ 9.18401, 44.432348 ], [ 9.184345, 44.432269 ], [ 9.184478, 44.432214 ], [ 9.184604, 44.432112 ], [ 9.184756, 44.432132 ], [ 9.185017, 44.43221 ], [ 9.185096, 44.432264 ], [ 9.185154, 44.432342 ], [ 9.184797, 44.432381 ], [ 9.184529, 44.432379 ], [ 9.184249, 44.432424 ], [ 9.183925, 44.432561 ], [ 9.183372, 44.432692 ], [ 9.182903, 44.432744 ], [ 9.182657, 44.432734 ], [ 9.182408, 44.432654 ], [ 9.182151, 44.43252 ] ] ] } },
{ "type": "Feature", "properties": { "id": "PIANIFICAZIONE.SIT.PGRA_ITC_FLUVIAL.41459", "decreto": "DCIP_026_2021", "name": "Regionale Liguria", "euuomcode": "ITR071", "data": "2021-12-20T00:00:00", "ambito": "10k", "pericolo": 2, "st_area_sh": 409.1641, "st_length_": 237.580246364 }, "geometry": { "type": "Polygon", "coordinates": [ [ [ 9.178451, 44.432614 ], [ 9.178657, 44.432383 ], [ 9.178703, 44.432288 ], [ 9.178922, 44.43192 ], [ 9.179068, 44.431728 ], [ 9.17913, 44.431673 ], [ 9.178781, 44.432241 ], [ 9.178705, 44.43241 ], [ 9.178607, 44.432518 ], [ 9.178451, 44.432614 ] ] ] } },
{ "type": "Feature", "properties": { "id": "PIANIFICAZIONE.SIT.PGRA_ITC_FLUVIAL.41796", "decreto": "DCIP_026_2021", "name": "Regionale Liguria", "euuomcode": "ITR071", "data": "2021-12-20T00:00:00", "ambito": "10k", "pericolo": 3, "st_area_sh": 11264.2234, "st_length_": 853.86040506100005 }, "geometry": { "type": "Polygon", "coordinates": [ [ [ 9.212081, 44.417914 ], [ 9.211902, 44.417698 ], [ 9.212364, 44.417517 ], [ 9.212792, 44.417324 ], [ 9.213517, 44.417014 ], [ 9.214195, 44.416705 ], [ 9.214324, 44.416669 ], [ 9.214677, 44.416618 ], [ 9.215376, 44.416604 ], [ 9.215524, 44.416629 ], [ 9.215605, 44.416692 ], [ 9.215705, 44.416808 ], [ 9.215791, 44.416954 ], [ 9.215862, 44.417114 ], [ 9.215941, 44.41723 ], [ 9.215991, 44.417335 ], [ 9.216047, 44.417489 ], [ 9.215676, 44.417562 ], [ 9.215586, 44.417341 ], [ 9.215502, 44.417168 ], [ 9.215437, 44.417053 ], [ 9.215352, 44.416938 ], [ 9.21524, 44.416878 ], [ 9.215047, 44.416835 ], [ 9.214778, 44.416853 ], [ 9.214477, 44.416905 ], [ 9.214044, 44.417085 ], [ 9.213616, 44.417287 ], [ 9.21287, 44.417556 ], [ 9.212081, 44.417914 ] ] ] } },
{ "type": "Feature", "properties": { "id": "PIANIFICAZIONE.SIT.PGRA_ITC_FLUVIAL.42688", "decreto": "DCIP_026_2021", "name": "Regionale Liguria", "euuomcode": "ITR071", "data": "2021-12-20T00:00:00", "ambito": "10k", "pericolo": 3, "st_area_sh": 1559.8477, "st_length_": 292.85640696899998 }, "geometry": { "type": "Polygon", "coordinates": [ [ [ 9.174383, 44.433493 ], [ 9.174374, 44.433389 ], [ 9.174338, 44.433267 ], [ 9.174295, 44.433062 ], [ 9.17432, 44.433053 ], [ 9.174391, 44.433301 ], [ 9.174523, 44.433655 ], [ 9.174594, 44.433939 ], [ 9.174608, 44.434148 ], [ 9.174572, 44.43421 ], [ 9.174541, 44.434176 ], [ 9.174508, 44.434064 ], [ 9.174496, 44.433965 ], [ 9.174313, 44.433985 ], [ 9.174189, 44.433527 ], [ 9.174383, 44.433493 ] ] ] } },
{ "type": "Feature", "properties": { "id": "PIANIFICAZIONE.SIT.PGRA_ITC_FLUVIAL.44030", "decreto": "DCIP_026_2021", "name": "Regionale Liguria", "euuomcode": "ITR071", "data": "2021-12-20T00:00:00", "ambito": "10k", "pericolo": 2, "st_area_sh": 4929.21145, "st_length_": 800.46639458799996 }, "geometry": { "type": "Polygon", "coordinates": [ [ [ 9.210853, 44.418441 ], [ 9.211174, 44.418324 ], [ 9.211423, 44.418254 ], [ 9.211668, 44.418135 ], [ 9.21205, 44.417935 ], [ 9.211874, 44.417705 ], [ 9.211441, 44.417857 ], [ 9.211347, 44.417897 ], [ 9.211192, 44.417936 ], [ 9.210947, 44.418017 ], [ 9.210884, 44.417986 ], [ 9.210995, 44.417924 ], [ 9.211078, 44.41779 ], [ 9.211606, 44.417544 ], [ 9.212012, 44.417377 ], [ 9.212405, 44.417334 ], [ 9.213108, 44.417189 ], [ 9.212254, 44.417565 ], [ 9.211902, 44.417698 ], [ 9.212081, 44.417914 ], [ 9.212645, 44.417658 ], [ 9.212072, 44.418051 ], [ 9.211841, 44.418149 ], [ 9.211371, 44.418381 ], [ 9.210901, 44.418482 ], [ 9.210853, 44.418441 ] ] ] } },
{ "type": "Feature", "properties": { "id": "PIANIFICAZIONE.SIT.PGRA_ITC_FLUVIAL.44170", "decreto": "DCIP_026_2021", "name": "Regionale Liguria", "euuomcode": "ITR071", "data": "2021-12-20T00:00:00", "ambito": "10k", "pericolo": 1, "st_area_sh": 293.2021, "st_length_": 229.17809616400001 }, "geometry": { "type": "Polygon", "coordinates": [ [ [ 9.176552, 44.432651 ], [ 9.176661, 44.432682 ], [ 9.176807, 44.432802 ], [ 9.176977, 44.432894 ], [ 9.177286, 44.432975 ], [ 9.17743, 44.433 ], [ 9.17783, 44.433021 ], [ 9.177527, 44.433034 ], [ 9.177262, 44.433 ], [ 9.17707, 44.432956 ], [ 9.176898, 44.432881 ], [ 9.17675, 44.432795 ], [ 9.176552, 44.432651 ] ] ] } },
{ "type": "Feature", "properties": { "id": "PIANIFICAZIONE.SIT.PGRA_ITC_FLUVIAL.44692", "decreto": "DCIP_026_2021", "name": "Regionale Liguria", "euuomcode": "ITR071", "data": "2021-12-20T00:00:00", "ambito": "10k", "pericolo": 3, "st_area_sh": 328.91565, "st_length_": 171.96194677599999 }, "geometry": { "type": "Polygon", "coordinates": [ [ [ 9.182258, 44.43189 ], [ 9.182327, 44.431768 ], [ 9.182457, 44.431591 ], [ 9.182836, 44.431253 ], [ 9.182825, 44.431324 ], [ 9.182789, 44.431387 ], [ 9.182719, 44.43147 ], [ 9.182604, 44.431534 ], [ 9.182577, 44.431565 ], [ 9.182471, 44.431616 ], [ 9.182258, 44.43189 ] ] ] } },
{ "type": "Feature", "properties": { "id": "PIANIFICAZIONE.SIT.PGRA_ITC_FLUVIAL.46607", "decreto": "DCIP_026_2021", "name": "Regionale Liguria", "euuomcode": "ITR071", "data": "2021-12-20T00:00:00", "ambito": "10k", "pericolo": 1, "st_area_sh": 2944.65405, "st_length_": 896.63760467300006 }, "geometry": { "type": "Polygon", "coordinates": [ [ [ 9.176732, 44.432433 ], [ 9.176894, 44.432443 ], [ 9.177214, 44.432513 ], [ 9.177529, 44.432601 ], [ 9.177722, 44.432634 ], [ 9.177855, 44.432621 ], [ 9.17803, 44.432537 ], [ 9.178286, 44.432274 ], [ 9.178343, 44.432161 ], [ 9.17839, 44.43201 ], [ 9.178477, 44.431889 ], [ 9.178558, 44.431752 ], [ 9.178487, 44.43166 ], [ 9.178347, 44.431506 ], [ 9.178394, 44.43146 ], [ 9.178539, 44.431439 ], [ 9.178667, 44.431366 ], [ 9.178752, 44.431274 ], [ 9.179006, 44.430812 ], [ 9.179068, 44.430674 ], [ 9.179175, 44.430518 ], [ 9.179353, 44.43032 ], [ 9.179728, 44.430071 ], [ 9.179359, 44.430398 ], [ 9.179228, 44.430621 ], [ 9.179057, 44.430952 ], [ 9.178927, 44.431159 ], [ 9.178903, 44.431247 ], [ 9.178834, 44.43137 ], [ 9.178696, 44.431475 ], [ 9.178583, 44.431524 ], [ 9.178496, 44.431511 ], [ 9.178467, 44.431522 ], [ 9.178443, 44.431552 ], [ 9.178594, 44.431674 ], [ 9.178644, 44.431737 ], [ 9.178545, 44.431879 ], [ 9.178422, 44.432134 ], [ 9.178372, 44.432262 ], [ 9.178257, 44.432399 ], [ 9.178193, 44.43252 ], [ 9.17806, 44.432675 ], [ 9.177966, 44.432709 ], [ 9.177838, 44.432709 ], [ 9.177681, 44.432692 ], [ 9.177489, 44.432617 ], [ 9.17729, 44.432559 ], [ 9.176976, 44.43248 ], [ 9.176792, 44.432452 ], [ 9.176732, 44.432433 ] ] ] } },
{ "type": "Feature", "properties": { "id": "PIANIFICAZIONE.SIT.PGRA_ITC_FLUVIAL.47626", "decreto": "DCIP_026_2021", "name": "Regionale Liguria", "euuomcode": "ITR071", "data": "2021-12-20T00:00:00", "ambito": "10k", "pericolo": 3, "st_area_sh": 6201.68335, "st_length_": 686.93240699499995 }, "geometry": { "type": "Polygon", "coordinates": [ [ [ 9.152314, 44.439428 ], [ 9.152076, 44.43946 ], [ 9.152085, 44.439276 ], [ 9.152142, 44.439005 ], [ 9.152241, 44.438798 ], [ 9.152359, 44.438696 ], [ 9.152403, 44.438679 ], [ 9.152529, 44.438603 ], [ 9.152674, 44.438573 ], [ 9.152751, 44.438563 ], [ 9.152823, 44.438563 ], [ 9.152914, 44.438549 ], [ 9.153098, 44.438546 ], [ 9.153342, 44.438619 ], [ 9.15345, 44.438687 ], [ 9.153708, 44.438903 ], [ 9.153887, 44.439257 ], [ 9.154012, 44.439319 ], [ 9.154258, 44.439356 ], [ 9.154369, 44.439357 ], [ 9.15444, 44.439346 ], [ 9.154561, 44.439287 ], [ 9.154686, 44.439206 ], [ 9.154869, 44.439291 ], [ 9.15477, 44.439374 ], [ 9.154661, 44.439446 ], [ 9.154489, 44.439494 ], [ 9.15432, 44.43953 ], [ 9.154169, 44.439531 ], [ 9.153897, 44.43949 ], [ 9.153764, 44.439418 ], [ 9.153691, 44.439331 ], [ 9.15348, 44.439148 ], [ 9.153421, 44.439076 ], [ 9.153359, 44.438949 ], [ 9.153233, 44.43879 ], [ 9.153112, 44.438744 ], [ 9.153049, 44.438734 ], [ 9.152918, 44.438737 ], [ 9.152744, 44.438752 ], [ 9.152654, 44.438777 ], [ 9.152446, 44.438852 ], [ 9.152334, 44.438918 ], [ 9.152282, 44.439001 ], [ 9.152257, 44.439108 ], [ 9.15225, 44.439216 ], [ 9.152304, 44.439312 ], [ 9.15233, 44.439397 ], [ 9.152314, 44.439428 ] ] ] } },
{ "type": "Feature", "properties": { "id": "PIANIFICAZIONE.SIT.PGRA_ITC_FLUVIAL.47982", "decreto": "DCIP_026_2021", "name": "Regionale Liguria", "euuomcode": "ITR071", "data": "2021-12-20T00:00:00", "ambito": "10k", "pericolo": 1, "st_area_sh": 682.2274, "st_length_": 580.80336122100005 }, "geometry": { "type": "Polygon", "coordinates": [ [ [ 9.216063, 44.417566 ], [ 9.216124, 44.41757 ], [ 9.216308, 44.417792 ], [ 9.216407, 44.418027 ], [ 9.216494, 44.418159 ], [ 9.216563, 44.418225 ], [ 9.216725, 44.418324 ], [ 9.216898, 44.418402 ], [ 9.217054, 44.418488 ], [ 9.217088, 44.418521 ], [ 9.217203, 44.418525 ], [ 9.217526, 44.418603 ], [ 9.217762, 44.41864 ], [ 9.218396, 44.418585 ], [ 9.218758, 44.41851 ], [ 9.218937, 44.418493 ], [ 9.218528, 44.418581 ], [ 9.218332, 44.41861 ], [ 9.217774, 44.41866 ], [ 9.217618, 44.418644 ], [ 9.217365, 44.418583 ], [ 9.217065, 44.41853 ], [ 9.216955, 44.418455 ], [ 9.216632, 44.418295 ], [ 9.216471, 44.418175 ], [ 9.216366, 44.418006 ], [ 9.21632, 44.417891 ], [ 9.216233, 44.417755 ], [ 9.216063, 44.417566 ] ] ] } },
{ "type": "Feature", "properties": { "id": "PIANIFICAZIONE.SIT.PGRA_ITC_FLUVIAL.48172", "decreto": "DCIP_026_2021", "name": "Regionale Liguria", "euuomcode": "ITR071", "data": "2021-12-20T00:00:00", "ambito": "10k", "pericolo": 1, "st_area_sh": 3091.3401, "st_length_": 650.202151856 }, "geometry": { "type": "Polygon", "coordinates": [ [ [ 9.180407, 44.430686 ], [ 9.18071, 44.430511 ], [ 9.180801, 44.43056 ], [ 9.180929, 44.430484 ], [ 9.180823, 44.430414 ], [ 9.18123, 44.430365 ], [ 9.181318, 44.430362 ], [ 9.18132, 44.43039 ], [ 9.181385, 44.43039 ], [ 9.181396, 44.430371 ], [ 9.181458, 44.430371 ], [ 9.181468, 44.430327 ], [ 9.181583, 44.430321 ], [ 9.181591, 44.430339 ], [ 9.181708, 44.430337 ], [ 9.181858, 44.430309 ], [ 9.181983, 44.430296 ], [ 9.182225, 44.430213 ], [ 9.182473, 44.429787 ], [ 9.1823, 44.429745 ], [ 9.182274, 44.429683 ], [ 9.182307, 44.429602 ], [ 9.182459, 44.429329 ], [ 9.18263, 44.42921 ], [ 9.18255, 44.429332 ], [ 9.182508, 44.429516 ], [ 9.182509, 44.429605 ], [ 9.182536, 44.429645 ], [ 9.182557, 44.429805 ], [ 9.182526, 44.429895 ], [ 9.182479, 44.429993 ], [ 9.182341, 44.430239 ], [ 9.182289, 44.430298 ], [ 9.181985, 44.43045 ], [ 9.181857, 44.430466 ], [ 9.181374, 44.430444 ], [ 9.181369, 44.430406 ], [ 9.18117, 44.430402 ], [ 9.181193, 44.430494 ], [ 9.181072, 44.430511 ], [ 9.181042, 44.430451 ], [ 9.180966, 44.430483 ], [ 9.181, 44.430513 ], [ 9.180819, 44.430598 ], [ 9.180486, 44.430778 ], [ 9.180407, 44.430686 ] ] ] } },
{ "type": "Feature", "properties": { "id": "PIANIFICAZIONE.SIT.PGRA_ITC_FLUVIAL.48562", "decreto": "DCIP_026_2021", "name": "Regionale Liguria", "euuomcode": "ITR071", "data": "2021-12-20T00:00:00", "ambito": "10k", "pericolo": 3, "st_area_sh": 28393.51025, "st_length_": 1645.22391133 }, "geometry": { "type": "Polygon", "coordinates": [ [ [ 9.189724, 44.425693 ], [ 9.189712, 44.42553 ], [ 9.189753, 44.425236 ], [ 9.189756, 44.424874 ], [ 9.189731, 44.424811 ], [ 9.189692, 44.424762 ], [ 9.189658, 44.424689 ], [ 9.189708, 44.424389 ], [ 9.189792, 44.424071 ], [ 9.189918, 44.423868 ], [ 9.190142, 44.423637 ], [ 9.190573, 44.423451 ], [ 9.190777, 44.423418 ], [ 9.191034, 44.423359 ], [ 9.191233, 44.423322 ], [ 9.191301, 44.423283 ], [ 9.191458, 44.423294 ], [ 9.191707, 44.423273 ], [ 9.192194, 44.423272 ], [ 9.19277, 44.423304 ], [ 9.19302, 44.423383 ], [ 9.193241, 44.423437 ], [ 9.193427, 44.42347 ], [ 9.193757, 44.423503 ], [ 9.194215, 44.423511 ], [ 9.194498, 44.423541 ], [ 9.194782, 44.423611 ], [ 9.195011, 44.423689 ], [ 9.195198, 44.423768 ], [ 9.19538, 44.423898 ], [ 9.195474, 44.423992 ], [ 9.195191, 44.424185 ], [ 9.194665, 44.423931 ], [ 9.194553, 44.423908 ], [ 9.194121, 44.423771 ], [ 9.19391, 44.423726 ], [ 9.193605, 44.423694 ], [ 9.19332, 44.423677 ], [ 9.192805, 44.42363 ], [ 9.192572, 44.423628 ], [ 9.192381, 44.42361 ], [ 9.19214, 44.423556 ], [ 9.192004, 44.423583 ], [ 9.191023, 44.423685 ], [ 9.190879, 44.423707 ], [ 9.190625, 44.423792 ], [ 9.190443, 44.423917 ], [ 9.190338, 44.424063 ], [ 9.190224, 44.424269 ], [ 9.190191, 44.424594 ], [ 9.190227, 44.424998 ], [ 9.190193, 44.425138 ], [ 9.190198, 44.425341 ], [ 9.190309, 44.425726 ], [ 9.19034, 44.425887 ], [ 9.190366, 44.426282 ], [ 9.190367, 44.426458 ], [ 9.19045, 44.426577 ], [ 9.190478, 44.426634 ], [ 9.190508, 44.426916 ], [ 9.190165, 44.426987 ], [ 9.190148, 44.426889 ], [ 9.190093, 44.426844 ], [ 9.189953, 44.426668 ], [ 9.189885, 44.426443 ], [ 9.189828, 44.426101 ], [ 9.189724, 44.425693 ] ] ] } },
{ "type": "Feature", "properties": { "id": "PIANIFICAZIONE.SIT.PGRA_ITC_FLUVIAL.49272", "decreto": "DCIP_026_2021", "name": "Regionale Liguria", "euuomcode": "ITR071", "data": "2021-12-20T00:00:00", "ambito": "10k", "pericolo": 3, "st_area_sh": 166.9716, "st_length_": 78.895756379399998 }, "geometry": { "type": "Polygon", "coordinates": [ [ [ 9.169506, 44.434236 ], [ 9.169744, 44.434135 ], [ 9.169835, 44.434112 ], [ 9.169937, 44.434137 ], [ 9.169961, 44.434163 ], [ 9.169506, 44.434236 ] ] ] } },
{ "type": "Feature", "properties": { "id": "PIANIFICAZIONE.SIT.PGRA_ITC_FLUVIAL.49768", "decreto": "DCIP_026_2021", "name": "Regionale Liguria", "euuomcode": "ITR071", "data": "2021-12-20T00:00:00", "ambito": "10k", "pericolo": 1, "st_area_sh": 1485.21145, "st_length_": 925.58971312799997 }, "geometry": { "type": "Polygon", "coordinates": [ [ [ 9.218712, 44.415682 ], [ 9.218795, 44.41566 ], [ 9.218899, 44.415668 ], [ 9.21898, 44.41569 ], [ 9.219049, 44.415726 ], [ 9.219157, 44.415803 ], [ 9.219246, 44.415888 ], [ 9.219342, 44.416001 ], [ 9.219377, 44.416073 ], [ 9.219578, 44.41631 ], [ 9.219713, 44.416455 ], [ 9.220259, 44.417211 ], [ 9.220336, 44.417333 ], [ 9.220509, 44.417873 ], [ 9.220543, 44.418015 ], [ 9.22053, 44.418099 ], [ 9.22049, 44.4182 ], [ 9.220441, 44.418289 ], [ 9.220347, 44.418414 ], [ 9.2202, 44.418557 ], [ 9.220092, 44.418595 ], [ 9.219988, 44.418648 ], [ 9.219819, 44.41875 ], [ 9.219482, 44.418854 ], [ 9.219239, 44.418882 ], [ 9.219754, 44.418748 ], [ 9.220065, 44.418557 ], [ 9.220195, 44.41851 ], [ 9.220418, 44.41827 ], [ 9.220474, 44.418177 ], [ 9.220508, 44.418055 ], [ 9.220468, 44.417881 ], [ 9.220398, 44.417698 ], [ 9.220319, 44.417418 ], [ 9.220227, 44.417232 ], [ 9.220031, 44.417011 ], [ 9.219852, 44.416694 ], [ 9.219739, 44.416564 ], [ 9.219626, 44.416405 ], [ 9.219491, 44.416259 ], [ 9.219351, 44.416085 ], [ 9.219312, 44.415993 ], [ 9.2192, 44.415866 ], [ 9.219126, 44.4158 ], [ 9.218961, 44.415701 ], [ 9.218818, 44.41568 ], [ 9.218712, 44.415682 ] ] ] } },
{ "type": "Feature", "properties": { "id": "PIANIFICAZIONE.SIT.PGRA_ITC_FLUVIAL.50341", "decreto": "DCIP_026_2021", "name": "Regionale Liguria", "euuomcode": "ITR071", "data": "2021-12-20T00:00:00", "ambito": "10k", "pericolo": 3, "st_area_sh": 287.9857, "st_length_": 263.58953137600002 }, "geometry": { "type": "Polygon", "coordinates": [ [ [ 9.177062, 44.432545 ], [ 9.177355, 44.432613 ], [ 9.177687, 44.432726 ], [ 9.177809, 44.432751 ], [ 9.177932, 44.43275 ], [ 9.177996, 44.432738 ], [ 9.178066, 44.432713 ], [ 9.178118, 44.432675 ], [ 9.178228, 44.432537 ], [ 9.178292, 44.432416 ], [ 9.17833, 44.432364 ], [ 9.178246, 44.432569 ], [ 9.178142, 44.432704 ], [ 9.177982, 44.432768 ], [ 9.177761, 44.432771 ], [ 9.177062, 44.432545 ] ] ] } },
{ "type": "Feature", "properties": { "id": "PIANIFICAZIONE.SIT.PGRA_ITC_FLUVIAL.50631", "decreto": "DCIP_026_2021", "name": "Regionale Liguria", "euuomcode": "ITR071", "data": "2021-12-20T00:00:00", "ambito": "10k", "pericolo": 3, "st_area_sh": 4135.88895, "st_length_": 297.659992074 }, "geometry": { "type": "Polygon", "coordinates": [ [ [ 9.210545, 44.418152 ], [ 9.211027, 44.417988 ], [ 9.211347, 44.417897 ], [ 9.211441, 44.417857 ], [ 9.211874, 44.417705 ], [ 9.21205, 44.417935 ], [ 9.211668, 44.418135 ], [ 9.211423, 44.418254 ], [ 9.211174, 44.418324 ], [ 9.210853, 44.418441 ], [ 9.210545, 44.418152 ] ] ] } },
{ "type": "Feature", "properties": { "id": "PIANIFICAZIONE.SIT.PGRA_ITC_FLUVIAL.51099", "decreto": "DCIP_026_2021", "name": "Regionale Liguria", "euuomcode": "ITR071", "data": "2021-12-20T00:00:00", "ambito": "10k", "pericolo": 2, "st_area_sh": 922.4266, "st_length_": 647.08389587700003 }, "geometry": { "type": "Polygon", "coordinates": [ [ [ 9.216064, 44.418225 ], [ 9.21605, 44.418319 ], [ 9.216166, 44.418435 ], [ 9.216559, 44.418678 ], [ 9.216847, 44.418816 ], [ 9.217078, 44.418956 ], [ 9.217234, 44.419014 ], [ 9.217401, 44.419059 ], [ 9.217724, 44.419116 ], [ 9.218077, 44.419111 ], [ 9.218901, 44.419007 ], [ 9.218988, 44.418988 ], [ 9.219118, 44.418945 ], [ 9.219482, 44.418854 ], [ 9.218901, 44.419039 ], [ 9.21863, 44.419066 ], [ 9.218267, 44.419124 ], [ 9.217953, 44.419138 ], [ 9.217688, 44.419138 ], [ 9.217404, 44.419094 ], [ 9.217059, 44.41898 ], [ 9.216868, 44.418861 ], [ 9.216507, 44.418686 ], [ 9.215964, 44.41832 ], [ 9.216064, 44.418225 ] ] ] } },
{ "type": "Feature", "properties": { "id": "PIANIFICAZIONE.SIT.PGRA_ITC_FLUVIAL.51145", "decreto": "DCIP_026_2021", "name": "Regionale Liguria", "euuomcode": "ITR071", "data": "2021-12-20T00:00:00", "ambito": "10k", "pericolo": 2, "st_area_sh": 3908.2588, "st_length_": 692.18181168900003 }, "geometry": { "type": "Polygon", "coordinates": [ [ [ 9.189636, 44.426457 ], [ 9.189691, 44.426131 ], [ 9.189724, 44.425693 ], [ 9.189828, 44.426101 ], [ 9.189885, 44.426443 ], [ 9.189853, 44.426723 ], [ 9.189866, 44.426855 ], [ 9.189904, 44.427038 ], [ 9.190119, 44.426995 ], [ 9.190136, 44.427049 ], [ 9.190059, 44.42707 ], [ 9.190126, 44.427247 ], [ 9.190075, 44.427254 ], [ 9.190088, 44.427282 ], [ 9.190012, 44.427298 ], [ 9.190172, 44.427544 ], [ 9.190173, 44.42768 ], [ 9.190151, 44.427831 ], [ 9.19044, 44.428257 ], [ 9.190249, 44.428538 ], [ 9.190029, 44.427935 ], [ 9.190026, 44.427549 ], [ 9.189916, 44.427244 ], [ 9.189959, 44.427238 ], [ 9.18989, 44.42708 ], [ 9.189835, 44.427034 ], [ 9.18967, 44.426688 ], [ 9.189636, 44.426457 ] ] ] } },
{ "type": "Feature", "properties": { "id": "PIANIFICAZIONE.SIT.PGRA_ITC_FLUVIAL.52304", "decreto": "DCIP_026_2021", "name": "Regionale Liguria", "euuomcode": "ITR071", "data": "2021-12-20T00:00:00", "ambito": "10k", "pericolo": 3, "st_area_sh": 2139.7347, "st_length_": 475.50519457199999 }, "geometry": { "type": "Polygon", "coordinates": [ [ [ 9.196355, 44.424517 ], [ 9.196767, 44.424604 ], [ 9.197017, 44.424618 ], [ 9.197151, 44.424559 ], [ 9.197265, 44.424476 ], [ 9.197327, 44.424305 ], [ 9.197533, 44.423843 ], [ 9.197895, 44.423276 ], [ 9.197636, 44.423807 ], [ 9.197521, 44.424102 ], [ 9.197489, 44.424231 ], [ 9.197509, 44.424272 ], [ 9.197516, 44.424373 ], [ 9.197478, 44.424538 ], [ 9.197395, 44.424658 ], [ 9.19719, 44.42475 ], [ 9.196998, 44.42476 ], [ 9.196856, 44.424714 ], [ 9.196664, 44.424631 ], [ 9.196503, 44.424581 ], [ 9.196355, 44.424517 ] ] ] } },
{ "type": "Feature", "properties": { "id": "PIANIFICAZIONE.SIT.PGRA_ITC_FLUVIAL.52763", "decreto": "DCIP_026_2021", "name": "Regionale Liguria", "euuomcode": "ITR071", "data": "2021-12-20T00:00:00", "ambito": "10k", "pericolo": 2, "st_area_sh": 7808.39155, "st_length_": 1320.8906018800001 }, "geometry": { "type": "Polygon", "coordinates": [ [ [ 9.178583, 44.431524 ], [ 9.178696, 44.431475 ], [ 9.178834, 44.43137 ], [ 9.178903, 44.431247 ], [ 9.178927, 44.431159 ], [ 9.179057, 44.430952 ], [ 9.179228, 44.430621 ], [ 9.179359, 44.430398 ], [ 9.179728, 44.430071 ], [ 9.179926, 44.429933 ], [ 9.180242, 44.429795 ], [ 9.180446, 44.429729 ], [ 9.180475, 44.429753 ], [ 9.180422, 44.429782 ], [ 9.18006, 44.429923 ], [ 9.179885, 44.430001 ], [ 9.179744, 44.430157 ], [ 9.179553, 44.430429 ], [ 9.178997, 44.4313 ], [ 9.178905, 44.431378 ], [ 9.179201, 44.431455 ], [ 9.179575, 44.430907 ], [ 9.179816, 44.430596 ], [ 9.180003, 44.430411 ], [ 9.180028, 44.430261 ], [ 9.180214, 44.430049 ], [ 9.180483, 44.430097 ], [ 9.180604, 44.430184 ], [ 9.180674, 44.430131 ], [ 9.181022, 44.430268 ], [ 9.181112, 44.430285 ], [ 9.18138, 44.430273 ], [ 9.181596, 44.430247 ], [ 9.18187, 44.430237 ], [ 9.182023, 44.430209 ], [ 9.182225, 44.430213 ], [ 9.181983, 44.430296 ], [ 9.181858, 44.430309 ], [ 9.181708, 44.430337 ], [ 9.181591, 44.430339 ], [ 9.181583, 44.430321 ], [ 9.181468, 44.430327 ], [ 9.181458, 44.430371 ], [ 9.181396, 44.430371 ], [ 9.181385, 44.43039 ], [ 9.18132, 44.43039 ], [ 9.181318, 44.430362 ], [ 9.18123, 44.430365 ], [ 9.180823, 44.430414 ], [ 9.180929, 44.430484 ], [ 9.180801, 44.43056 ], [ 9.18071, 44.430511 ], [ 9.180407, 44.430686 ], [ 9.180188, 44.430451 ], [ 9.17995, 44.430571 ], [ 9.179784, 44.430864 ], [ 9.179595, 44.431022 ], [ 9.179271, 44.431452 ], [ 9.17908, 44.431631 ], [ 9.179185, 44.431475 ], [ 9.1789, 44.4314 ], [ 9.178728, 44.431545 ], [ 9.178583, 44.431524 ] ] ] } },
{ "type": "Feature", "properties": { "id": "PIANIFICAZIONE.SIT.PGRA_ITC_FLUVIAL.52992", "decreto": "DCIP_026_2021", "name": "Regionale Liguria", "euuomcode": "ITR071", "data": "2021-12-20T00:00:00", "ambito": "10k", "pericolo": 3, "st_area_sh": 29547.65905, "st_length_": 1703.55305327 }, "geometry": { "type": "Polygon", "coordinates": [ [ [ 9.205465, 44.423309 ], [ 9.204964, 44.423097 ], [ 9.205089, 44.422892 ], [ 9.205166, 44.422698 ], [ 9.205478, 44.421834 ], [ 9.205476, 44.421595 ], [ 9.205495, 44.421312 ], [ 9.205484, 44.420951 ], [ 9.205497, 44.420615 ], [ 9.205492, 44.420359 ], [ 9.205461, 44.420288 ], [ 9.205471, 44.420035 ], [ 9.205508, 44.419934 ], [ 9.205679, 44.419564 ], [ 9.205726, 44.419493 ], [ 9.205851, 44.419399 ], [ 9.206227, 44.419218 ], [ 9.206483, 44.419143 ], [ 9.206901, 44.419037 ], [ 9.207163, 44.418984 ], [ 9.207317, 44.418967 ], [ 9.207483, 44.418981 ], [ 9.207621, 44.418978 ], [ 9.208259, 44.418796 ], [ 9.208866, 44.41861 ], [ 9.209546, 44.418391 ], [ 9.209968, 44.418303 ], [ 9.210281, 44.418227 ], [ 9.210433, 44.418179 ], [ 9.210731, 44.418462 ], [ 9.210534, 44.418492 ], [ 9.209713, 44.418656 ], [ 9.209437, 44.418732 ], [ 9.209121, 44.418841 ], [ 9.208751, 44.418941 ], [ 9.208402, 44.419008 ], [ 9.208118, 44.419099 ], [ 9.207862, 44.419196 ], [ 9.207472, 44.419319 ], [ 9.206981, 44.4194 ], [ 9.20666, 44.419439 ], [ 9.206435, 44.419505 ], [ 9.206286, 44.41959 ], [ 9.206097, 44.419926 ], [ 9.205972, 44.420323 ], [ 9.205947, 44.420628 ], [ 9.205953, 44.420816 ], [ 9.205916, 44.421073 ], [ 9.205961, 44.42171 ], [ 9.205946, 44.421971 ], [ 9.205833, 44.422287 ], [ 9.205737, 44.4225 ], [ 9.205653, 44.422844 ], [ 9.205465, 44.423309 ] ] ] } },
{ "type": "Feature", "properties": { "id": "PIANIFICAZIONE.SIT.PGRA_ITC_FLUVIAL.53323", "decreto": "DCIP_026_2021", "name": "Regionale Liguria", "euuomcode": "ITR071", "data": "2021-12-20T00:00:00", "ambito": "10k", "pericolo": 3, "st_area_sh": 886.7017, "st_length_": 174.800228331 }, "geometry": { "type": "Polygon", "coordinates": [ [ [ 9.183548, 44.432276 ], [ 9.183496, 44.432153 ], [ 9.184071, 44.432043 ], [ 9.184344, 44.432031 ], [ 9.184464, 44.432041 ], [ 9.184451, 44.432103 ], [ 9.184317, 44.432108 ], [ 9.184169, 44.432135 ], [ 9.183919, 44.432187 ], [ 9.18374, 44.432239 ], [ 9.183548, 44.432276 ] ] ] } },
{ "type": "Feature", "properties": { "id": "PIANIFICAZIONE.SIT.PGRA_ITC_FLUVIAL.53872", "decreto": "DCIP_026_2021", "name": "Regionale Liguria", "euuomcode": "ITR071", "data": "2021-12-20T00:00:00", "ambito": "10k", "pericolo": 1, "st_area_sh": 44.6411, "st_length_": 41.656191725699998 }, "geometry": { "type": "Polygon", "coordinates": [ [ [ 9.182318, 44.431451 ], [ 9.182335, 44.431434 ], [ 9.182521, 44.431533 ], [ 9.182501, 44.431552 ], [ 9.182318, 44.431451 ] ] ] } },
{ "type": "Feature", "properties": { "id": "PIANIFICAZIONE.SIT.PGRA_ITC_FLUVIAL.55082", "decreto": "DCIP_026_2021", "name": "Regionale Liguria", "euuomcode": "ITR071", "data": "2021-12-20T00:00:00", "ambito": "10k", "pericolo": 1, "st_area_sh": 33950.6924, "st_length_": 2337.68259644 }, "geometry": { "type": "Polygon", "coordinates": [ [ [ 9.187942, 44.428178 ], [ 9.18829, 44.428044 ], [ 9.18874, 44.427983 ], [ 9.189021, 44.427922 ], [ 9.18933, 44.42772 ], [ 9.18944, 44.427114 ], [ 9.189354, 44.42667 ], [ 9.189494, 44.426529 ], [ 9.189493, 44.426166 ], [ 9.18938, 44.425823 ], [ 9.189379, 44.42552 ], [ 9.189265, 44.425137 ], [ 9.189292, 44.424753 ], [ 9.18929, 44.424188 ], [ 9.189486, 44.423845 ], [ 9.189738, 44.423522 ], [ 9.189989, 44.422996 ], [ 9.190636, 44.422854 ], [ 9.191873, 44.422791 ], [ 9.19342, 44.42297 ], [ 9.19387, 44.42295 ], [ 9.194462, 44.42313 ], [ 9.195503, 44.423371 ], [ 9.195983, 44.423834 ], [ 9.196145, 44.423927 ], [ 9.195803, 44.423895 ], [ 9.195564, 44.423766 ], [ 9.195169, 44.423643 ], [ 9.194883, 44.423536 ], [ 9.194584, 44.423434 ], [ 9.194349, 44.423374 ], [ 9.194164, 44.423276 ], [ 9.193827, 44.423149 ], [ 9.193679, 44.423147 ], [ 9.192855, 44.423197 ], [ 9.192194, 44.423272 ], [ 9.191707, 44.423273 ], [ 9.191458, 44.423294 ], [ 9.191301, 44.423283 ], [ 9.191233, 44.423322 ], [ 9.191034, 44.423359 ], [ 9.190777, 44.423418 ], [ 9.190573, 44.423451 ], [ 9.190142, 44.423637 ], [ 9.189721, 44.423903 ], [ 9.189577, 44.424148 ], [ 9.189539, 44.424402 ], [ 9.189618, 44.424666 ], [ 9.189753, 44.425236 ], [ 9.189712, 44.42553 ], [ 9.189724, 44.425693 ], [ 9.189691, 44.426131 ], [ 9.189636, 44.426457 ], [ 9.189663, 44.426879 ], [ 9.1897, 44.427157 ], [ 9.189761, 44.427287 ], [ 9.18975, 44.427496 ], [ 9.189617, 44.427766 ], [ 9.189363, 44.427923 ], [ 9.189085, 44.42808 ], [ 9.188576, 44.428124 ], [ 9.188479, 44.42815 ], [ 9.188326, 44.428139 ], [ 9.187942, 44.428178 ] ] ] } },
{ "type": "Feature", "properties": { "id": "PIANIFICAZIONE.SIT.PGRA_ITC_FLUVIAL.56565", "decreto": "DCIP_026_2021", "name": "Regionale Liguria", "euuomcode": "ITR071", "data": "2021-12-20T00:00:00", "ambito": "10k", "pericolo": 2, "st_area_sh": 3780.50635, "st_length_": 458.05190076299999 }, "geometry": { "type": "Polygon", "coordinates": [ [ [ 9.182071, 44.432433 ], [ 9.182214, 44.432514 ], [ 9.18237, 44.432553 ], [ 9.182599, 44.432543 ], [ 9.182828, 44.432495 ], [ 9.183247, 44.432354 ], [ 9.183548, 44.432276 ], [ 9.18374, 44.432239 ], [ 9.183919, 44.432187 ], [ 9.184317, 44.432108 ], [ 9.184451, 44.432103 ], [ 9.184542, 44.432114 ], [ 9.184604, 44.432112 ], [ 9.184478, 44.432214 ], [ 9.184345, 44.432269 ], [ 9.18401, 44.432348 ], [ 9.183761, 44.432424 ], [ 9.183599, 44.43253 ], [ 9.183618, 44.432615 ], [ 9.183506, 44.432634 ], [ 9.183487, 44.432573 ], [ 9.183372, 44.432578 ], [ 9.182921, 44.432667 ], [ 9.182783, 44.43268 ], [ 9.182462, 44.432649 ], [ 9.182151, 44.43252 ], [ 9.182071, 44.432433 ] ] ] } },
{ "type": "Feature", "properties": { "id": "PIANIFICAZIONE.SIT.PGRA_ITC_FLUVIAL.57611", "decreto": "DCIP_026_2021", "name": "Regionale Liguria", "euuomcode": "ITR071", "data": "2021-12-20T00:00:00", "ambito": "10k", "pericolo": 1, "st_area_sh": 2311.7286, "st_length_": 611.28403805300002 }, "geometry": { "type": "Polygon", "coordinates": [ [ [ 9.216716, 44.413356 ], [ 9.216909, 44.413505 ], [ 9.217127, 44.413902 ], [ 9.217453, 44.414396 ], [ 9.217616, 44.414783 ], [ 9.217806, 44.414996 ], [ 9.218118, 44.415305 ], [ 9.218632, 44.415605 ], [ 9.218622, 44.415662 ], [ 9.218173, 44.41548 ], [ 9.217929, 44.415247 ], [ 9.217671, 44.414977 ], [ 9.217481, 44.414725 ], [ 9.21744, 44.414551 ], [ 9.217223, 44.414241 ], [ 9.217073, 44.41399 ], [ 9.216889, 44.413618 ], [ 9.216716, 44.413356 ] ] ] } },
{ "type": "Feature", "properties": { "id": "PIANIFICAZIONE.SIT.PGRA_ITC_FLUVIAL.158", "decreto": "DCIP_026_2021", "name": "Regionale Liguria", "euuomcode": "ITR071", "data": "2021-12-20T00:00:00", "ambito": "10k", "pericolo": 1, "st_area_sh": 729.6056, "st_length_": 115.06165749900001 }, "geometry": { "type": "Polygon", "coordinates": [ [ [ 8.976539, 44.453127 ], [ 8.976578, 44.453031 ], [ 8.976573, 44.453013 ], [ 8.97663, 44.452999 ], [ 8.976957, 44.453084 ], [ 8.977092, 44.453111 ], [ 8.976888, 44.453287 ], [ 8.976539, 44.453127 ] ] ] } },
{ "type": "Feature", "properties": { "id": "PIANIFICAZIONE.SIT.PGRA_ITC_FLUVIAL.5742", "decreto": "DCIP_026_2021", "name": "Regionale Liguria", "euuomcode": "ITR071", "data": "2021-12-20T00:00:00", "ambito": "10k", "pericolo": 2, "st_area_sh": 6568.9018155000003, "st_length_": 521.60684307300005 }, "geometry": { "type": "Polygon", "coordinates": [ [ [ 8.977944, 44.453476 ], [ 8.977546, 44.453856 ], [ 8.977566, 44.453963 ], [ 8.977468, 44.45406 ], [ 8.977117, 44.454157 ], [ 8.976801, 44.454257 ], [ 8.976667, 44.454101 ], [ 8.97655, 44.453886 ], [ 8.97654, 44.453814 ], [ 8.976564, 44.453798 ], [ 8.976794, 44.453733 ], [ 8.976773, 44.453704 ], [ 8.976727, 44.453717 ], [ 8.976675, 44.453718 ], [ 8.976549, 44.453761 ], [ 8.976555, 44.4537 ], [ 8.976439, 44.453622 ], [ 8.976471, 44.453591 ], [ 8.976556, 44.453618 ], [ 8.976663, 44.453529 ], [ 8.976707, 44.453551 ], [ 8.976894, 44.453421 ], [ 8.976926, 44.453438 ], [ 8.97708, 44.45357 ], [ 8.977156, 44.45353 ], [ 8.977216, 44.453588 ], [ 8.977192, 44.45361 ], [ 8.977209, 44.453669 ], [ 8.977264, 44.453656 ], [ 8.977401, 44.453713 ], [ 8.977414, 44.453509 ], [ 8.977521, 44.45335 ], [ 8.977459, 44.453283 ], [ 8.977217, 44.453132 ], [ 8.977273, 44.453083 ], [ 8.977754, 44.453347 ], [ 8.977944, 44.453476 ] ] ] } },
{ "type": "Feature", "properties": { "id": "PIANIFICAZIONE.SIT.PGRA_ITC_FLUVIAL.7470", "decreto": "DCIP_026_2021", "name": "Regionale Liguria", "euuomcode": "ITR071", "data": "2021-12-20T00:00:00", "ambito": "10k", "pericolo": 1, "st_area_sh": 1376.15645, "st_length_": 202.54807270200001 }, "geometry": { "type": "Polygon", "coordinates": [ [ [ 8.975963, 44.454259 ], [ 8.975937, 44.454241 ], [ 8.975942, 44.454047 ], [ 8.975988, 44.453963 ], [ 8.976099, 44.453821 ], [ 8.976289, 44.453535 ], [ 8.976471, 44.453591 ], [ 8.976439, 44.453622 ], [ 8.976555, 44.4537 ], [ 8.976549, 44.453761 ], [ 8.976463, 44.453823 ], [ 8.976367, 44.453879 ], [ 8.976132, 44.453992 ], [ 8.976068, 44.454046 ], [ 8.975987, 44.454242 ], [ 8.975963, 44.454259 ] ] ] } },
{ "type": "Feature", "properties": { "id": "PIANIFICAZIONE.SIT.PGRA_ITC_FLUVIAL.8213", "decreto": "DCIP_026_2021", "name": "Regionale Liguria", "euuomcode": "ITR071", "data": "2021-12-20T00:00:00", "ambito": "10k", "pericolo": 3, "st_area_sh": 26478.0849, "st_length_": 1118.21822251 }, "geometry": { "type": "Polygon", "coordinates": [ [ [ 8.98632, 44.453869 ], [ 8.987102, 44.453702 ], [ 8.989161, 44.453151 ], [ 8.989835, 44.452951 ], [ 8.990335, 44.452748 ], [ 8.99073, 44.452548 ], [ 8.990999, 44.452378 ], [ 8.991223, 44.452185 ], [ 8.991525, 44.451906 ], [ 8.99203, 44.452016 ], [ 8.992197, 44.452046 ], [ 8.992145, 44.452127 ], [ 8.991904, 44.452352 ], [ 8.991656, 44.452559 ], [ 8.99129, 44.452837 ], [ 8.991068, 44.45297 ], [ 8.990629, 44.453196 ], [ 8.990324, 44.453311 ], [ 8.990004, 44.453414 ], [ 8.989653, 44.453518 ], [ 8.989162, 44.45364 ], [ 8.987923, 44.453977 ], [ 8.987329, 44.454131 ], [ 8.986911, 44.454234 ], [ 8.986485, 44.454319 ], [ 8.98632, 44.453869 ] ] ] } },
{ "type": "Feature", "properties": { "id": "PIANIFICAZIONE.SIT.PGRA_ITC_FLUVIAL.9499", "decreto": "DCIP_026_2021", "name": "Regionale Liguria", "euuomcode": "ITR071", "data": "2021-12-20T00:00:00", "ambito": "10k", "pericolo": 2, "st_area_sh": 139489.62451200001, "st_length_": 6443.9791714499997 }, "geometry": { "type": "Polygon", "coordinates": [ [ [ 8.986261, 44.453881 ], [ 8.985784, 44.453929 ], [ 8.985415, 44.453944 ], [ 8.985, 44.453944 ], [ 8.984677, 44.453918 ], [ 8.984074, 44.453857 ], [ 8.982307, 44.45347 ], [ 8.981108, 44.453196 ], [ 8.980984, 44.453178 ], [ 8.980368, 44.453047 ], [ 8.980314, 44.453023 ], [ 8.980055, 44.452957 ], [ 8.978909, 44.452632 ], [ 8.978144, 44.452343 ], [ 8.977771, 44.452189 ], [ 8.97742, 44.452033 ], [ 8.976815, 44.451734 ], [ 8.976272, 44.451424 ], [ 8.975701, 44.451057 ], [ 8.974992, 44.450534 ], [ 8.973542, 44.449434 ], [ 8.97311, 44.449067 ], [ 8.972877, 44.448882 ], [ 8.972457, 44.448513 ], [ 8.970242, 44.446682 ], [ 8.969737, 44.446296 ], [ 8.969637, 44.44623 ], [ 8.969608, 44.44623 ], [ 8.969453, 44.446115 ], [ 8.969868, 44.445839 ], [ 8.970238, 44.446163 ], [ 8.970415, 44.446243 ], [ 8.970802, 44.446148 ], [ 8.97133, 44.446608 ], [ 8.971411, 44.446743 ], [ 8.971101, 44.446838 ], [ 8.970726, 44.446736 ], [ 8.970995, 44.446921 ], [ 8.97115, 44.447073 ], [ 8.971479, 44.447094 ], [ 8.971547, 44.447198 ], [ 8.971585, 44.447365 ], [ 8.971797, 44.447535 ], [ 8.972003, 44.447646 ], [ 8.972632, 44.448201 ], [ 8.972555, 44.448256 ], [ 8.972758, 44.44845 ], [ 8.97356, 44.449068 ], [ 8.974373, 44.449657 ], [ 8.975021, 44.450182 ], [ 8.975079, 44.450272 ], [ 8.975969, 44.450931 ], [ 8.976327, 44.450994 ], [ 8.977052, 44.451451 ], [ 8.978329, 44.452166 ], [ 8.978755, 44.452348 ], [ 8.979219, 44.452487 ], [ 8.97978, 44.452598 ], [ 8.980274, 44.452619 ], [ 8.980506, 44.452619 ], [ 8.980738, 44.452744 ], [ 8.980777, 44.452917 ], [ 8.981628, 44.453084 ], [ 8.982373, 44.453271 ], [ 8.984018, 44.453646 ], [ 8.984511, 44.453715 ], [ 8.984753, 44.453708 ], [ 8.985005, 44.453639 ], [ 8.985421, 44.453674 ], [ 8.985827, 44.453757 ], [ 8.986195, 44.453688 ], [ 8.987182, 44.45348 ], [ 8.988101, 44.453228 ], [ 8.988039, 44.452957 ], [ 8.988562, 44.452777 ], [ 8.989258, 44.452569 ], [ 8.989665, 44.452486 ], [ 8.989945, 44.452451 ], [ 8.990149, 44.452403 ], [ 8.990284, 44.452223 ], [ 8.990623, 44.451855 ], [ 8.990981, 44.451585 ], [ 8.9913, 44.451543 ], [ 8.99143, 44.451543 ], [ 8.991265, 44.451126 ], [ 8.991265, 44.450848 ], [ 8.991334, 44.450541 ], [ 8.991708, 44.449936 ], [ 8.991597, 44.449679 ], [ 8.991403, 44.449411 ], [ 8.991265, 44.449074 ], [ 8.991265, 44.448866 ], [ 8.991431, 44.448598 ], [ 8.991597, 44.44846 ], [ 8.99186, 44.448351 ], [ 8.991971, 44.448172 ], [ 8.992358, 44.447914 ], [ 8.992676, 44.447815 ], [ 8.992939, 44.447924 ], [ 8.99316, 44.448133 ], [ 8.993423, 44.448351 ], [ 8.993575, 44.44846 ], [ 8.993893, 44.448579 ], [ 8.994018, 44.448539 ], [ 8.994474, 44.448182 ], [ 8.994931, 44.448063 ], [ 8.99547, 44.447974 ], [ 8.995774, 44.447875 ], [ 8.996203, 44.447756 ], [ 8.996023, 44.447538 ], [ 8.996175, 44.447459 ], [ 8.996618, 44.4473 ], [ 8.996798, 44.447419 ], [ 8.997891, 44.447132 ], [ 8.998195, 44.447082 ], [ 8.998662, 44.447821 ], [ 8.996918, 44.448278 ], [ 8.99688, 44.448326 ], [ 8.996792, 44.448343 ], [ 8.996732, 44.448328 ], [ 8.993871, 44.449082 ], [ 8.993328, 44.449284 ], [ 8.992947, 44.449479 ], [ 8.992129, 44.449938 ], [ 8.992004, 44.450031 ], [ 8.991768, 44.450247 ], [ 8.991651, 44.45045 ], [ 8.99157, 44.450665 ], [ 8.991536, 44.450845 ], [ 8.991548, 44.450996 ], [ 8.991595, 44.451201 ], [ 8.991648, 44.451367 ], [ 8.991664, 44.451499 ], [ 8.99165, 44.45164 ], [ 8.991611, 44.451762 ], [ 8.991525, 44.451906 ], [ 8.991223, 44.452185 ], [ 8.990999, 44.452378 ], [ 8.99073, 44.452548 ], [ 8.990335, 44.452748 ], [ 8.989835, 44.452951 ], [ 8.989161, 44.453151 ], [ 8.987102, 44.453702 ], [ 8.986261, 44.453881 ] ] ] } },
{ "type": "Feature", "properties": { "id": "PIANIFICAZIONE.SIT.PGRA_ITC_FLUVIAL.12121", "decreto": "DCIP_026_2021", "name": "Regionale Liguria", "euuomcode": "ITR071", "data": "2021-12-20T00:00:00", "ambito": "10k", "pericolo": 1, "st_area_sh": 97634.121922499995, "st_length_": 3056.34677147 }, "geometry": { "type": "Polygon", "coordinates": [ [ [ 8.970245, 44.448735 ], [ 8.970356, 44.448675 ], [ 8.970668, 44.448444 ], [ 8.97091, 44.448249 ], [ 8.971036, 44.448349 ], [ 8.971291, 44.448575 ], [ 8.971766, 44.448965 ], [ 8.971952, 44.449108 ], [ 8.972253, 44.449368 ], [ 8.972321, 44.449417 ], [ 8.97248, 44.449348 ], [ 8.972928, 44.449751 ], [ 8.973258, 44.450028 ], [ 8.9745, 44.450929 ], [ 8.974852, 44.45122 ], [ 8.975377, 44.451576 ], [ 8.975854, 44.451862 ], [ 8.976784, 44.452369 ], [ 8.977058, 44.452502 ], [ 8.977677, 44.452764 ], [ 8.977988, 44.452893 ], [ 8.978815, 44.453151 ], [ 8.979408, 44.453353 ], [ 8.979619, 44.453413 ], [ 8.979707, 44.453453 ], [ 8.979796, 44.453509 ], [ 8.979882, 44.453634 ], [ 8.980371, 44.45353 ], [ 8.980462, 44.453541 ], [ 8.980853, 44.453636 ], [ 8.981154, 44.453694 ], [ 8.983687, 44.454274 ], [ 8.984177, 44.454356 ], [ 8.984319, 44.45437 ], [ 8.984343, 44.454492 ], [ 8.98448, 44.454635 ], [ 8.984068, 44.454596 ], [ 8.983893, 44.454644 ], [ 8.983806, 44.454699 ], [ 8.983593, 44.454684 ], [ 8.983565, 44.454759 ], [ 8.983537, 44.454905 ], [ 8.983092, 44.454909 ], [ 8.982795, 44.454901 ], [ 8.981996, 44.454854 ], [ 8.981512, 44.45479 ], [ 8.981113, 44.454752 ], [ 8.980984, 44.454771 ], [ 8.97993, 44.454665 ], [ 8.979599, 44.454624 ], [ 8.979429, 44.454624 ], [ 8.979627, 44.454155 ], [ 8.979156, 44.454036 ], [ 8.978652, 44.453827 ], [ 8.978237, 44.453637 ], [ 8.978158, 44.453588 ], [ 8.977944, 44.453476 ], [ 8.977754, 44.453347 ], [ 8.977558, 44.453234 ], [ 8.977273, 44.453083 ], [ 8.977217, 44.453132 ], [ 8.977143, 44.453091 ], [ 8.977114, 44.453091 ], [ 8.977092, 44.453111 ], [ 8.976957, 44.453084 ], [ 8.97663, 44.452999 ], [ 8.976573, 44.453013 ], [ 8.976553, 44.45294 ], [ 8.976465, 44.452822 ], [ 8.976307, 44.452664 ], [ 8.97618, 44.452506 ], [ 8.976029, 44.452415 ], [ 8.975543, 44.452202 ], [ 8.97499, 44.451911 ], [ 8.973923, 44.451277 ], [ 8.973813, 44.45125 ], [ 8.9735, 44.451122 ], [ 8.972717, 44.450928 ], [ 8.972541, 44.451071 ], [ 8.972385, 44.451213 ], [ 8.972082, 44.451415 ], [ 8.972322, 44.451191 ], [ 8.972416, 44.451063 ], [ 8.972448, 44.450959 ], [ 8.972136, 44.450661 ], [ 8.971997, 44.450376 ], [ 8.971984, 44.449787 ], [ 8.971915, 44.449629 ], [ 8.971681, 44.449428 ], [ 8.971424, 44.449297 ], [ 8.970744, 44.448993 ], [ 8.970245, 44.448735 ] ] ] } },
{ "type": "Feature", "properties": { "id": "PIANIFICAZIONE.SIT.PGRA_ITC_FLUVIAL.19001", "decreto": "DCIP_026_2021", "name": "Regionale Liguria", "euuomcode": "ITR071", "data": "2021-12-20T00:00:00", "ambito": "10k", "pericolo": 3, "st_area_sh": 669.044343, "st_length_": 399.27111023499998 }, "geometry": { "type": "Polygon", "coordinates": [ [ [ 8.975987, 44.454242 ], [ 8.976068, 44.454046 ], [ 8.976132, 44.453992 ], [ 8.976367, 44.453879 ], [ 8.976463, 44.453823 ], [ 8.976549, 44.453761 ], [ 8.976675, 44.453718 ], [ 8.976727, 44.453717 ], [ 8.976773, 44.453704 ], [ 8.976794, 44.453733 ], [ 8.976564, 44.453798 ], [ 8.976341, 44.453944 ], [ 8.97611, 44.454037 ], [ 8.976061, 44.4541 ], [ 8.976033, 44.45424 ], [ 8.975775, 44.454421 ], [ 8.975568, 44.454437 ], [ 8.975398, 44.454508 ], [ 8.975153, 44.45458 ], [ 8.974963, 44.454588 ], [ 8.974829, 44.454616 ], [ 8.974818, 44.454588 ], [ 8.974941, 44.454567 ], [ 8.975068, 44.454557 ], [ 8.975282, 44.4545 ], [ 8.975541, 44.454409 ], [ 8.975767, 44.454395 ], [ 8.975987, 44.454242 ] ] ] } },
{ "type": "Feature", "properties": { "id": "PIANIFICAZIONE.SIT.PGRA_ITC_FLUVIAL.20950", "decreto": "DCIP_026_2021", "name": "Regionale Liguria", "euuomcode": "ITR071", "data": "2021-12-20T00:00:00", "ambito": "10k", "pericolo": 3, "st_area_sh": 45550.6724, "st_length_": 1653.32103037 }, "geometry": { "type": "Polygon", "coordinates": [ [ [ 8.972501, 44.44937 ], [ 8.973061, 44.449034 ], [ 8.97311, 44.449067 ], [ 8.973542, 44.449434 ], [ 8.973859, 44.449678 ], [ 8.974992, 44.450534 ], [ 8.975701, 44.451057 ], [ 8.976272, 44.451424 ], [ 8.976815, 44.451734 ], [ 8.97742, 44.452033 ], [ 8.977771, 44.452189 ], [ 8.978144, 44.452343 ], [ 8.978621, 44.452527 ], [ 8.978909, 44.452632 ], [ 8.980055, 44.452957 ], [ 8.980314, 44.453023 ], [ 8.980368, 44.453047 ], [ 8.980393, 44.453093 ], [ 8.980385, 44.453128 ], [ 8.980194, 44.453564 ], [ 8.979882, 44.453634 ], [ 8.979796, 44.453509 ], [ 8.979707, 44.453453 ], [ 8.979619, 44.453413 ], [ 8.979408, 44.453353 ], [ 8.978815, 44.453151 ], [ 8.977988, 44.452893 ], [ 8.977058, 44.452502 ], [ 8.976784, 44.452369 ], [ 8.976376, 44.452151 ], [ 8.975854, 44.451862 ], [ 8.975377, 44.451576 ], [ 8.974852, 44.45122 ], [ 8.9745, 44.450929 ], [ 8.973258, 44.450028 ], [ 8.972928, 44.449751 ], [ 8.972501, 44.44937 ] ] ] } },
{ "type": "Feature", "properties": { "id": "PIANIFICAZIONE.SIT.PGRA_ITC_FLUVIAL.23231", "decreto": "DCIP_026_2021", "name": "Regionale Liguria", "euuomcode": "ITR071", "data": "2021-12-20T00:00:00", "ambito": "10k", "pericolo": 3, "st_area_sh": 4195.198, "st_length_": 350.74856894599998 }, "geometry": { "type": "Polygon", "coordinates": [ [ [ 8.976123, 44.453485 ], [ 8.976244, 44.453291 ], [ 8.976425, 44.453074 ], [ 8.976888, 44.453287 ], [ 8.977114, 44.453091 ], [ 8.977143, 44.453091 ], [ 8.977459, 44.453283 ], [ 8.977521, 44.45335 ], [ 8.977414, 44.453509 ], [ 8.977401, 44.453713 ], [ 8.977264, 44.453656 ], [ 8.977209, 44.453669 ], [ 8.977192, 44.45361 ], [ 8.977216, 44.453588 ], [ 8.977156, 44.45353 ], [ 8.97708, 44.45357 ], [ 8.976926, 44.453438 ], [ 8.976894, 44.453421 ], [ 8.976707, 44.453551 ], [ 8.976663, 44.453529 ], [ 8.976556, 44.453618 ], [ 8.976123, 44.453485 ] ] ] } },
{ "type": "Feature", "properties": { "id": "PIANIFICAZIONE.SIT.PGRA_ITC_FLUVIAL.31436", "decreto": "DCIP_026_2021", "name": "Regionale Liguria", "euuomcode": "ITR071", "data": "2021-12-20T00:00:00", "ambito": "10k", "pericolo": 3, "st_area_sh": 24732.04015, "st_length_": 1044.30694834 }, "geometry": { "type": "Polygon", "coordinates": [ [ [ 8.980462, 44.453541 ], [ 8.980636, 44.453173 ], [ 8.980984, 44.453178 ], [ 8.981108, 44.453196 ], [ 8.982307, 44.45347 ], [ 8.984074, 44.453857 ], [ 8.984677, 44.453918 ], [ 8.985, 44.453944 ], [ 8.985415, 44.453944 ], [ 8.985784, 44.453929 ], [ 8.986261, 44.453881 ], [ 8.986434, 44.454325 ], [ 8.986025, 44.454379 ], [ 8.985543, 44.454419 ], [ 8.984961, 44.454419 ], [ 8.984177, 44.454356 ], [ 8.983687, 44.454274 ], [ 8.981154, 44.453694 ], [ 8.980853, 44.453636 ], [ 8.980462, 44.453541 ] ] ] } },
{ "type": "Feature", "properties": { "id": "PIANIFICAZIONE.SIT.PGRA_ITC_FLUVIAL.34282", "decreto": "DCIP_026_2021", "name": "Regionale Liguria", "euuomcode": "ITR071", "data": "2021-12-20T00:00:00", "ambito": "10k", "pericolo": 2, "st_area_sh": 7569.6417, "st_length_": 1101.2790840099999 }, "geometry": { "type": "Polygon", "coordinates": [ [ [ 8.969026, 44.44662 ], [ 8.969032, 44.446637 ], [ 8.970171, 44.447506 ], [ 8.970537, 44.447774 ], [ 8.971042, 44.448171 ], [ 8.971934, 44.448922 ], [ 8.972423, 44.449319 ], [ 8.97248, 44.449348 ], [ 8.972321, 44.449417 ], [ 8.972253, 44.449368 ], [ 8.971952, 44.449108 ], [ 8.971766, 44.448965 ], [ 8.971291, 44.448575 ], [ 8.971036, 44.448349 ], [ 8.970431, 44.447869 ], [ 8.96928, 44.447017 ], [ 8.969029, 44.446812 ], [ 8.968503, 44.446437 ], [ 8.968446, 44.446369 ], [ 8.968425, 44.446277 ], [ 8.968427, 44.446165 ], [ 8.968694, 44.446371 ], [ 8.968783, 44.446451 ], [ 8.968871, 44.446498 ], [ 8.968894, 44.446492 ], [ 8.969453, 44.446115 ], [ 8.969608, 44.44623 ], [ 8.969026, 44.44662 ] ] ] } },
{ "type": "Feature", "properties": { "id": "PIANIFICAZIONE.SIT.PGRA_ITC_FLUVIAL.37446", "decreto": "DCIP_026_2021", "name": "Regionale Liguria", "euuomcode": "ITR071", "data": "2021-12-20T00:00:00", "ambito": "10k", "pericolo": 1, "st_area_sh": 37554.755869000001, "st_length_": 919.836786878 }, "geometry": { "type": "Polygon", "coordinates": [ [ [ 8.977856, 44.45547 ], [ 8.977538, 44.455566 ], [ 8.977037, 44.45505 ], [ 8.977223, 44.45497 ], [ 8.977167, 44.454937 ], [ 8.977009, 44.455001 ], [ 8.976937, 44.455019 ], [ 8.976672, 44.454949 ], [ 8.976313, 44.454317 ], [ 8.976381, 44.454094 ], [ 8.976302, 44.453957 ], [ 8.976341, 44.453944 ], [ 8.97654, 44.453814 ], [ 8.97655, 44.453886 ], [ 8.976667, 44.454101 ], [ 8.976801, 44.454257 ], [ 8.977117, 44.454157 ], [ 8.977468, 44.45406 ], [ 8.977566, 44.453963 ], [ 8.977546, 44.453856 ], [ 8.977944, 44.453476 ], [ 8.978158, 44.453588 ], [ 8.978237, 44.453637 ], [ 8.978652, 44.453827 ], [ 8.979156, 44.454036 ], [ 8.979627, 44.454155 ], [ 8.979349, 44.454814 ], [ 8.979156, 44.455216 ], [ 8.978887, 44.45562 ], [ 8.97863, 44.455543 ], [ 8.978313, 44.455519 ], [ 8.978178, 44.455564 ], [ 8.978074, 44.455415 ], [ 8.977856, 44.45547 ] ] ] } },
{ "type": "Feature", "properties": { "id": "PIANIFICAZIONE.SIT.PGRA_ITC_FLUVIAL.41560", "decreto": "DCIP_026_2021", "name": "Regionale Liguria", "euuomcode": "ITR071", "data": "2021-12-20T00:00:00", "ambito": "10k", "pericolo": 1, "st_area_sh": 433.0599, "st_length_": 106.773024664 }, "geometry": { "type": "Polygon", "coordinates": [ [ [ 8.975981, 44.454276 ], [ 8.976033, 44.45424 ], [ 8.976061, 44.4541 ], [ 8.97611, 44.454037 ], [ 8.976302, 44.453957 ], [ 8.976381, 44.454094 ], [ 8.976376, 44.454109 ], [ 8.976321, 44.45411 ], [ 8.976258, 44.454141 ], [ 8.976132, 44.454178 ], [ 8.976003, 44.4543 ], [ 8.975981, 44.454276 ] ] ] } },
{ "type": "Feature", "properties": { "id": "PIANIFICAZIONE.SIT.PGRA_ITC_FLUVIAL.46191", "decreto": "DCIP_026_2021", "name": "Regionale Liguria", "euuomcode": "ITR071", "data": "2021-12-20T00:00:00", "ambito": "10k", "pericolo": 3, "st_area_sh": 25661.27885, "st_length_": 944.84648136600003 }, "geometry": { "type": "Polygon", "coordinates": [ [ [ 8.969026, 44.44662 ], [ 8.969608, 44.44623 ], [ 8.969637, 44.44623 ], [ 8.969737, 44.446296 ], [ 8.970242, 44.446682 ], [ 8.972457, 44.448513 ], [ 8.972877, 44.448882 ], [ 8.973043, 44.449016 ], [ 8.97248, 44.449348 ], [ 8.972423, 44.449319 ], [ 8.971934, 44.448922 ], [ 8.971042, 44.448171 ], [ 8.970537, 44.447774 ], [ 8.970171, 44.447506 ], [ 8.969032, 44.446637 ], [ 8.969026, 44.44662 ] ] ] } },
{ "type": "Feature", "properties": { "id": "PIANIFICAZIONE.SIT.PGRA_ITC_FLUVIAL.51679", "decreto": "DCIP_026_2021", "name": "Regionale Liguria", "euuomcode": "ITR071", "data": "2021-12-20T00:00:00", "ambito": "10k", "pericolo": 3, "st_area_sh": 3880.7167, "st_length_": 256.902360133 }, "geometry": { "type": "Polygon", "coordinates": [ [ [ 8.991847, 44.4524 ], [ 8.992145, 44.452127 ], [ 8.99221, 44.452011 ], [ 8.992412, 44.452046 ], [ 8.992569, 44.452087 ], [ 8.992712, 44.452149 ], [ 8.992779, 44.452248 ], [ 8.992851, 44.452405 ], [ 8.99265, 44.452504 ], [ 8.99265, 44.452767 ], [ 8.992588, 44.452815 ], [ 8.992474, 44.45276 ], [ 8.992278, 44.452651 ], [ 8.992112, 44.452542 ], [ 8.991847, 44.4524 ] ] ] } },
{ "type": "Feature", "properties": { "id": "PIANIFICAZIONE.SIT.PGRA_ITC_FLUVIAL.52256", "decreto": "DCIP_026_2021", "name": "Regionale Liguria", "euuomcode": "ITR071", "data": "2021-12-20T00:00:00", "ambito": "10k", "pericolo": 3, "st_area_sh": 33776.3076, "st_length_": 1351.69214822 }, "geometry": { "type": "Polygon", "coordinates": [ [ [ 8.991559, 44.451857 ], [ 8.991611, 44.451762 ], [ 8.99165, 44.45164 ], [ 8.991664, 44.451499 ], [ 8.991648, 44.451367 ], [ 8.991595, 44.451201 ], [ 8.991548, 44.450996 ], [ 8.991536, 44.450845 ], [ 8.99157, 44.450665 ], [ 8.991651, 44.45045 ], [ 8.991768, 44.450247 ], [ 8.992004, 44.450031 ], [ 8.992129, 44.449938 ], [ 8.992947, 44.449479 ], [ 8.993328, 44.449284 ], [ 8.993871, 44.449082 ], [ 8.996732, 44.448328 ], [ 8.996792, 44.448343 ], [ 8.997056, 44.448737 ], [ 8.997038, 44.448772 ], [ 8.996679, 44.448873 ], [ 8.995754, 44.449108 ], [ 8.994132, 44.449539 ], [ 8.993754, 44.449673 ], [ 8.99352, 44.449774 ], [ 8.992622, 44.450263 ], [ 8.992441, 44.450388 ], [ 8.992352, 44.450488 ], [ 8.992288, 44.450578 ], [ 8.992229, 44.450751 ], [ 8.992218, 44.450867 ], [ 8.992238, 44.45103 ], [ 8.992374, 44.451495 ], [ 8.992357, 44.451666 ], [ 8.992304, 44.451855 ], [ 8.99223, 44.45199 ], [ 8.99221, 44.452011 ], [ 8.991566, 44.45187 ], [ 8.991559, 44.451857 ] ] ] } },
{ "type": "Feature", "properties": { "id": "PIANIFICAZIONE.SIT.PGRA_ITC_FLUVIAL.6775", "decreto": "DCIP_026_2021", "name": "Regionale Liguria", "euuomcode": "ITR071", "data": "2021-12-20T00:00:00", "ambito": "10k", "pericolo": 1, "st_area_sh": 3678.9654, "st_length_": 406.857736751 }, "geometry": { "type": "Polygon", "coordinates": [ [ [ 9.008378, 44.454121 ], [ 9.008488, 44.454052 ], [ 9.00854, 44.454049 ], [ 9.008639, 44.454114 ], [ 9.008725, 44.454114 ], [ 9.00896, 44.454026 ], [ 9.008943, 44.453926 ], [ 9.008818, 44.45378 ], [ 9.008804, 44.453601 ], [ 9.008826, 44.45361 ], [ 9.008897, 44.453679 ], [ 9.0091, 44.453999 ], [ 9.009181, 44.454112 ], [ 9.009227, 44.454246 ], [ 9.009288, 44.454334 ], [ 9.009339, 44.454356 ], [ 9.009435, 44.454483 ], [ 9.009581, 44.454771 ], [ 9.009495, 44.45482 ], [ 9.009273, 44.454541 ], [ 9.009046, 44.454633 ], [ 9.008857, 44.454531 ], [ 9.008674, 44.454354 ], [ 9.008518, 44.454139 ], [ 9.008492, 44.454087 ], [ 9.008388, 44.454155 ], [ 9.008378, 44.454121 ] ] ] } },
{ "type": "Feature", "properties": { "id": "PIANIFICAZIONE.SIT.PGRA_ITC_FLUVIAL.8642", "decreto": "DCIP_026_2021", "name": "Regionale Liguria", "euuomcode": "ITR071", "data": "2021-12-20T00:00:00", "ambito": "10k", "pericolo": 3, "st_area_sh": 519.69015, "st_length_": 166.11425365900001 }, "geometry": { "type": "Polygon", "coordinates": [ [ [ 9.02815, 44.450866 ], [ 9.028215, 44.450947 ], [ 9.028332, 44.451161 ], [ 9.028645, 44.45111 ], [ 9.028766, 44.45106 ], [ 9.028645, 44.451159 ], [ 9.028489, 44.451249 ], [ 9.02836, 44.451291 ], [ 9.028283, 44.451249 ], [ 9.028221, 44.451128 ], [ 9.02815, 44.450866 ] ] ] } },
{ "type": "Feature", "properties": { "id": "PIANIFICAZIONE.SIT.PGRA_ITC_FLUVIAL.10196", "decreto": "DCIP_026_2021", "name": "Regionale Liguria", "euuomcode": "ITR071", "data": "2021-12-20T00:00:00", "ambito": "10k", "pericolo": 1, "st_area_sh": 1559.27625, "st_length_": 206.254889792 }, "geometry": { "type": "Polygon", "coordinates": [ [ [ 9.032051, 44.451497 ], [ 9.03205, 44.451415 ], [ 9.032084, 44.451391 ], [ 9.032223, 44.451414 ], [ 9.032352, 44.451453 ], [ 9.032447, 44.451453 ], [ 9.032488, 44.451475 ], [ 9.03266, 44.451467 ], [ 9.032723, 44.451444 ], [ 9.032803, 44.451402 ], [ 9.032893, 44.451323 ], [ 9.033095, 44.451371 ], [ 9.032893, 44.451535 ], [ 9.032653, 44.451646 ], [ 9.032395, 44.451641 ], [ 9.032146, 44.451626 ], [ 9.032051, 44.451497 ] ] ] } },
{ "type": "Feature", "properties": { "id": "PIANIFICAZIONE.SIT.PGRA_ITC_FLUVIAL.10374", "decreto": "DCIP_026_2021", "name": "Regionale Liguria", "euuomcode": "ITR071", "data": "2021-12-20T00:00:00", "ambito": "10k", "pericolo": 3, "st_area_sh": 341.9713, "st_length_": 118.197108786 }, "geometry": { "type": "Polygon", "coordinates": [ [ [ 9.008701, 44.454551 ], [ 9.008837, 44.454718 ], [ 9.00913, 44.45495 ], [ 9.008869, 44.454861 ], [ 9.008779, 44.454803 ], [ 9.008728, 44.454738 ], [ 9.008699, 44.45465 ], [ 9.008701, 44.454551 ] ] ] } },
{ "type": "Feature", "properties": { "id": "PIANIFICAZIONE.SIT.PGRA_ITC_FLUVIAL.11348", "decreto": "DCIP_026_2021", "name": "Regionale Liguria", "euuomcode": "ITR071", "data": "2021-12-20T00:00:00", "ambito": "10k", "pericolo": 3, "st_area_sh": 1318.54665, "st_length_": 319.64628535000003 }, "geometry": { "type": "Polygon", "coordinates": [ [ [ 9.033471, 44.451272 ], [ 9.033553, 44.450641 ], [ 9.033757, 44.450679 ], [ 9.033755, 44.450749 ], [ 9.033722, 44.450796 ], [ 9.033704, 44.450868 ], [ 9.033711, 44.450954 ], [ 9.033701, 44.45102 ], [ 9.033684, 44.451042 ], [ 9.033662, 44.451176 ], [ 9.033709, 44.451311 ], [ 9.034144, 44.451426 ], [ 9.034221, 44.451438 ], [ 9.034437, 44.45137 ], [ 9.034526, 44.451353 ], [ 9.034311, 44.451439 ], [ 9.03421, 44.451469 ], [ 9.034144, 44.451464 ], [ 9.033471, 44.451272 ] ] ] } },
{ "type": "Feature", "properties": { "id": "PIANIFICAZIONE.SIT.PGRA_ITC_FLUVIAL.12469", "decreto": "DCIP_026_2021", "name": "Regionale Liguria", "euuomcode": "ITR071", "data": "2021-12-20T00:00:00", "ambito": "10k", "pericolo": 2, "st_area_sh": 1216.07785, "st_length_": 294.67215832599999 }, "geometry": { "type": "Polygon", "coordinates": [ [ [ 9.027798, 44.450295 ], [ 9.028077, 44.450611 ], [ 9.028252, 44.450833 ], [ 9.028237, 44.450844 ], [ 9.02832, 44.450917 ], [ 9.028608, 44.450985 ], [ 9.02867, 44.451007 ], [ 9.028734, 44.450974 ], [ 9.028768, 44.450991 ], [ 9.028918, 44.450938 ], [ 9.028766, 44.45106 ], [ 9.028645, 44.45111 ], [ 9.028332, 44.451161 ], [ 9.028215, 44.450947 ], [ 9.02815, 44.450866 ], [ 9.027932, 44.450527 ], [ 9.027798, 44.450295 ] ] ] } },
{ "type": "Feature", "properties": { "id": "PIANIFICAZIONE.SIT.PGRA_ITC_FLUVIAL.14265", "decreto": "DCIP_026_2021", "name": "Regionale Liguria", "euuomcode": "ITR071", "data": "2021-12-20T00:00:00", "ambito": "10k", "pericolo": 2, "st_area_sh": 873.9115, "st_length_": 287.79374162900001 }, "geometry": { "type": "Polygon", "coordinates": [ [ [ 9.033662, 44.451176 ], [ 9.033684, 44.451042 ], [ 9.033701, 44.45102 ], [ 9.033711, 44.450954 ], [ 9.033704, 44.450868 ], [ 9.033722, 44.450796 ], [ 9.033755, 44.450749 ], [ 9.033793, 44.450836 ], [ 9.033771, 44.450896 ], [ 9.033773, 44.450941 ], [ 9.033819, 44.450943 ], [ 9.033799, 44.451007 ], [ 9.033724, 44.451019 ], [ 9.033715, 44.451102 ], [ 9.033724, 44.451205 ], [ 9.033766, 44.451259 ], [ 9.034059, 44.451339 ], [ 9.03416, 44.451348 ], [ 9.034246, 44.451342 ], [ 9.034465, 44.451271 ], [ 9.034553, 44.451285 ], [ 9.034658, 44.451283 ], [ 9.034526, 44.451353 ], [ 9.034437, 44.45137 ], [ 9.034221, 44.451438 ], [ 9.034144, 44.451426 ], [ 9.033709, 44.451311 ], [ 9.033662, 44.451176 ] ] ] } },
{ "type": "Feature", "properties": { "id": "PIANIFICAZIONE.SIT.PGRA_ITC_FLUVIAL.16656", "decreto": "DCIP_026_2021", "name": "Regionale Liguria", "euuomcode": "ITR071", "data": "2021-12-20T00:00:00", "ambito": "10k", "pericolo": 2, "st_area_sh": 795.48805, "st_length_": 222.15531321500001 }, "geometry": { "type": "Polygon", "coordinates": [ [ [ 9.029613, 44.450347 ], [ 9.029767, 44.45026 ], [ 9.030164, 44.450146 ], [ 9.030424, 44.450119 ], [ 9.03061, 44.450206 ], [ 9.030366, 44.450206 ], [ 9.030101, 44.450237 ], [ 9.029878, 44.450317 ], [ 9.029757, 44.450391 ], [ 9.029754, 44.450407 ], [ 9.029916, 44.450557 ], [ 9.029873, 44.450583 ], [ 9.029613, 44.450347 ] ] ] } },
{ "type": "Feature", "properties": { "id": "PIANIFICAZIONE.SIT.PGRA_ITC_FLUVIAL.22801", "decreto": "DCIP_026_2021", "name": "Regionale Liguria", "euuomcode": "ITR071", "data": "2021-12-20T00:00:00", "ambito": "10k", "pericolo": 1, "st_area_sh": 2285.90225, "st_length_": 573.25616027499996 }, "geometry": { "type": "Polygon", "coordinates": [ [ [ 9.02685, 44.449556 ], [ 9.026878, 44.449437 ], [ 9.026994, 44.449466 ], [ 9.027087, 44.4495 ], [ 9.027493, 44.449798 ], [ 9.027665, 44.449965 ], [ 9.027825, 44.45015 ], [ 9.028123, 44.45054 ], [ 9.028418, 44.450875 ], [ 9.028584, 44.45093 ], [ 9.028667, 44.450934 ], [ 9.028703, 44.450919 ], [ 9.028838, 44.450923 ], [ 9.029234, 44.450745 ], [ 9.028918, 44.450938 ], [ 9.028768, 44.450991 ], [ 9.028734, 44.450974 ], [ 9.02867, 44.451007 ], [ 9.028608, 44.450985 ], [ 9.02832, 44.450917 ], [ 9.028237, 44.450844 ], [ 9.028252, 44.450833 ], [ 9.028077, 44.450611 ], [ 9.027477, 44.449932 ], [ 9.027215, 44.449714 ], [ 9.027031, 44.449592 ], [ 9.026907, 44.449556 ], [ 9.02685, 44.449556 ] ] ] } },
{ "type": "Feature", "properties": { "id": "PIANIFICAZIONE.SIT.PGRA_ITC_FLUVIAL.24815", "decreto": "DCIP_026_2021", "name": "Regionale Liguria", "euuomcode": "ITR071", "data": "2021-12-20T00:00:00", "ambito": "10k", "pericolo": 2, "st_area_sh": 794.0446, "st_length_": 176.97448054399999 }, "geometry": { "type": "Polygon", "coordinates": [ [ [ 9.028632, 44.451383 ], [ 9.02899, 44.451228 ], [ 9.029218, 44.451091 ], [ 9.029285, 44.450973 ], [ 9.029364, 44.450897 ], [ 9.029419, 44.450972 ], [ 9.029276, 44.451229 ], [ 9.028992, 44.45135 ], [ 9.028632, 44.451383 ] ] ] } },
{ "type": "Feature", "properties": { "id": "PIANIFICAZIONE.SIT.PGRA_ITC_FLUVIAL.26359", "decreto": "DCIP_026_2021", "name": "Regionale Liguria", "euuomcode": "ITR071", "data": "2021-12-20T00:00:00", "ambito": "10k", "pericolo": 1, "st_area_sh": 574.0431, "st_length_": 133.307136754 }, "geometry": { "type": "Polygon", "coordinates": [ [ [ 9.033715, 44.451102 ], [ 9.033724, 44.451019 ], [ 9.033799, 44.451007 ], [ 9.033858, 44.45117 ], [ 9.033962, 44.451199 ], [ 9.033961, 44.451231 ], [ 9.034003, 44.451229 ], [ 9.03416, 44.451245 ], [ 9.034246, 44.451342 ], [ 9.03416, 44.451348 ], [ 9.034059, 44.451339 ], [ 9.033766, 44.451259 ], [ 9.033724, 44.451205 ], [ 9.033715, 44.451102 ] ] ] } },
{ "type": "Feature", "properties": { "id": "PIANIFICAZIONE.SIT.PGRA_ITC_FLUVIAL.26910", "decreto": "DCIP_026_2021", "name": "Regionale Liguria", "euuomcode": "ITR071", "data": "2021-12-20T00:00:00", "ambito": "10k", "pericolo": 3, "st_area_sh": 1176.15365, "st_length_": 194.53091843499999 }, "geometry": { "type": "Polygon", "coordinates": [ [ [ 9.034116, 44.451554 ], [ 9.034144, 44.451464 ], [ 9.03421, 44.451469 ], [ 9.034311, 44.451439 ], [ 9.034526, 44.451353 ], [ 9.034658, 44.451283 ], [ 9.034833, 44.451281 ], [ 9.034995, 44.451293 ], [ 9.035082, 44.45131 ], [ 9.03518, 44.451371 ], [ 9.035082, 44.451446 ], [ 9.035021, 44.451425 ], [ 9.034938, 44.451411 ], [ 9.034812, 44.451407 ], [ 9.034625, 44.451456 ], [ 9.034369, 44.451561 ], [ 9.034244, 44.451567 ], [ 9.034116, 44.451554 ] ] ] } },
{ "type": "Feature", "properties": { "id": "PIANIFICAZIONE.SIT.PGRA_ITC_FLUVIAL.28778", "decreto": "DCIP_026_2021", "name": "Regionale Liguria", "euuomcode": "ITR071", "data": "2021-12-20T00:00:00", "ambito": "10k", "pericolo": 3, "st_area_sh": 1061.8709, "st_length_": 137.066273892 }, "geometry": { "type": "Polygon", "coordinates": [ [ [ 9.029364, 44.450897 ], [ 9.029566, 44.450704 ], [ 9.029873, 44.450583 ], [ 9.02992, 44.450602 ], [ 9.029973, 44.450717 ], [ 9.029801, 44.450845 ], [ 9.029707, 44.450901 ], [ 9.029508, 44.450981 ], [ 9.029455, 44.450987 ], [ 9.029419, 44.450972 ], [ 9.029364, 44.450897 ] ] ] } },
{ "type": "Feature", "properties": { "id": "PIANIFICAZIONE.SIT.PGRA_ITC_FLUVIAL.29346", "decreto": "DCIP_026_2021", "name": "Regionale Liguria", "euuomcode": "ITR071", "data": "2021-12-20T00:00:00", "ambito": "10k", "pericolo": 2, "st_area_sh": 1074.64135, "st_length_": 195.04589495600001 }, "geometry": { "type": "Polygon", "coordinates": [ [ [ 9.008857, 44.454531 ], [ 9.009046, 44.454633 ], [ 9.009273, 44.454541 ], [ 9.009495, 44.45482 ], [ 9.009411, 44.454871 ], [ 9.009419, 44.454933 ], [ 9.009495, 44.455008 ], [ 9.009537, 44.455098 ], [ 9.009238, 44.454878 ], [ 9.009195, 44.454855 ], [ 9.008939, 44.454623 ], [ 9.008857, 44.454531 ] ] ] } },
{ "type": "Feature", "properties": { "id": "PIANIFICAZIONE.SIT.PGRA_ITC_FLUVIAL.30213", "decreto": "DCIP_026_2021", "name": "Regionale Liguria", "euuomcode": "ITR071", "data": "2021-12-20T00:00:00", "ambito": "10k", "pericolo": 2, "st_area_sh": 382.78815, "st_length_": 90.809185982200006 }, "geometry": { "type": "Polygon", "coordinates": [ [ [ 9.033552, 44.450583 ], [ 9.033789, 44.450311 ], [ 9.033823, 44.450436 ], [ 9.033797, 44.450623 ], [ 9.033552, 44.450583 ] ] ] } },
{ "type": "Feature", "properties": { "id": "PIANIFICAZIONE.SIT.PGRA_ITC_FLUVIAL.37639", "decreto": "DCIP_026_2021", "name": "Regionale Liguria", "euuomcode": "ITR071", "data": "2021-12-20T00:00:00", "ambito": "10k", "pericolo": 2, "st_area_sh": 1167.26005, "st_length_": 258.94842642700002 }, "geometry": { "type": "Polygon", "coordinates": [ [ [ 9.008388, 44.454155 ], [ 9.008494, 44.4543 ], [ 9.008701, 44.454551 ], [ 9.008699, 44.45465 ], [ 9.008728, 44.454738 ], [ 9.008779, 44.454803 ], [ 9.008869, 44.454861 ], [ 9.00913, 44.45495 ], [ 9.009236, 44.455054 ], [ 9.009151, 44.455024 ], [ 9.00902, 44.454995 ], [ 9.008784, 44.454924 ], [ 9.008604, 44.454757 ], [ 9.008431, 44.454466 ], [ 9.008393, 44.454289 ], [ 9.008388, 44.454155 ] ] ] } },
{ "type": "Feature", "properties": { "id": "PIANIFICAZIONE.SIT.PGRA_ITC_FLUVIAL.37934", "decreto": "DCIP_026_2021", "name": "Regionale Liguria", "euuomcode": "ITR071", "data": "2021-12-20T00:00:00", "ambito": "10k", "pericolo": 2, "st_area_sh": 617.78015, "st_length_": 175.42107278500001 }, "geometry": { "type": "Polygon", "coordinates": [ [ [ 9.032051, 44.451497 ], [ 9.032146, 44.451626 ], [ 9.032395, 44.451641 ], [ 9.032653, 44.451646 ], [ 9.032893, 44.451535 ], [ 9.032728, 44.451732 ], [ 9.032655, 44.451769 ], [ 9.032551, 44.451772 ], [ 9.032128, 44.451652 ], [ 9.03208, 44.451607 ], [ 9.032051, 44.451497 ] ] ] } },
{ "type": "Feature", "properties": { "id": "PIANIFICAZIONE.SIT.PGRA_ITC_FLUVIAL.43945", "decreto": "DCIP_026_2021", "name": "Regionale Liguria", "euuomcode": "ITR071", "data": "2021-12-20T00:00:00", "ambito": "10k", "pericolo": 1, "st_area_sh": 571.22865, "st_length_": 247.79588233600001 }, "geometry": { "type": "Polygon", "coordinates": [ [ [ 9.030424, 44.450119 ], [ 9.030731, 44.450138 ], [ 9.031007, 44.450237 ], [ 9.03123, 44.450438 ], [ 9.031538, 44.450809 ], [ 9.031198, 44.450464 ], [ 9.031155, 44.450427 ], [ 9.031113, 44.45042 ], [ 9.031073, 44.450392 ], [ 9.031029, 44.450347 ], [ 9.031016, 44.450318 ], [ 9.030763, 44.450229 ], [ 9.03061, 44.450206 ], [ 9.030424, 44.450119 ] ] ] } },
{ "type": "Feature", "properties": { "id": "PIANIFICAZIONE.SIT.PGRA_ITC_FLUVIAL.45278", "decreto": "DCIP_026_2021", "name": "Regionale Liguria", "euuomcode": "ITR071", "data": "2021-12-20T00:00:00", "ambito": "10k", "pericolo": 1, "st_area_sh": 925.9051, "st_length_": 168.402643383 }, "geometry": { "type": "Polygon", "coordinates": [ [ [ 9.033789, 44.450311 ], [ 9.033958, 44.450105 ], [ 9.034179, 44.449963 ], [ 9.034022, 44.450379 ], [ 9.033914, 44.450567 ], [ 9.033862, 44.450619 ], [ 9.033828, 44.45063 ], [ 9.033797, 44.450623 ], [ 9.033823, 44.450436 ], [ 9.033789, 44.450311 ] ] ] } },
{ "type": "Feature", "properties": { "id": "PIANIFICAZIONE.SIT.PGRA_ITC_FLUVIAL.45864", "decreto": "DCIP_026_2021", "name": "Regionale Liguria", "euuomcode": "ITR071", "data": "2021-12-20T00:00:00", "ambito": "10k", "pericolo": 2, "st_area_sh": 611.0322, "st_length_": 172.221688505 }, "geometry": { "type": "Polygon", "coordinates": [ [ [ 9.033316, 44.451789 ], [ 9.033483, 44.451657 ], [ 9.033534, 44.451561 ], [ 9.033602, 44.451507 ], [ 9.033666, 44.451488 ], [ 9.033903, 44.451531 ], [ 9.03406, 44.451545 ], [ 9.034095, 44.451452 ], [ 9.034144, 44.451464 ], [ 9.034116, 44.451554 ], [ 9.034063, 44.451572 ], [ 9.033866, 44.451576 ], [ 9.033661, 44.45165 ], [ 9.033549, 44.451715 ], [ 9.033316, 44.451789 ] ] ] } },
{ "type": "Feature", "properties": { "id": "PIANIFICAZIONE.SIT.PGRA_ITC_FLUVIAL.46723", "decreto": "DCIP_026_2021", "name": "Regionale Liguria", "euuomcode": "ITR071", "data": "2021-12-20T00:00:00", "ambito": "10k", "pericolo": 3, "st_area_sh": 2642.71055, "st_length_": 453.97528560500001 }, "geometry": { "type": "Polygon", "coordinates": [ [ [ 9.008388, 44.454155 ], [ 9.008492, 44.454087 ], [ 9.008518, 44.454139 ], [ 9.008674, 44.454354 ], [ 9.008857, 44.454531 ], [ 9.008939, 44.454623 ], [ 9.009195, 44.454855 ], [ 9.009238, 44.454878 ], [ 9.009537, 44.455098 ], [ 9.00966, 44.455175 ], [ 9.010174, 44.455594 ], [ 9.010059, 44.455661 ], [ 9.009814, 44.455475 ], [ 9.009366, 44.455161 ], [ 9.009236, 44.455054 ], [ 9.00913, 44.45495 ], [ 9.008837, 44.454718 ], [ 9.008494, 44.4543 ], [ 9.008388, 44.454155 ] ] ] } },
{ "type": "Feature", "properties": { "id": "PIANIFICAZIONE.SIT.PGRA_ITC_FLUVIAL.49009", "decreto": "DCIP_026_2021", "name": "Regionale Liguria", "euuomcode": "ITR071", "data": "2021-12-20T00:00:00", "ambito": "10k", "pericolo": 1, "st_area_sh": 342.7884, "st_length_": 125.709421781 }, "geometry": { "type": "Polygon", "coordinates": [ [ [ 9.028264, 44.451393 ], [ 9.028418, 44.451427 ], [ 9.028535, 44.451427 ], [ 9.028632, 44.451383 ], [ 9.028992, 44.45135 ], [ 9.028617, 44.451485 ], [ 9.028551, 44.45149 ], [ 9.028398, 44.451479 ], [ 9.028325, 44.451452 ], [ 9.028264, 44.451393 ] ] ] } },
{ "type": "Feature", "properties": { "id": "PIANIFICAZIONE.SIT.PGRA_ITC_FLUVIAL.48723", "decreto": "DCIP_026_2021", "name": "Regionale Liguria", "euuomcode": "ITR071", "data": "2021-12-20T00:00:00", "ambito": "10k", "pericolo": 3, "st_area_sh": 8763.82285, "st_length_": 862.994555257 }, "geometry": { "type": "Polygon", "coordinates": [ [ [ 9.026415, 44.449657 ], [ 9.026456, 44.449626 ], [ 9.026616, 44.449551 ], [ 9.026907, 44.449556 ], [ 9.027031, 44.449592 ], [ 9.027215, 44.449714 ], [ 9.027477, 44.449932 ], [ 9.027798, 44.450295 ], [ 9.027932, 44.450527 ], [ 9.02815, 44.450866 ], [ 9.028221, 44.451128 ], [ 9.028283, 44.451249 ], [ 9.02836, 44.451291 ], [ 9.028489, 44.451249 ], [ 9.028645, 44.451159 ], [ 9.028918, 44.450938 ], [ 9.029234, 44.450745 ], [ 9.02971, 44.450433 ], [ 9.029873, 44.450583 ], [ 9.029566, 44.450704 ], [ 9.029285, 44.450973 ], [ 9.029218, 44.451091 ], [ 9.02899, 44.451228 ], [ 9.028535, 44.451427 ], [ 9.028418, 44.451427 ], [ 9.028264, 44.451393 ], [ 9.02819, 44.451324 ], [ 9.027996, 44.451098 ], [ 9.027772, 44.450734 ], [ 9.027368, 44.45015 ], [ 9.027049, 44.449908 ], [ 9.026812, 44.44984 ], [ 9.02668, 44.449836 ], [ 9.026637, 44.449855 ], [ 9.026415, 44.449657 ] ] ] } },
{ "type": "Feature", "properties": { "id": "PIANIFICAZIONE.SIT.PGRA_ITC_FLUVIAL.50331", "decreto": "DCIP_026_2021", "name": "Regionale Liguria", "euuomcode": "ITR071", "data": "2021-12-20T00:00:00", "ambito": "10k", "pericolo": 3, "st_area_sh": 32980.86035, "st_length_": 3332.8575892499998 }, "geometry": { "type": "Polygon", "coordinates": [ [ [ 9.033344, 44.450548 ], [ 9.033393, 44.45035 ], [ 9.033503, 44.450202 ], [ 9.033632, 44.45006 ], [ 9.033703, 44.450004 ], [ 9.033892, 44.449908 ], [ 9.033977, 44.449831 ], [ 9.034109, 44.449738 ], [ 9.034375, 44.44965 ], [ 9.034789, 44.449571 ], [ 9.034976, 44.4495 ], [ 9.035693, 44.449383 ], [ 9.036023, 44.449357 ], [ 9.036285, 44.449382 ], [ 9.036467, 44.449417 ], [ 9.036724, 44.449515 ], [ 9.036989, 44.449832 ], [ 9.037046, 44.449866 ], [ 9.037241, 44.449879 ], [ 9.0374, 44.449877 ], [ 9.037499, 44.449852 ], [ 9.037613, 44.449779 ], [ 9.037714, 44.449593 ], [ 9.037831, 44.44913 ], [ 9.037894, 44.448811 ], [ 9.037949, 44.448695 ], [ 9.038162, 44.448149 ], [ 9.038173, 44.447834 ], [ 9.038155, 44.447714 ], [ 9.038107, 44.447536 ], [ 9.038096, 44.447421 ], [ 9.038104, 44.447158 ], [ 9.03815, 44.447022 ], [ 9.038271, 44.446734 ], [ 9.03839, 44.446494 ], [ 9.038473, 44.446399 ], [ 9.038594, 44.44629 ], [ 9.039036, 44.445767 ], [ 9.039174, 44.445622 ], [ 9.039361, 44.445516 ], [ 9.039663, 44.445439 ], [ 9.039737, 44.445396 ], [ 9.039861, 44.445365 ], [ 9.039962, 44.445352 ], [ 9.040124, 44.445283 ], [ 9.040302, 44.445166 ], [ 9.040641, 44.444776 ], [ 9.040911, 44.444513 ], [ 9.041014, 44.44437 ], [ 9.0411, 44.444272 ], [ 9.041181, 44.444193 ], [ 9.041289, 44.444106 ], [ 9.041421, 44.444049 ], [ 9.041544, 44.444019 ], [ 9.041758, 44.444021 ], [ 9.041903, 44.444004 ], [ 9.042118, 44.443961 ], [ 9.042217, 44.443928 ], [ 9.042292, 44.443866 ], [ 9.042364, 44.443772 ], [ 9.042391, 44.443639 ], [ 9.042137, 44.442922 ], [ 9.042139, 44.442801 ], [ 9.042148, 44.442706 ], [ 9.042188, 44.442563 ], [ 9.042218, 44.442503 ], [ 9.042293, 44.44241 ], [ 9.042399, 44.442301 ], [ 9.04259, 44.442176 ], [ 9.042715, 44.442115 ], [ 9.042935, 44.442047 ], [ 9.04359, 44.44181 ], [ 9.04434, 44.441471 ], [ 9.044408, 44.44136 ], [ 9.04445, 44.441341 ], [ 9.044562, 44.441329 ], [ 9.044837, 44.441251 ], [ 9.044922, 44.441442 ], [ 9.044661, 44.441516 ], [ 9.044391, 44.441636 ], [ 9.044316, 44.441733 ], [ 9.044235, 44.441811 ], [ 9.044092, 44.441878 ], [ 9.04384, 44.44196 ], [ 9.043495, 44.442029 ], [ 9.043263, 44.44209 ], [ 9.043005, 44.442185 ], [ 9.042751, 44.442315 ], [ 9.042539, 44.442488 ], [ 9.042405, 44.442663 ], [ 9.042381, 44.442783 ], [ 9.042409, 44.442935 ], [ 9.042524, 44.443174 ], [ 9.042578, 44.443366 ], [ 9.042598, 44.44363 ], [ 9.042572, 44.443798 ], [ 9.042523, 44.443906 ], [ 9.042443, 44.443983 ], [ 9.042287, 44.444069 ], [ 9.042144, 44.444124 ], [ 9.041828, 44.444176 ], [ 9.04162, 44.44422 ], [ 9.041406, 44.44429 ], [ 9.041263, 44.444405 ], [ 9.041148, 44.444579 ], [ 9.040907, 44.444846 ], [ 9.040706, 44.445126 ], [ 9.04059, 44.445227 ], [ 9.040429, 44.445313 ], [ 9.04029, 44.445423 ], [ 9.04012, 44.445492 ], [ 9.039912, 44.445522 ], [ 9.039658, 44.445589 ], [ 9.039471, 44.445684 ], [ 9.039172, 44.445936 ], [ 9.038653, 44.446629 ], [ 9.038441, 44.446997 ], [ 9.03832, 44.447287 ], [ 9.038375, 44.447601 ], [ 9.038392, 44.447884 ], [ 9.038471, 44.448165 ], [ 9.038483, 44.448273 ], [ 9.038352, 44.448535 ], [ 9.03821, 44.448722 ], [ 9.038059, 44.449069 ], [ 9.037929, 44.449558 ], [ 9.037794, 44.44984 ], [ 9.037687, 44.449962 ], [ 9.037556, 44.450013 ], [ 9.037191, 44.450036 ], [ 9.036893, 44.449968 ], [ 9.036723, 44.449843 ], [ 9.036643, 44.449761 ], [ 9.036453, 44.449618 ], [ 9.036349, 44.449582 ], [ 9.036008, 44.44955 ], [ 9.035239, 44.449602 ], [ 9.034715, 44.44969 ], [ 9.034469, 44.449773 ], [ 9.033958, 44.450105 ], [ 9.033552, 44.450583 ], [ 9.033344, 44.450548 ] ] ] } },
{ "type": "Feature", "properties": { "id": "PIANIFICAZIONE.SIT.PGRA_ITC_FLUVIAL.51714", "decreto": "DCIP_026_2021", "name": "Regionale Liguria", "euuomcode": "ITR071", "data": "2021-12-20T00:00:00", "ambito": "10k", "pericolo": 1, "st_area_sh": 3449.72705, "st_length_": 650.09486686299999 }, "geometry": { "type": "Polygon", "coordinates": [ [ [ 9.029276, 44.451229 ], [ 9.029419, 44.450972 ], [ 9.029455, 44.450987 ], [ 9.029508, 44.450981 ], [ 9.029707, 44.450901 ], [ 9.029801, 44.450845 ], [ 9.029973, 44.450717 ], [ 9.02992, 44.450602 ], [ 9.029873, 44.450583 ], [ 9.029916, 44.450557 ], [ 9.030385, 44.45048 ], [ 9.030663, 44.450502 ], [ 9.030969, 44.450621 ], [ 9.031171, 44.450756 ], [ 9.031341, 44.45089 ], [ 9.031633, 44.451284 ], [ 9.031699, 44.451431 ], [ 9.031738, 44.451563 ], [ 9.031842, 44.451774 ], [ 9.031739, 44.451706 ], [ 9.031251, 44.450985 ], [ 9.031007, 44.450764 ], [ 9.030652, 44.450601 ], [ 9.03018, 44.45066 ], [ 9.030119, 44.450693 ], [ 9.029893, 44.450897 ], [ 9.029609, 44.451086 ], [ 9.029563, 44.4511 ], [ 9.029532, 44.451064 ], [ 9.029276, 44.451229 ] ] ] } },
{ "type": "Feature", "properties": { "id": "PIANIFICAZIONE.SIT.PGRA_ITC_FLUVIAL.52273", "decreto": "DCIP_026_2021", "name": "Regionale Liguria", "euuomcode": "ITR071", "data": "2021-12-20T00:00:00", "ambito": "10k", "pericolo": 1, "st_area_sh": 416.784, "st_length_": 179.605549905 }, "geometry": { "type": "Polygon", "coordinates": [ [ [ 9.033316, 44.451789 ], [ 9.033549, 44.451715 ], [ 9.033661, 44.45165 ], [ 9.033866, 44.451576 ], [ 9.034063, 44.451572 ], [ 9.034116, 44.451554 ], [ 9.034244, 44.451567 ], [ 9.034369, 44.451561 ], [ 9.034218, 44.451598 ], [ 9.034039, 44.451623 ], [ 9.033843, 44.451639 ], [ 9.033663, 44.451727 ], [ 9.033486, 44.451778 ], [ 9.033316, 44.451789 ] ] ] } },
{ "type": "Feature", "properties": { "id": "PIANIFICAZIONE.SIT.PGRA_ITC_FLUVIAL.54750", "decreto": "DCIP_026_2021", "name": "Regionale Liguria", "euuomcode": "ITR071", "data": "2021-12-20T00:00:00", "ambito": "10k", "pericolo": 1, "st_area_sh": 298.4995, "st_length_": 132.896870363 }, "geometry": { "type": "Polygon", "coordinates": [ [ [ 9.032893, 44.451323 ], [ 9.033004, 44.451192 ], [ 9.033152, 44.45086 ], [ 9.033199, 44.450819 ], [ 9.033016, 44.451352 ], [ 9.032893, 44.451323 ] ] ] } },
{ "type": "Feature", "properties": { "id": "PIANIFICAZIONE.SIT.PGRA_ITC_FLUVIAL.55020", "decreto": "DCIP_026_2021", "name": "Regionale Liguria", "euuomcode": "ITR071", "data": "2021-12-20T00:00:00", "ambito": "10k", "pericolo": 3, "st_area_sh": 1221.07935, "st_length_": 375.84688867599999 }, "geometry": { "type": "Polygon", "coordinates": [ [ [ 9.031747, 44.451051 ], [ 9.032084, 44.451391 ], [ 9.03205, 44.451415 ], [ 9.032051, 44.451497 ], [ 9.03208, 44.451607 ], [ 9.032128, 44.451652 ], [ 9.032551, 44.451772 ], [ 9.032655, 44.451769 ], [ 9.032728, 44.451732 ], [ 9.032893, 44.451535 ], [ 9.033095, 44.451371 ], [ 9.033007, 44.451598 ], [ 9.032853, 44.451785 ], [ 9.032724, 44.451852 ], [ 9.032568, 44.451874 ], [ 9.032256, 44.451799 ], [ 9.032121, 44.451718 ], [ 9.032038, 44.451575 ], [ 9.032007, 44.451424 ], [ 9.031949, 44.45131 ], [ 9.031747, 44.451051 ] ] ] } },
{ "type": "Feature", "properties": { "id": "PIANIFICAZIONE.SIT.PGRA_ITC_FLUVIAL.55593", "decreto": "DCIP_026_2021", "name": "Regionale Liguria", "euuomcode": "ITR071", "data": "2021-12-20T00:00:00", "ambito": "10k", "pericolo": 3, "st_area_sh": 12752.7566, "st_length_": 1141.58397999 }, "geometry": { "type": "Polygon", "coordinates": [ [ [ 9.029754, 44.450407 ], [ 9.029757, 44.450391 ], [ 9.029878, 44.450317 ], [ 9.030101, 44.450237 ], [ 9.030366, 44.450206 ], [ 9.03061, 44.450206 ], [ 9.030763, 44.450229 ], [ 9.031016, 44.450318 ], [ 9.031029, 44.450347 ], [ 9.031073, 44.450392 ], [ 9.031113, 44.45042 ], [ 9.031155, 44.450427 ], [ 9.031198, 44.450464 ], [ 9.031538, 44.450809 ], [ 9.031747, 44.451051 ], [ 9.031949, 44.45131 ], [ 9.032007, 44.451424 ], [ 9.032038, 44.451575 ], [ 9.032121, 44.451718 ], [ 9.032256, 44.451799 ], [ 9.032568, 44.451874 ], [ 9.032724, 44.451852 ], [ 9.032853, 44.451785 ], [ 9.033007, 44.451598 ], [ 9.033095, 44.451371 ], [ 9.033165, 44.451042 ], [ 9.033258, 44.450771 ], [ 9.033334, 44.4506 ], [ 9.033553, 44.450641 ], [ 9.033471, 44.451272 ], [ 9.034095, 44.451452 ], [ 9.03406, 44.451545 ], [ 9.034025, 44.451539 ], [ 9.033662, 44.451418 ], [ 9.033468, 44.451369 ], [ 9.033448, 44.45157 ], [ 9.033316, 44.451789 ], [ 9.03326, 44.451849 ], [ 9.033097, 44.451921 ], [ 9.03284, 44.452013 ], [ 9.032589, 44.452038 ], [ 9.032433, 44.452043 ], [ 9.0322, 44.451996 ], [ 9.032026, 44.451901 ], [ 9.031842, 44.451774 ], [ 9.031738, 44.451563 ], [ 9.031699, 44.451431 ], [ 9.031633, 44.451284 ], [ 9.031498, 44.451095 ], [ 9.031341, 44.45089 ], [ 9.031171, 44.450756 ], [ 9.030969, 44.450621 ], [ 9.030663, 44.450502 ], [ 9.030385, 44.45048 ], [ 9.029916, 44.450557 ], [ 9.029754, 44.450407 ] ] ] } },
{ "type": "Feature", "properties": { "id": "PIANIFICAZIONE.SIT.PGRA_ITC_FLUVIAL.56897", "decreto": "DCIP_026_2021", "name": "Regionale Liguria", "euuomcode": "ITR071", "data": "2021-12-20T00:00:00", "ambito": "10k", "pericolo": 3, "st_area_sh": 256.8791, "st_length_": 120.22735617799999 }, "geometry": { "type": "Polygon", "coordinates": [ [ [ 9.034369, 44.451561 ], [ 9.034625, 44.451456 ], [ 9.034812, 44.451407 ], [ 9.034938, 44.451411 ], [ 9.035021, 44.451425 ], [ 9.035082, 44.451446 ], [ 9.034782, 44.45147 ], [ 9.034493, 44.451548 ], [ 9.034369, 44.451561 ] ] ] } },
{ "type": "Feature", "properties": { "id": "PIANIFICAZIONE.SIT.PGRA_ITC_FLUVIAL.57236", "decreto": "DCIP_026_2021", "name": "Regionale Liguria", "euuomcode": "ITR071", "data": "2021-12-20T00:00:00", "ambito": "10k", "pericolo": 1, "st_area_sh": 485.99215, "st_length_": 149.39806040900001 }, "geometry": { "type": "Polygon", "coordinates": [ [ [ 9.008388, 44.454155 ], [ 9.008393, 44.454289 ], [ 9.008431, 44.454466 ], [ 9.008604, 44.454757 ], [ 9.008273, 44.454438 ], [ 9.008251, 44.454393 ], [ 9.008253, 44.454296 ], [ 9.008294, 44.454231 ], [ 9.008388, 44.454155 ] ] ] } },
{ "type": "Feature", "properties": { "id": "PIANIFICAZIONE.SIT.PGRA_ITC_FLUVIAL.63203", "decreto": "DCIP_026_2021", "name": "Regionale Liguria", "euuomcode": "ITR071", "data": "2021-12-20T00:00:00", "ambito": "10k", "pericolo": 3, "st_area_sh": 509.8915, "st_length_": 171.05179452199999 }, "geometry": { "type": "Polygon", "coordinates": [ [ [ 9.033316, 44.451789 ], [ 9.033448, 44.45157 ], [ 9.033468, 44.451369 ], [ 9.033662, 44.451418 ], [ 9.034025, 44.451539 ], [ 9.033903, 44.451531 ], [ 9.033666, 44.451488 ], [ 9.033602, 44.451507 ], [ 9.033534, 44.451561 ], [ 9.033483, 44.451657 ], [ 9.033316, 44.451789 ] ] ] } }
]
}
